src,cm,k,layout,scale,syn_n,dep_unreach,dep_edges,dep_density,dep_bidir,dep_cycle,dep_shadow_frac,dep_cross_per_cell,dep_same_per_cell,dep_maxdom,ord_valid,ord_valid_frac,ord_first_safe
bird,CM1,4,BOT1,1,0,False,0,0.0,0,False,0.0,0.0,0.0,0.0,10,0.4166666666666667,1.0
bird,CM1,4,BOT3,1,0,False,0,0.0,0,False,0.0,0.0,0.0,0.0,10,0.4166666666666667,1.0
bird,CM1,4,COR1,1,0,False,0,0.0,0,False,0.0,0.0,0.0,0.0,18,0.75,1.0
bird,CM1,4,MUL1,1,0,False,0,0.0,0,False,0.0,0.0,0.0,0.0,24,1.0,1.0
bird,CM1,4,MUL4,1,0,False,0,0.0,0,False,0.0,0.0,0.0,0.0,24,1.0,1.0
bird,CM1,4,OPEN,1,0,False,0,0.0,0,False,0.0,0.0,0.0,0.0,24,1.0,1.0
bird,CM1,4,SPB1,1,0,False,0,0.0,0,False,0.0,0.0,0.0,0.0,24,1.0,1.0
bird,CM1,4,SPB3,1,0,False,0,0.0,0,False,0.0,0.0,0.0,0.0,18,0.75,1.0
bird,CM1,4,SPL1,1,0,False,0,0.0,0,False,0.0,0.0,0.0,0.0,24,1.0,1.0
bird,CM10,3,BOT1,1,0,False,0,0.0,0,False,0.0,0.0,0.0,0.0,0,0.0,0.0
bird,CM10,3,BOT2,1,0,False,0,0.0,0,False,0.0,0.0,0.0,0.0,0,0.0,0.0
bird,CM10,3,BOT3,1,0,False,0,0.0,0,False,0.0,0.0,0.0,0.0,0,0.0,0.0
bird,CM10,3,COR1,1,0,False,0,0.0,0,False,0.0,0.0,0.0,0.0,2,0.3333333333333333,0.6666666666666666
bird,CM10,3,COR2,1,0,False,0,0.0,0,False,0.0,0.0,0.0,0.0,2,0.3333333333333333,0.6666666666666666
bird,CM10,3,COR3,1,0,False,0,0.0,0,False,0.0,0.0,0.0,0.0,0,0.0,0.0
bird,CM10,3,MUL1,1,0,False,0,0.0,0,False,0.0,0.0,0.0,0.0,6,1.0,1.0
bird,CM1,3,SPB1,1,0,False,0,0.0,0,False,0.0,0.0,0.0,0.0,6,1.0,1.0
bird,CM1,3,SPB1,2,0,False,0,0.0,0,False,0.0,0.0,0.0,0.0,6,1.0,1.0
bird,CM1,3,SPB2,1,0,False,0,0.0,0,False,0.0,0.0,0.0,0.0,6,1.0,1.0
bird,CM1,3,SPB3,1,0,False,0,0.0,0,False,0.0,0.0,0.0,0.0,4,0.6666666666666666,1.0
bird,CM1,3,SPL1,1,0,False,0,0.0,0,False,0.0,0.0,0.0,0.0,6,1.0,1.0
bird,CM1,3,SPL1,2,0,False,0,0.0,0,False,0.0,0.0,0.0,0.0,6,1.0,1.0
bird,CM1,3,SPL2,1,0,False,0,0.0,0,False,0.0,0.0,0.0,0.0,6,1.0,1.0
bird,CM1,3,SPL3,1,0,False,0,0.0,0,False,0.0,0.0,0.0,0.0,6,1.0,1.0
bird,CM1,3,MUL1,1,0,False,0,0.0,0,False,0.0,0.0,0.0,0.0,6,1.0,1.0
bird,CM1,3,MUL1,2,0,False,0,0.0,0,False,0.0,0.0,0.0,0.0,6,1.0,1.0
bird,CM1,3,MUL2,1,0,False,0,0.0,0,False,0.0,0.0,0.0,0.0,6,1.0,1.0
bird,CM1,3,MUL3,1,0,False,0,0.0,0,False,0.0,0.0,0.0,0.0,6,1.0,1.0
bird,CM1,3,MUL4,1,0,False,0,0.0,0,False,0.0,0.0,0.0,0.0,6,1.0,1.0
bird,CM1,3,MUL5,1,0,False,0,0.0,0,False,0.0,0.0,0.0,0.0,6,1.0,1.0
bird,CM1,3,OPEN,1,0,False,0,0.0,0,False,0.0,0.0,0.0,0.0,6,1.0,1.0
bird,CM1,3,OPEN,2,0,False,0,0.0,0,False,0.0,0.0,0.0,0.0,6,1.0,1.0
bird,CM10,3,SPL1,1,0,False,0,0.0,0,False,0.0,0.0,0.0,0.0,6,1.0,1.0
bird,CM10,3,SPL2,1,0,False,0,0.0,0,False,0.0,0.0,0.0,0.0,6,1.0,1.0
bird,CM10,3,SPL3,1,0,False,0,0.0,0,False,0.0,0.0,0.0,0.0,4,0.6666666666666666,1.0
bird,CM10,4,BOT1,1,0,False,0,0.0,0,False,0.0,0.0,0.0,0.0,0,0.0,0.0
bird,CM10,4,BOT3,1,0,False,0,0.0,0,False,0.0,0.0,0.0,0.0,0,0.0,0.0
bird,CM10,4,COR1,1,0,False,0,0.0,0,False,0.0,0.0,0.0,0.0,0,0.0,0.0
bird,CM10,4,MUL1,1,0,False,0,0.0,0,False,0.0,0.0,0.0,0.0,12,0.5,1.0
bird,CM10,4,MUL4,1,0,False,0,0.0,0,False,0.0,0.0,0.0,0.0,12,0.5,1.0
bird,CM10,3,MUL2,1,0,False,0,0.0,0,False,0.0,0.0,0.0,0.0,6,1.0,1.0
bird,CM10,3,MUL3,1,0,False,0,0.0,0,False,0.0,0.0,0.0,0.0,6,1.0,1.0
bird,CM10,3,MUL4,1,0,False,0,0.0,0,False,0.0,0.0,0.0,0.0,6,1.0,1.0
bird,CM10,3,MUL5,1,0,False,0,0.0,0,False,0.0,0.0,0.0,0.0,2,0.3333333333333333,0.6666666666666666
bird,CM10,3,OPEN,1,0,False,0,0.0,0,False,0.0,0.0,0.0,0.0,6,1.0,1.0
bird,CM10,3,SPB1,1,0,False,0,0.0,0,False,0.0,0.0,0.0,0.0,4,0.6666666666666666,1.0
bird,CM10,3,SPB2,1,0,False,0,0.0,0,False,0.0,0.0,0.0,0.0,4,0.6666666666666666,1.0
bird,CM10,3,SPB3,1,0,False,0,0.0,0,False,0.0,0.0,0.0,0.0,0,0.0,0.0
bird,CM10,4,OPEN,1,0,False,0,0.0,0,False,0.0,0.0,0.0,0.0,18,0.75,1.0
bird,CM10,4,SPB1,1,0,False,0,0.0,0,False,0.0,0.0,0.0,0.0,12,0.5,1.0
bird,CM10,4,SPB3,1,0,False,0,0.0,0,False,0.0,0.0,0.0,0.0,6,0.25,0.75
bird,CM10,4,SPL1,1,0,False,0,0.0,0,False,0.0,0.0,0.0,0.0,18,0.75,1.0
bird,CM2,3,BOT1,1,0,False,0,0.0,0,False,0.0,0.0,0.0,0.0,2,0.3333333333333333,0.6666666666666666
bird,CM2,3,BOT2,1,0,False,0,0.0,0,False,0.0,0.0,0.0,0.0,4,0.6666666666666666,1.0
bird,CM2,3,BOT3,1,0,False,0,0.0,0,False,0.0,0.0,0.0,0.0,4,0.6666666666666666,1.0
bird,CM2,3,COR1,1,0,False,0,0.0,0,False,0.0,0.0,0.0,0.0,4,0.6666666666666666,1.0
bird,CM2,3,SPB1,1,0,False,0,0.0,0,False,0.0,0.0,0.0,0.0,6,1.0,1.0
bird,CM2,3,SPB2,1,0,False,0,0.0,0,False,0.0,0.0,0.0,0.0,6,1.0,1.0
bird,CM2,3,SPB3,1,0,False,0,0.0,0,False,0.0,0.0,0.0,0.0,6,1.0,1.0
bird,CM2,3,SPL1,1,0,False,0,0.0,0,False,0.0,0.0,0.0,0.0,6,1.0,1.0
bird,CM2,3,SPL2,1,0,False,0,0.0,0,False,0.0,0.0,0.0,0.0,6,1.0,1.0
bird,CM2,3,SPL3,1,0,False,0,0.0,0,False,0.0,0.0,0.0,0.0,6,1.0,1.0
bird,CM2,4,BOT1,1,0,False,0,0.0,0,False,0.0,0.0,0.0,0.0,4,0.16666666666666666,0.75
bird,CM2,4,BOT3,1,0,False,0,0.0,0,False,0.0,0.0,0.0,0.0,8,0.3333333333333333,1.0
bird,CM2,3,COR2,1,0,False,0,0.0,0,False,0.0,0.0,0.0,0.0,4,0.6666666666666666,1.0
bird,CM2,3,COR3,1,0,False,0,0.0,0,False,0.0,0.0,0.0,0.0,4,0.6666666666666666,1.0
bird,CM2,3,MUL1,1,0,False,0,0.0,0,False,0.0,0.0,0.0,0.0,6,1.0,1.0
bird,CM2,3,MUL2,1,0,False,0,0.0,0,False,0.0,0.0,0.0,0.0,6,1.0,1.0
bird,CM2,3,MUL3,1,0,False,0,0.0,0,False,0.0,0.0,0.0,0.0,6,1.0,1.0
bird,CM2,3,MUL4,1,0,False,0,0.0,0,False,0.0,0.0,0.0,0.0,6,1.0,1.0
bird,CM2,3,MUL5,1,0,False,0,0.0,0,False,0.0,0.0,0.0,0.0,4,0.6666666666666666,1.0
bird,CM2,3,OPEN,1,0,False,0,0.0,0,False,0.0,0.0,0.0,0.0,6,1.0,1.0
bird,CM2,4,COR1,1,0,False,0,0.0,0,False,0.0,0.0,0.0,0.0,16,0.6666666666666666,1.0
bird,CM2,4,MUL1,1,0,False,0,0.0,0,False,0.0,0.0,0.0,0.0,24,1.0,1.0
bird,CM2,4,MUL4,1,0,False,0,0.0,0,False,0.0,0.0,0.0,0.0,24,1.0,1.0
bird,CM2,4,OPEN,1,0,False,0,0.0,0,False,0.0,0.0,0.0,0.0,24,1.0,1.0
bird,CM2,4,SPB1,1,0,False,0,0.0,0,False,0.0,0.0,0.0,0.0,24,1.0,1.0
bird,CM2,4,SPB3,1,0,False,0,0.0,0,False,0.0,0.0,0.0,0.0,16,0.6666666666666666,1.0
bird,CM2,4,SPL1,1,0,False,0,0.0,0,False,0.0,0.0,0.0,0.0,24,1.0,1.0
bird,CM3,3,BOT1,1,0,False,0,0.0,0,False,0.0,0.0,0.0,0.0,3,0.5,0.6666666666666666
bird,CM3,3,BOT2,1,0,False,0,0.0,0,False,0.0,0.0,0.0,0.0,2,0.3333333333333333,0.6666666666666666
bird,CM3,3,BOT3,1,0,False,0,0.0,0,False,0.0,0.0,0.0,0.0,3,0.5,0.6666666666666666
bird,CM3,3,COR1,1,0,False,0,0.0,0,False,0.0,0.0,0.0,0.0,3,0.5,0.6666666666666666
bird,CM3,3,COR2,1,0,False,0,0.0,0,False,0.0,0.0,0.0,0.0,3,0.5,0.6666666666666666
bird,CM3,3,COR3,1,0,False,0,0.0,0,False,0.0,0.0,0.0,0.0,3,0.5,0.6666666666666666
bird,CM3,3,MUL1,1,0,False,0,0.0,0,False,0.0,0.0,0.0,0.0,3,0.5,0.6666666666666666
bird,CM3,3,MUL2,1,0,False,0,0.0,0,False,0.0,0.0,0.0,0.0,3,0.5,0.6666666666666666
bird,CM3,3,MUL3,1,0,False,0,0.0,0,False,0.0,0.0,0.0,0.0,3,0.5,0.6666666666666666
bird,CM3,3,MUL4,1,0,False,0,0.0,0,False,0.0,0.0,0.0,0.0,3,0.5,0.6666666666666666
bird,CM3,3,MUL5,1,0,False,0,0.0,0,False,0.0,0.0,0.0,0.0,3,0.5,0.6666666666666666
bird,CM3,3,OPEN,1,0,False,0,0.0,0,False,0.0,0.0,0.0,0.0,3,0.5,0.6666666666666666
bird,CM3,3,SPB1,1,0,False,0,0.0,0,False,0.0,0.0,0.0,0.0,3,0.5,0.6666666666666666
bird,CM3,3,SPB2,1,0,False,0,0.0,0,False,0.0,0.0,0.0,0.0,3,0.5,0.6666666666666666
bird,CM3,3,SPB3,1,0,False,0,0.0,0,False,0.0,0.0,0.0,0.0,3,0.5,0.6666666666666666
bird,CM3,3,SPL1,1,0,False,0,0.0,0,False,0.0,0.0,0.0,0.0,3,0.5,0.6666666666666666
bird,CM3,3,SPL2,1,0,False,0,0.0,0,False,0.0,0.0,0.0,0.0,3,0.5,0.6666666666666666
bird,CM1,3,BOT1,1,0,False,0,0.0,0,False,0.0,0.0,0.0,0.0,4,0.6666666666666666,1.0
bird,CM1,3,BOT1,2,0,False,0,0.0,0,False,0.0,0.0,0.0,0.0,4,0.6666666666666666,1.0
bird,CM1,3,BOT2,1,0,False,0,0.0,0,False,0.0,0.0,0.0,0.0,2,0.3333333333333333,0.6666666666666666
bird,CM1,3,BOT3,1,0,False,0,0.0,0,False,0.0,0.0,0.0,0.0,4,0.6666666666666666,1.0
bird,CM1,3,COR1,1,0,False,0,0.0,0,False,0.0,0.0,0.0,0.0,6,1.0,1.0
bird,CM1,3,COR1,2,0,False,0,0.0,0,False,0.0,0.0,0.0,0.0,6,1.0,1.0
bird,CM1,3,COR2,1,0,False,0,0.0,0,False,0.0,0.0,0.0,0.0,6,1.0,1.0
bird,CM1,3,COR3,1,0,False,0,0.0,0,False,0.0,0.0,0.0,0.0,4,0.6666666666666666,1.0
bird,CM3,4,SPB3,1,0,False,0,0.0,0,False,0.0,0.0,0.0,0.0,12,0.5,0.75
bird,CM3,4,SPL1,1,0,False,0,0.0,0,False,0.0,0.0,0.0,0.0,12,0.5,0.75
bird,CM4,3,BOT1,1,0,False,0,0.0,0,False,0.0,0.0,0.0,0.0,3,0.5,0.6666666666666666
bird,CM4,3,BOT2,1,0,False,0,0.0,0,False,0.0,0.0,0.0,0.0,3,0.5,0.6666666666666666
bird,CM4,3,BOT3,1,0,False,0,0.0,0,False,0.0,0.0,0.0,0.0,3,0.5,0.6666666666666666
bird,CM4,3,COR1,1,0,False,0,0.0,0,False,0.0,0.0,0.0,0.0,6,1.0,1.0
bird,CM4,3,COR2,1,0,False,0,0.0,0,False,0.0,0.0,0.0,0.0,3,0.5,0.6666666666666666
bird,CM4,3,COR3,1,0,False,0,0.0,0,False,0.0,0.0,0.0,0.0,3,0.5,0.6666666666666666
bird,CM3,3,SPL3,1,0,False,0,0.0,0,False,0.0,0.0,0.0,0.0,3,0.5,0.6666666666666666
bird,CM3,4,BOT1,1,0,False,0,0.0,0,False,0.0,0.0,0.0,0.0,8,0.3333333333333333,0.75
bird,CM3,4,BOT3,1,0,False,0,0.0,0,False,0.0,0.0,0.0,0.0,8,0.3333333333333333,0.75
bird,CM3,4,COR1,1,0,False,0,0.0,0,False,0.0,0.0,0.0,0.0,12,0.5,0.75
bird,CM3,4,MUL1,1,0,False,0,0.0,0,False,0.0,0.0,0.0,0.0,12,0.5,0.75
bird,CM3,4,MUL4,1,0,False,0,0.0,0,False,0.0,0.0,0.0,0.0,12,0.5,0.75
bird,CM3,4,OPEN,1,0,False,0,0.0,0,False,0.0,0.0,0.0,0.0,12,0.5,0.75
bird,CM3,4,SPB1,1,0,False,0,0.0,0,False,0.0,0.0,0.0,0.0,12,0.5,0.75
bird,CM4,3,MUL1,1,0,False,0,0.0,0,False,0.0,0.0,0.0,0.0,6,1.0,1.0
bird,CM4,3,MUL2,1,0,False,0,0.0,0,False,0.0,0.0,0.0,0.0,6,1.0,1.0
bird,CM4,3,MUL3,1,0,False,0,0.0,0,False,0.0,0.0,0.0,0.0,6,1.0,1.0
bird,CM4,3,MUL4,1,0,False,0,0.0,0,False,0.0,0.0,0.0,0.0,6,1.0,1.0
bird,CM4,3,MUL5,1,0,False,0,0.0,0,False,0.0,0.0,0.0,0.0,3,0.5,0.6666666666666666
bird,CM4,3,OPEN,1,0,False,0,0.0,0,False,0.0,0.0,0.0,0.0,6,1.0,1.0
bird,CM4,3,SPB1,1,0,False,0,0.0,0,False,0.0,0.0,0.0,0.0,6,1.0,1.0
bird,CM4,3,SPB2,1,0,False,0,0.0,0,False,0.0,0.0,0.0,0.0,6,1.0,1.0
bird,CM4,3,SPB3,1,0,False,0,0.0,0,False,0.0,0.0,0.0,0.0,6,1.0,1.0
bird,CM4,3,SPL1,1,0,False,0,0.0,0,False,0.0,0.0,0.0,0.0,6,1.0,1.0
bird,CM4,3,SPL2,1,0,False,0,0.0,0,False,0.0,0.0,0.0,0.0,6,1.0,1.0
bird,CM4,3,SPL3,1,0,False,0,0.0,0,False,0.0,0.0,0.0,0.0,6,1.0,1.0
bird,CM4,4,BOT1,1,0,False,0,0.0,0,False,0.0,0.0,0.0,0.0,8,0.3333333333333333,0.75
bird,CM4,4,BOT3,1,0,False,0,0.0,0,False,0.0,0.0,0.0,0.0,8,0.3333333333333333,0.75
bird,CM4,4,COR1,1,0,False,0,0.0,0,False,0.0,0.0,0.0,0.0,24,1.0,1.0
bird,CM4,4,MUL1,1,0,False,0,0.0,0,False,0.0,0.0,0.0,0.0,24,1.0,1.0
bird,CM4,4,MUL4,1,0,False,0,0.0,0,False,0.0,0.0,0.0,0.0,24,1.0,1.0
bird,CM4,4,OPEN,1,0,False,0,0.0,0,False,0.0,0.0,0.0,0.0,24,1.0,1.0
bird,CM4,4,SPB1,1,0,False,0,0.0,0,False,0.0,0.0,0.0,0.0,24,1.0,1.0
bird,CM4,4,SPB3,1,0,False,0,0.0,0,False,0.0,0.0,0.0,0.0,16,0.6666666666666666,1.0
bird,CM4,4,SPL1,1,0,False,0,0.0,0,False,0.0,0.0,0.0,0.0,24,1.0,1.0
bird,CM5,3,BOT1,1,0,False,0,0.0,0,False,0.0,0.0,0.0,0.0,0,0.0,0.0
bird,CM5,3,BOT1,2,0,False,0,0.0,0,False,0.0,0.0,0.0,0.0,0,0.0,0.0
bird,CM5,3,BOT2,1,0,False,0,0.0,0,False,0.0,0.0,0.0,0.0,0,0.0,0.0
bird,CM5,3,SPB3,1,0,False,0,0.0,0,False,0.0,0.0,0.0,0.0,0,0.0,0.0
bird,CM5,3,SPL1,1,0,False,0,0.0,0,False,0.0,0.0,0.0,0.0,0,0.0,0.0
bird,CM5,3,SPL1,2,0,False,0,0.0,0,False,0.0,0.0,0.0,0.0,0,0.0,0.0
bird,CM5,3,SPL2,1,0,False,0,0.0,0,False,0.0,0.0,0.0,0.0,0,0.0,0.0
bird,CM5,3,SPL3,1,0,False,0,0.0,0,False,0.0,0.0,0.0,0.0,0,0.0,0.0
bird,CM5,4,BOT1,1,0,False,0,0.0,0,False,0.0,0.0,0.0,0.0,0,0.0,0.0
bird,CM5,4,BOT3,1,0,False,0,0.0,0,False,0.0,0.0,0.0,0.0,0,0.0,0.0
bird,CM5,4,COR1,1,0,False,0,0.0,0,False,0.0,0.0,0.0,0.0,0,0.0,0.0
bird,CM5,3,BOT3,1,0,False,0,0.0,0,False,0.0,0.0,0.0,0.0,0,0.0,0.0
bird,CM5,3,COR1,1,0,False,0,0.0,0,False,0.0,0.0,0.0,0.0,0,0.0,0.0
bird,CM5,3,COR1,2,0,False,0,0.0,0,False,0.0,0.0,0.0,0.0,0,0.0,0.0
bird,CM5,3,COR2,1,0,False,0,0.0,0,False,0.0,0.0,0.0,0.0,0,0.0,0.0
bird,CM5,3,COR3,1,0,False,0,0.0,0,False,0.0,0.0,0.0,0.0,0,0.0,0.0
bird,CM5,3,MUL1,1,0,False,0,0.0,0,False,0.0,0.0,0.0,0.0,0,0.0,0.0
bird,CM5,3,MUL1,2,0,False,0,0.0,0,False,0.0,0.0,0.0,0.0,0,0.0,0.0
bird,CM5,3,MUL2,1,0,False,0,0.0,0,False,0.0,0.0,0.0,0.0,0,0.0,0.0
bird,CM5,4,MUL1,1,0,False,0,0.0,0,False,0.0,0.0,0.0,0.0,0,0.0,0.0
bird,CM5,4,MUL4,1,0,False,0,0.0,0,False,0.0,0.0,0.0,0.0,0,0.0,0.0
bird,CM5,4,OPEN,1,0,False,0,0.0,0,False,0.0,0.0,0.0,0.0,0,0.0,0.0
bird,CM5,4,SPB1,1,0,False,0,0.0,0,False,0.0,0.0,0.0,0.0,0,0.0,0.0
bird,CM5,4,SPB3,1,0,False,0,0.0,0,False,0.0,0.0,0.0,0.0,0,0.0,0.0
bird,CM5,4,SPL1,1,0,False,0,0.0,0,False,0.0,0.0,0.0,0.0,0,0.0,0.0
bird,CM6,3,BOT1,1,0,False,0,0.0,0,False,0.0,0.0,0.0,0.0,2,0.3333333333333333,0.6666666666666666
bird,CM6,3,BOT2,1,0,False,0,0.0,0,False,0.0,0.0,0.0,0.0,1,0.16666666666666666,0.3333333333333333
bird,CM5,3,MUL3,1,0,False,0,0.0,0,False,0.0,0.0,0.0,0.0,0,0.0,0.0
bird,CM5,3,MUL4,1,0,False,0,0.0,0,False,0.0,0.0,0.0,0.0,0,0.0,0.0
bird,CM5,3,MUL5,1,0,False,0,0.0,0,False,0.0,0.0,0.0,0.0,0,0.0,0.0
bird,CM5,3,OPEN,1,0,False,0,0.0,0,False,0.0,0.0,0.0,0.0,0,0.0,0.0
bird,CM5,3,OPEN,2,0,False,0,0.0,0,False,0.0,0.0,0.0,0.0,0,0.0,0.0
bird,CM5,3,SPB1,1,0,False,0,0.0,0,False,0.0,0.0,0.0,0.0,0,0.0,0.0
bird,CM5,3,SPB1,2,0,False,0,0.0,0,False,0.0,0.0,0.0,0.0,0,0.0,0.0
bird,CM5,3,SPB2,1,0,False,0,0.0,0,False,0.0,0.0,0.0,0.0,0,0.0,0.0
bird,CM6,3,BOT3,1,0,False,0,0.0,0,False,0.0,0.0,0.0,0.0,2,0.3333333333333333,0.6666666666666666
bird,CM6,3,COR1,1,0,False,0,0.0,0,False,0.0,0.0,0.0,0.0,4,0.6666666666666666,1.0
bird,CM6,3,COR2,1,0,False,0,0.0,0,False,0.0,0.0,0.0,0.0,4,0.6666666666666666,1.0
bird,CM6,3,COR3,1,0,False,0,0.0,0,False,0.0,0.0,0.0,0.0,2,0.3333333333333333,0.6666666666666666
bird,CM6,3,MUL1,1,0,False,0,0.0,0,False,0.0,0.0,0.0,0.0,6,1.0,1.0
bird,CM6,3,MUL2,1,0,False,0,0.0,0,False,0.0,0.0,0.0,0.0,6,1.0,1.0
bird,CM6,3,MUL3,1,0,False,0,0.0,0,False,0.0,0.0,0.0,0.0,6,1.0,1.0
bird,CM6,3,MUL4,1,0,False,0,0.0,0,False,0.0,0.0,0.0,0.0,6,1.0,1.0
bird,CM6,3,MUL5,1,0,False,0,0.0,0,False,0.0,0.0,0.0,0.0,4,0.6666666666666666,1.0
bird,CM6,3,OPEN,1,0,False,0,0.0,0,False,0.0,0.0,0.0,0.0,6,1.0,1.0
bird,CM6,3,SPB1,1,0,False,0,0.0,0,False,0.0,0.0,0.0,0.0,3,0.5,0.6666666666666666
bird,CM6,3,SPB2,1,0,False,0,0.0,0,False,0.0,0.0,0.0,0.0,3,0.5,0.6666666666666666
bird,CM6,3,SPB3,1,0,False,0,0.0,0,False,0.0,0.0,0.0,0.0,3,0.5,0.6666666666666666
bird,CM6,3,SPL1,1,0,False,0,0.0,0,False,0.0,0.0,0.0,0.0,6,1.0,1.0
bird,CM6,3,SPL2,1,0,False,0,0.0,0,False,0.0,0.0,0.0,0.0,6,1.0,1.0
bird,CM6,3,SPL3,1,0,False,0,0.0,0,False,0.0,0.0,0.0,0.0,3,0.5,0.6666666666666666
bird,CM6,4,BOT1,1,0,False,0,0.0,0,False,0.0,0.0,0.0,0.0,8,0.3333333333333333,0.75
bird,CM6,4,BOT3,1,0,False,0,0.0,0,False,0.0,0.0,0.0,0.0,9,0.375,0.75
bird,CM6,4,COR1,1,0,False,0,0.0,0,False,0.0,0.0,0.0,0.0,16,0.6666666666666666,1.0
bird,CM6,4,MUL1,1,0,False,0,0.0,0,False,0.0,0.0,0.0,0.0,24,1.0,1.0
bird,CM6,4,MUL4,1,0,False,0,0.0,0,False,0.0,0.0,0.0,0.0,24,1.0,1.0
bird,CM6,4,OPEN,1,0,False,0,0.0,0,False,0.0,0.0,0.0,0.0,24,1.0,1.0
bird,CM6,4,SPB1,1,0,False,0,0.0,0,False,0.0,0.0,0.0,0.0,12,0.5,0.75
bird,CM6,4,SPB3,1,0,False,0,0.0,0,False,0.0,0.0,0.0,0.0,12,0.5,0.75
bird,CM7,3,COR3,1,0,False,0,0.0,0,False,0.0,0.0,0.0,0.0,2,0.3333333333333333,0.6666666666666666
bird,CM7,3,MUL1,1,0,False,0,0.0,0,False,0.0,0.0,0.0,0.0,2,0.3333333333333333,0.6666666666666666
bird,CM7,3,MUL1,2,0,False,0,0.0,0,False,0.0,0.0,0.0,0.0,2,0.3333333333333333,0.6666666666666666
bird,CM7,3,MUL2,1,0,False,0,0.0,0,False,0.0,0.0,0.0,0.0,2,0.3333333333333333,0.6666666666666666
bird,CM7,3,MUL3,1,0,False,0,0.0,0,False,0.0,0.0,0.0,0.0,2,0.3333333333333333,0.6666666666666666
bird,CM7,3,MUL4,1,0,False,0,0.0,0,False,0.0,0.0,0.0,0.0,2,0.3333333333333333,0.6666666666666666
bird,CM7,3,MUL5,1,0,False,0,0.0,0,False,0.0,0.0,0.0,0.0,2,0.3333333333333333,0.6666666666666666
bird,CM7,3,OPEN,1,0,False,0,0.0,0,False,0.0,0.0,0.0,0.0,2,0.3333333333333333,0.6666666666666666
bird,CM7,3,SPL3,1,0,False,0,0.0,0,False,0.0,0.0,0.0,0.0,2,0.3333333333333333,0.6666666666666666
bird,CM7,4,BOT1,1,0,False,0,0.0,0,False,0.0,0.0,0.0,0.0,0,0.0,0.0
bird,CM7,4,BOT3,1,0,False,0,0.0,0,False,0.0,0.0,0.0,0.0,2,0.08333333333333333,0.5
bird,CM7,4,COR1,1,0,False,0,0.0,0,False,0.0,0.0,0.0,0.0,0,0.0,0.0
bird,CM7,4,MUL1,1,0,False,0,0.0,0,False,0.0,0.0,0.0,0.0,4,0.16666666666666666,0.75
bird,CM7,4,MUL4,1,0,False,0,0.0,0,False,0.0,0.0,0.0,0.0,4,0.16666666666666666,0.75
bird,CM7,4,OPEN,1,0,False,0,0.0,0,False,0.0,0.0,0.0,0.0,4,0.16666666666666666,0.75
bird,CM7,4,SPB1,1,0,False,0,0.0,0,False,0.0,0.0,0.0,0.0,4,0.16666666666666666,0.75
bird,CM6,4,SPL1,1,0,False,0,0.0,0,False,0.0,0.0,0.0,0.0,24,1.0,1.0
bird,CM7,3,BOT1,1,0,False,0,0.0,0,False,0.0,0.0,0.0,0.0,0,0.0,0.0
bird,CM7,3,BOT1,2,0,False,0,0.0,0,False,0.0,0.0,0.0,0.0,0,0.0,0.0
bird,CM7,3,BOT2,1,0,False,0,0.0,0,False,0.0,0.0,0.0,0.0,2,0.3333333333333333,0.6666666666666666
bird,CM7,3,BOT3,1,0,False,0,0.0,0,False,0.0,0.0,0.0,0.0,2,0.3333333333333333,0.6666666666666666
bird,CM7,3,COR1,1,0,False,0,0.0,0,False,0.0,0.0,0.0,0.0,0,0.0,0.0
bird,CM7,3,COR1,2,0,False,0,0.0,0,False,0.0,0.0,0.0,0.0,0,0.0,0.0
bird,CM7,3,COR2,1,0,False,0,0.0,0,False,0.0,0.0,0.0,0.0,2,0.3333333333333333,0.6666666666666666
bird,CM8,3,COR2,1,0,False,0,0.0,0,False,0.0,0.0,0.0,0.0,2,0.3333333333333333,0.6666666666666666
bird,CM8,3,COR3,1,0,False,0,0.0,0,False,0.0,0.0,0.0,0.0,2,0.3333333333333333,0.6666666666666666
bird,CM8,3,MUL1,1,0,False,0,0.0,0,False,0.0,0.0,0.0,0.0,2,0.3333333333333333,0.6666666666666666
bird,CM8,3,MUL1,2,0,False,0,0.0,0,False,0.0,0.0,0.0,0.0,2,0.3333333333333333,0.6666666666666666
bird,CM8,3,MUL2,1,0,False,0,0.0,0,False,0.0,0.0,0.0,0.0,2,0.3333333333333333,0.6666666666666666
bird,CM8,3,MUL3,1,0,False,0,0.0,0,False,0.0,0.0,0.0,0.0,2,0.3333333333333333,0.6666666666666666
bird,CM8,3,MUL4,1,0,False,0,0.0,0,False,0.0,0.0,0.0,0.0,2,0.3333333333333333,0.6666666666666666
bird,CM8,3,MUL5,1,0,False,0,0.0,0,False,0.0,0.0,0.0,0.0,2,0.3333333333333333,0.6666666666666666
bird,CM7,4,SPB3,1,0,False,0,0.0,0,False,0.0,0.0,0.0,0.0,2,0.08333333333333333,0.5
bird,CM7,4,SPL1,1,0,False,0,0.0,0,False,0.0,0.0,0.0,0.0,4,0.16666666666666666,0.75
bird,CM8,3,BOT1,1,0,False,0,0.0,0,False,0.0,0.0,0.0,0.0,0,0.0,0.0
bird,CM8,3,BOT1,2,0,False,0,0.0,0,False,0.0,0.0,0.0,0.0,0,0.0,0.0
bird,CM8,3,BOT2,1,0,False,0,0.0,0,False,0.0,0.0,0.0,0.0,2,0.3333333333333333,0.6666666666666666
bird,CM8,3,BOT3,1,0,False,0,0.0,0,False,0.0,0.0,0.0,0.0,2,0.3333333333333333,0.6666666666666666
bird,CM8,3,COR1,1,0,False,0,0.0,0,False,0.0,0.0,0.0,0.0,2,0.3333333333333333,0.6666666666666666
bird,CM8,3,COR1,2,0,False,0,0.0,0,False,0.0,0.0,0.0,0.0,2,0.3333333333333333,0.6666666666666666
bird,CM8,3,SPL2,1,0,False,0,0.0,0,False,0.0,0.0,0.0,0.0,2,0.3333333333333333,0.6666666666666666
bird,CM8,3,SPL3,1,0,False,0,0.0,0,False,0.0,0.0,0.0,0.0,2,0.3333333333333333,0.6666666666666666
bird,CM8,4,BOT1,1,0,False,0,0.0,0,False,0.0,0.0,0.0,0.0,4,0.16666666666666666,0.75
bird,CM8,4,BOT3,1,0,False,0,0.0,0,False,0.0,0.0,0.0,0.0,8,0.3333333333333333,1.0
bird,CM8,4,COR1,1,0,False,0,0.0,0,False,0.0,0.0,0.0,0.0,8,0.3333333333333333,1.0
bird,CM8,4,MUL1,1,0,False,0,0.0,0,False,0.0,0.0,0.0,0.0,8,0.3333333333333333,1.0
bird,CM8,4,MUL4,1,0,False,0,0.0,0,False,0.0,0.0,0.0,0.0,8,0.3333333333333333,1.0
bird,CM8,4,OPEN,1,0,False,0,0.0,0,False,0.0,0.0,0.0,0.0,8,0.3333333333333333,1.0
bird,CM7,3,OPEN,2,0,False,0,0.0,0,False,0.0,0.0,0.0,0.0,2,0.3333333333333333,0.6666666666666666
bird,CM7,3,SPB1,1,0,False,0,0.0,0,False,0.0,0.0,0.0,0.0,2,0.3333333333333333,0.6666666666666666
bird,CM7,3,SPB1,2,0,False,0,0.0,0,False,0.0,0.0,0.0,0.0,2,0.3333333333333333,0.6666666666666666
bird,CM7,3,SPB2,1,0,False,0,0.0,0,False,0.0,0.0,0.0,0.0,2,0.3333333333333333,0.6666666666666666
bird,CM7,3,SPB3,1,0,False,0,0.0,0,False,0.0,0.0,0.0,0.0,2,0.3333333333333333,0.6666666666666666
bird,CM7,3,SPL1,1,0,False,0,0.0,0,False,0.0,0.0,0.0,0.0,2,0.3333333333333333,0.6666666666666666
bird,CM7,3,SPL1,2,0,False,0,0.0,0,False,0.0,0.0,0.0,0.0,2,0.3333333333333333,0.6666666666666666
bird,CM7,3,SPL2,1,0,False,0,0.0,0,False,0.0,0.0,0.0,0.0,2,0.3333333333333333,0.6666666666666666
bird,CM8,4,SPB1,1,0,False,0,0.0,0,False,0.0,0.0,0.0,0.0,8,0.3333333333333333,1.0
bird,CM8,4,SPB3,1,0,False,0,0.0,0,False,0.0,0.0,0.0,0.0,8,0.3333333333333333,1.0
bird,CM8,4,SPL1,1,0,False,0,0.0,0,False,0.0,0.0,0.0,0.0,8,0.3333333333333333,1.0
bird,CM9,3,BOT1,1,0,False,0,0.0,0,False,0.0,0.0,0.0,0.0,2,0.3333333333333333,0.6666666666666666
bird,CM9,3,BOT2,1,0,False,0,0.0,0,False,0.0,0.0,0.0,0.0,2,0.3333333333333333,0.6666666666666666
bird,CM9,3,BOT3,1,0,False,0,0.0,0,False,0.0,0.0,0.0,0.0,4,0.6666666666666666,1.0
bird,CM9,3,COR1,1,0,False,0,0.0,0,False,0.0,0.0,0.0,0.0,6,1.0,1.0
bird,CM9,3,COR2,1,0,False,0,0.0,0,False,0.0,0.0,0.0,0.0,6,1.0,1.0
bird,CM9,3,COR3,1,0,False,0,0.0,0,False,0.0,0.0,0.0,0.0,4,0.6666666666666666,1.0
bird,CM9,3,MUL1,1,0,False,0,0.0,0,False,0.0,0.0,0.0,0.0,6,1.0,1.0
bird,CM9,3,MUL2,1,0,False,0,0.0,0,False,0.0,0.0,0.0,0.0,6,1.0,1.0
bird,CM9,3,MUL3,1,0,False,0,0.0,0,False,0.0,0.0,0.0,0.0,6,1.0,1.0
bird,CM9,3,MUL4,1,0,False,0,0.0,0,False,0.0,0.0,0.0,0.0,6,1.0,1.0
bird,CM9,3,MUL5,1,0,False,0,0.0,0,False,0.0,0.0,0.0,0.0,6,1.0,1.0
bird,CM9,3,OPEN,1,0,False,0,0.0,0,False,0.0,0.0,0.0,0.0,6,1.0,1.0
bird,CM9,3,SPB1,1,0,False,0,0.0,0,False,0.0,0.0,0.0,0.0,6,1.0,1.0
bird,CM9,3,SPB2,1,0,False,0,0.0,0,False,0.0,0.0,0.0,0.0,6,1.0,1.0
bird,CM9,3,SPB3,1,0,False,0,0.0,0,False,0.0,0.0,0.0,0.0,4,0.6666666666666666,1.0
bird,CM9,3,SPL1,1,0,False,0,0.0,0,False,0.0,0.0,0.0,0.0,6,1.0,1.0
bird,CM9,3,SPL2,1,0,False,0,0.0,0,False,0.0,0.0,0.0,0.0,6,1.0,1.0
bird,CM9,3,SPL3,1,0,False,0,0.0,0,False,0.0,0.0,0.0,0.0,6,1.0,1.0
bird,CM9,4,BOT1,1,0,False,0,0.0,0,False,0.0,0.0,0.0,0.0,10,0.4166666666666667,1.0
bird,CM9,4,BOT3,1,0,False,0,0.0,0,False,0.0,0.0,0.0,0.0,16,0.6666666666666666,1.0
bird,CM9,4,COR1,1,0,False,0,0.0,0,False,0.0,0.0,0.0,0.0,16,0.6666666666666666,1.0
bird,CM8,3,OPEN,1,0,False,0,0.0,0,False,0.0,0.0,0.0,0.0,2,0.3333333333333333,0.6666666666666666
bird,CM8,3,OPEN,2,0,False,0,0.0,0,False,0.0,0.0,0.0,0.0,2,0.3333333333333333,0.6666666666666666
bird,CM8,3,SPB1,1,0,False,0,0.0,0,False,0.0,0.0,0.0,0.0,2,0.3333333333333333,0.6666666666666666
bird,CM8,3,SPB1,2,0,False,0,0.0,0,False,0.0,0.0,0.0,0.0,2,0.3333333333333333,0.6666666666666666
bird,CM8,3,SPB2,1,0,False,0,0.0,0,False,0.0,0.0,0.0,0.0,2,0.3333333333333333,0.6666666666666666
bird,CM8,3,SPB3,1,0,False,0,0.0,0,False,0.0,0.0,0.0,0.0,2,0.3333333333333333,0.6666666666666666
bird,CM8,3,SPL1,1,0,False,0,0.0,0,False,0.0,0.0,0.0,0.0,2,0.3333333333333333,0.6666666666666666
bird,CM8,3,SPL1,2,0,False,0,0.0,0,False,0.0,0.0,0.0,0.0,2,0.3333333333333333,0.6666666666666666
bird,CM9,4,MUL1,1,0,False,0,0.0,0,False,0.0,0.0,0.0,0.0,24,1.0,1.0
bird,CM9,4,MUL4,1,0,False,0,0.0,0,False,0.0,0.0,0.0,0.0,24,1.0,1.0
bird,CM9,4,OPEN,1,0,False,0,0.0,0,False,0.0,0.0,0.0,0.0,24,1.0,1.0
bird,CM9,4,SPB1,1,0,False,0,0.0,0,False,0.0,0.0,0.0,0.0,24,1.0,1.0
bird,CM9,4,SPB3,1,0,False,0,0.0,0,False,0.0,0.0,0.0,0.0,16,0.6666666666666666,1.0
bird,CM9,4,SPL1,1,0,False,0,0.0,0,False,0.0,0.0,0.0,0.0,24,1.0,1.0
car,CM1,3,BOT1,1,0,False,2,0.3333333333333333,0,False,0.7285714285714285,0.7285714285714285,0.2571428571428571,0.9857142857142858,2,0.3333333333333333,0.6666666666666666
car,CM1,3,BOT1,2,0,False,2,0.3333333333333333,0,False,0.7285714285714285,0.7285714285714285,0.2678571428571428,0.9964285714285714,2,0.3333333333333333,0.6666666666666666
car,CM1,4,COR1,1,0,False,0,0.0,0,False,0.0,0.0,0.0,0.0,24,1.0,1.0
car,CM1,4,MUL1,1,0,False,0,0.0,0,False,0.0,0.0,0.0,0.0,24,1.0,1.0
car,CM1,4,MUL4,1,0,False,0,0.0,0,False,0.0,0.0,0.0,0.0,24,1.0,1.0
car,CM1,4,OPEN,1,0,False,0,0.0,0,False,0.0,0.0,0.0,0.0,24,1.0,1.0
car,CM1,4,SPB1,1,0,False,0,0.0,0,False,0.0,0.0,0.0,0.0,12,0.5,1.0
car,CM1,4,SPB3,1,0,False,0,0.0,0,False,0.0,0.0,0.0,0.0,10,0.4166666666666667,1.0
car,CM1,4,SPL1,1,0,False,0,0.0,0,False,0.0,0.0,0.0,0.0,24,1.0,1.0
car,CM10,3,BOT1,1,0,False,2,0.3333333333333333,0,False,0.6857142857142857,0.6857142857142857,0.3,0.9857142857142858,0,0.0,0.0
car,CM1,3,SPB2,1,0,False,0,0.0,0,False,0.0,0.0,0.0,0.0,4,0.6666666666666666,1.0
car,CM1,3,SPB3,1,0,False,0,0.0,0,False,0.0,0.0,0.0,0.0,4,0.6666666666666666,1.0
car,CM1,3,SPL1,1,0,False,0,0.0,0,False,0.0,0.0,0.0,0.0,6,1.0,1.0
car,CM1,3,SPL1,2,0,False,0,0.0,0,False,0.0,0.0,0.0,0.0,6,1.0,1.0
car,CM1,3,SPL2,1,0,False,0,0.0,0,False,0.0,0.0,0.0,0.0,6,1.0,1.0
car,CM1,3,SPL3,1,0,False,0,0.0,0,False,0.0,0.0,0.0,0.0,6,1.0,1.0
car,CM1,4,BOT1,1,0,False,3,0.25,0,False,0.7285714285714285,0.7285714285714285,0.2571428571428571,0.9857142857142858,4,0.16666666666666666,0.75
car,CM1,4,BOT3,1,0,False,3,0.25,0,False,0.7285714285714285,0.7285714285714285,0.2571428571428571,0.9857142857142858,4,0.16666666666666666,0.75
car,CM1,3,BOT2,1,0,False,2,0.3333333333333333,0,False,0.5857142857142857,0.5857142857142857,0.4,0.9857142857142858,2,0.3333333333333333,0.6666666666666666
car,CM1,3,BOT3,1,0,False,2,0.3333333333333333,0,False,0.7285714285714285,0.7285714285714285,0.2571428571428571,0.9857142857142858,2,0.3333333333333333,0.6666666666666666
car,CM1,3,COR1,1,0,False,0,0.0,0,False,0.0,0.0,0.0,0.0,6,1.0,1.0
car,CM1,3,COR1,2,0,False,0,0.0,0,False,0.0,0.0,0.0,0.0,6,1.0,1.0
car,CM1,3,COR2,1,0,False,0,0.0,0,False,0.0,0.0,0.0,0.0,4,0.6666666666666666,1.0
car,CM1,3,COR3,1,0,False,0,0.0,0,False,0.0,0.0,0.0,0.0,4,0.6666666666666666,1.0
car,CM1,3,MUL1,1,0,False,0,0.0,0,False,0.0,0.0,0.0,0.0,6,1.0,1.0
car,CM1,3,MUL1,2,0,False,0,0.0,0,False,0.0,0.0,0.0,0.0,6,1.0,1.0
car,CM10,3,BOT2,1,0,False,2,0.3333333333333333,0,False,0.6571428571428571,0.6571428571428571,0.3285714285714285,0.9857142857142858,0,0.0,0.0
car,CM10,3,BOT3,1,0,False,2,0.3333333333333333,0,False,0.6571428571428571,0.6571428571428571,0.3285714285714285,0.9857142857142858,0,0.0,0.0
car,CM10,3,COR1,1,0,False,0,0.0,0,False,0.0,0.0,0.0,0.0,0,0.0,0.0
car,CM10,3,COR2,1,0,False,0,0.0,0,False,0.0,0.0,0.0,0.0,0,0.0,0.0
car,CM10,3,COR3,1,0,False,0,0.0,0,False,0.0,0.0,0.0,0.0,0,0.0,0.0
car,CM10,3,MUL1,1,0,False,0,0.0,0,False,0.0,0.0,0.0,0.0,2,0.3333333333333333,0.6666666666666666
car,CM10,3,MUL2,1,0,False,0,0.0,0,False,0.0,0.0,0.0,0.0,0,0.0,0.0
car,CM10,3,MUL3,1,0,False,0,0.0,0,False,0.0,0.0,0.0,0.0,4,0.6666666666666666,1.0
car,CM10,3,MUL4,1,0,False,0,0.0,0,False,0.0,0.0,0.0,0.0,2,0.3333333333333333,0.6666666666666666
car,CM10,3,MUL5,1,0,False,0,0.0,0,False,0.0,0.0,0.0,0.0,2,0.3333333333333333,0.6666666666666666
car,CM10,3,OPEN,1,0,False,0,0.0,0,False,0.0,0.0,0.0,0.0,6,1.0,1.0
car,CM10,3,SPB1,1,0,False,0,0.0,0,False,0.0,0.0,0.0,0.0,0,0.0,0.0
car,CM10,3,SPB2,1,0,False,0,0.0,0,False,0.0,0.0,0.0,0.0,0,0.0,0.0
car,CM10,3,SPB3,1,0,False,0,0.0,0,False,0.0,0.0,0.0,0.0,0,0.0,0.0
car,CM10,3,SPL1,1,0,False,0,0.0,0,False,0.0,0.0,0.0,0.0,2,0.3333333333333333,0.6666666666666666
car,CM10,3,SPL2,1,0,False,0,0.0,0,False,0.0,0.0,0.0,0.0,6,1.0,1.0
car,CM1,3,MUL2,1,0,False,0,0.0,0,False,0.0,0.0,0.0,0.0,6,1.0,1.0
car,CM1,3,MUL3,1,0,False,0,0.0,0,False,0.0,0.0,0.0,0.0,6,1.0,1.0
car,CM1,3,MUL4,1,0,False,0,0.0,0,False,0.0,0.0,0.0,0.0,6,1.0,1.0
car,CM1,3,MUL5,1,0,False,0,0.0,0,False,0.0,0.0,0.0,0.0,6,1.0,1.0
car,CM1,3,OPEN,1,0,False,0,0.0,0,False,0.0,0.0,0.0,0.0,6,1.0,1.0
car,CM1,3,OPEN,2,0,False,0,0.0,0,False,0.0,0.0,0.0,0.0,6,1.0,1.0
car,CM1,3,SPB1,1,0,False,0,0.0,0,False,0.0,0.0,0.0,0.0,4,0.6666666666666666,1.0
car,CM1,3,SPB1,2,0,False,0,0.0,0,False,0.0,0.0,0.0,0.0,4,0.6666666666666666,1.0
car,CM10,3,SPL3,1,0,False,0,0.0,0,False,0.0,0.0,0.0,0.0,0,0.0,0.0
car,CM10,4,BOT1,1,0,False,3,0.25,0,False,0.7714285714285715,0.7714285714285715,0.2142857142857142,0.9857142857142858,0,0.0,0.0
car,CM10,4,BOT3,1,0,False,3,0.25,0,False,0.7428571428571429,0.7428571428571429,0.2428571428571428,0.9857142857142858,0,0.0,0.0
car,CM10,4,COR1,1,0,False,0,0.0,0,False,0.0,0.0,0.0,0.0,0,0.0,0.0
car,CM10,4,MUL1,1,0,False,0,0.0,0,False,0.0,0.0,0.0,0.0,6,0.25,0.75
car,CM10,4,MUL4,1,0,False,0,0.0,0,False,0.0,0.0,0.0,0.0,0,0.0,0.0
car,CM10,4,OPEN,1,0,False,0,0.0,0,False,0.0,0.0,0.0,0.0,24,1.0,1.0
car,CM10,4,SPB1,1,0,False,0,0.0,0,False,0.0,0.0,0.0,0.0,0,0.0,0.0
car,CM10,4,SPB3,1,0,False,0,0.0,0,False,0.0,0.0,0.0,0.0,0,0.0,0.0
car,CM10,4,SPL1,1,0,False,0,0.0,0,False,0.0,0.0,0.0,0.0,12,0.5,1.0
car,CM2,3,BOT1,1,0,False,2,0.3333333333333333,0,False,0.6714285714285714,0.6714285714285714,0.3142857142857143,0.9857142857142858,2,0.3333333333333333,0.6666666666666666
car,CM2,3,BOT2,1,0,False,2,0.3333333333333333,0,False,0.6571428571428571,0.6571428571428571,0.3285714285714285,0.9857142857142858,2,0.3333333333333333,0.6666666666666666
car,CM2,3,BOT3,1,0,False,2,0.3333333333333333,0,False,0.6571428571428571,0.6571428571428571,0.3285714285714285,0.9857142857142858,2,0.3333333333333333,0.6666666666666666
car,CM2,3,COR1,1,0,False,0,0.0,0,False,0.0,0.0,0.0,0.0,4,0.6666666666666666,1.0
car,CM2,3,COR2,1,0,False,0,0.0,0,False,0.0,0.0,0.0,0.0,4,0.6666666666666666,1.0
car,CM2,3,COR3,1,0,False,0,0.0,0,False,0.0,0.0,0.0,0.0,2,0.3333333333333333,0.6666666666666666
car,CM2,3,SPB3,1,0,False,0,0.0,0,False,0.0,0.0,0.0,0.0,4,0.6666666666666666,1.0
car,CM2,3,SPL1,1,0,False,0,0.0,0,False,0.0,0.0,0.0,0.0,6,1.0,1.0
car,CM2,3,SPL2,1,0,False,0,0.0,0,False,0.0,0.0,0.0,0.0,6,1.0,1.0
car,CM2,3,SPL3,1,0,False,0,0.0,0,False,0.0,0.0,0.0,0.0,6,1.0,1.0
car,CM2,4,BOT1,1,0,False,3,0.25,0,False,0.7428571428571429,0.7428571428571429,0.2428571428571428,0.9857142857142858,4,0.16666666666666666,0.75
car,CM2,4,BOT3,1,0,False,3,0.25,0,False,0.7428571428571429,0.7428571428571429,0.2428571428571428,0.9857142857142858,4,0.16666666666666666,0.75
car,CM2,4,COR1,1,0,False,0,0.0,0,False,0.0,0.0,0.0,0.0,8,0.3333333333333333,1.0
car,CM2,4,MUL1,1,0,False,0,0.0,0,False,0.0,0.0,0.0,0.0,16,0.6666666666666666,1.0
car,CM2,3,MUL1,1,0,False,0,0.0,0,False,0.0,0.0,0.0,0.0,6,1.0,1.0
car,CM2,3,MUL2,1,0,False,0,0.0,0,False,0.0,0.0,0.0,0.0,6,1.0,1.0
car,CM2,3,MUL3,1,0,False,0,0.0,0,False,0.0,0.0,0.0,0.0,6,1.0,1.0
car,CM2,3,MUL4,1,0,False,0,0.0,0,False,0.0,0.0,0.0,0.0,6,1.0,1.0
car,CM2,3,MUL5,1,0,False,0,0.0,0,False,0.0,0.0,0.0,0.0,6,1.0,1.0
car,CM2,3,OPEN,1,0,False,0,0.0,0,False,0.0,0.0,0.0,0.0,6,1.0,1.0
car,CM2,3,SPB1,1,0,False,0,0.0,0,False,0.0,0.0,0.0,0.0,4,0.6666666666666666,1.0
car,CM2,3,SPB2,1,0,False,0,0.0,0,False,0.0,0.0,0.0,0.0,4,0.6666666666666666,1.0
car,CM2,4,MUL4,1,0,False,0,0.0,0,False,0.0,0.0,0.0,0.0,16,0.6666666666666666,1.0
car,CM2,4,OPEN,1,0,False,0,0.0,0,False,0.0,0.0,0.0,0.0,24,1.0,1.0
car,CM2,4,SPB1,1,0,False,0,0.0,0,False,0.0,0.0,0.0,0.0,12,0.5,1.0
car,CM2,4,SPB3,1,0,False,0,0.0,0,False,0.0,0.0,0.0,0.0,8,0.3333333333333333,1.0
car,CM2,4,SPL1,1,0,False,0,0.0,0,False,0.0,0.0,0.0,0.0,24,1.0,1.0
car,CM3,3,BOT1,1,0,False,2,0.3333333333333333,0,False,0.2285714285714285,0.2285714285714285,0.7571428571428571,0.9857142857142858,2,0.3333333333333333,0.6666666666666666
car,CM3,3,BOT2,1,0,False,2,0.3333333333333333,0,False,0.2285714285714285,0.2285714285714285,0.7571428571428571,0.9857142857142858,2,0.3333333333333333,0.6666666666666666
car,CM3,3,BOT3,1,0,False,2,0.3333333333333333,0,False,0.2285714285714285,0.2285714285714285,0.7571428571428571,0.9857142857142858,2,0.3333333333333333,0.6666666666666666
car,CM3,3,COR1,1,0,False,0,0.0,0,False,0.0,0.0,0.0,0.0,3,0.5,0.6666666666666666
car,CM3,3,COR2,1,0,False,0,0.0,0,False,0.0,0.0,0.0,0.0,3,0.5,0.6666666666666666
car,CM3,3,COR3,1,0,False,0,0.0,0,False,0.0,0.0,0.0,0.0,3,0.5,0.6666666666666666
car,CM3,3,MUL1,1,0,False,0,0.0,0,False,0.0,0.0,0.0,0.0,6,1.0,1.0
car,CM3,3,MUL2,1,0,False,0,0.0,0,False,0.0,0.0,0.0,0.0,6,1.0,1.0
car,CM3,3,MUL3,1,0,False,0,0.0,0,False,0.0,0.0,0.0,0.0,6,1.0,1.0
car,CM3,3,MUL4,1,0,False,0,0.0,0,False,0.0,0.0,0.0,0.0,3,0.5,0.6666666666666666
car,CM3,3,MUL5,1,0,False,0,0.0,0,False,0.0,0.0,0.0,0.0,3,0.5,0.6666666666666666
car,CM3,3,OPEN,1,0,False,0,0.0,0,False,0.0,0.0,0.0,0.0,6,1.0,1.0
car,CM3,3,SPB1,1,0,False,0,0.0,0,False,0.0,0.0,0.0,0.0,3,0.5,0.6666666666666666
car,CM3,3,SPB2,1,0,False,0,0.0,0,False,0.0,0.0,0.0,0.0,3,0.5,0.6666666666666666
car,CM3,3,SPB3,1,0,False,0,0.0,0,False,0.0,0.0,0.0,0.0,4,0.6666666666666666,1.0
car,CM3,3,SPL1,1,0,False,0,0.0,0,False,0.0,0.0,0.0,0.0,6,1.0,1.0
car,CM3,3,SPL2,1,0,False,0,0.0,0,False,0.0,0.0,0.0,0.0,6,1.0,1.0
car,CM3,3,SPL3,1,0,False,0,0.0,0,False,0.0,0.0,0.0,0.0,6,1.0,1.0
car,CM3,4,BOT1,1,0,False,3,0.25,0,False,0.3428571428571428,0.3428571428571428,0.6428571428571429,0.9857142857142858,6,0.25,0.75
car,CM4,3,BOT1,1,0,False,2,0.3333333333333333,0,False,0.6,0.6,0.3857142857142857,0.9857142857142858,1,0.16666666666666666,0.3333333333333333
car,CM4,3,BOT2,1,0,False,2,0.3333333333333333,0,False,0.6428571428571429,0.6428571428571429,0.3428571428571428,0.9857142857142858,2,0.3333333333333333,0.6666666666666666
car,CM4,3,BOT3,1,0,False,2,0.3333333333333333,0,False,0.6,0.6,0.3857142857142857,0.9857142857142858,1,0.16666666666666666,0.3333333333333333
car,CM4,3,COR1,1,0,False,0,0.0,0,False,0.0,0.0,0.0,0.0,6,1.0,1.0
car,CM4,3,COR2,1,0,False,0,0.0,0,False,0.0,0.0,0.0,0.0,1,0.16666666666666666,0.3333333333333333
car,CM4,3,COR3,1,0,False,0,0.0,0,False,0.0,0.0,0.0,0.0,3,0.5,0.6666666666666666
car,CM4,3,MUL1,1,0,False,0,0.0,0,False,0.0,0.0,0.0,0.0,6,1.0,1.0
car,CM4,3,MUL2,1,0,False,0,0.0,0,False,0.0,0.0,0.0,0.0,6,1.0,1.0
car,CM3,4,BOT3,1,0,False,3,0.25,0,False,0.3428571428571428,0.3428571428571428,0.6428571428571429,0.9857142857142858,6,0.25,0.75
car,CM3,4,COR1,1,0,False,0,0.0,0,False,0.0,0.0,0.0,0.0,9,0.375,0.75
car,CM3,4,MUL1,1,0,False,0,0.0,0,False,0.0,0.0,0.0,0.0,16,0.6666666666666666,1.0
car,CM3,4,MUL4,1,0,False,0,0.0,0,False,0.0,0.0,0.0,0.0,9,0.375,0.75
car,CM3,4,OPEN,1,0,False,0,0.0,0,False,0.0,0.0,0.0,0.0,24,1.0,1.0
car,CM3,4,SPB1,1,0,False,0,0.0,0,False,0.0,0.0,0.0,0.0,8,0.3333333333333333,0.75
car,CM3,4,SPB3,1,0,False,0,0.0,0,False,0.0,0.0,0.0,0.0,10,0.4166666666666667,1.0
car,CM3,4,SPL1,1,0,False,0,0.0,0,False,0.0,0.0,0.0,0.0,24,1.0,1.0
car,CM4,3,MUL3,1,0,False,0,0.0,0,False,0.0,0.0,0.0,0.0,6,1.0,1.0
car,CM4,3,MUL4,1,0,False,0,0.0,0,False,0.0,0.0,0.0,0.0,6,1.0,1.0
car,CM4,3,MUL5,1,0,False,0,0.0,0,False,0.0,0.0,0.0,0.0,3,0.5,0.6666666666666666
car,CM4,3,OPEN,1,0,False,0,0.0,0,False,0.0,0.0,0.0,0.0,6,1.0,1.0
car,CM4,3,SPB1,1,0,False,0,0.0,0,False,0.0,0.0,0.0,0.0,3,0.5,0.6666666666666666
car,CM4,3,SPB2,1,0,False,0,0.0,0,False,0.0,0.0,0.0,0.0,4,0.6666666666666666,1.0
car,CM4,3,SPB3,1,0,False,0,0.0,0,False,0.0,0.0,0.0,0.0,4,0.6666666666666666,1.0
car,CM4,3,SPL1,1,0,False,0,0.0,0,False,0.0,0.0,0.0,0.0,6,1.0,1.0
car,CM4,3,SPL2,1,0,False,0,0.0,0,False,0.0,0.0,0.0,0.0,6,1.0,1.0
car,CM4,3,SPL3,1,0,False,0,0.0,0,False,0.0,0.0,0.0,0.0,6,1.0,1.0
car,CM4,4,BOT1,1,0,False,3,0.25,0,False,0.6428571428571429,0.6428571428571429,0.3428571428571428,0.9857142857142858,3,0.125,0.5
car,CM4,4,BOT3,1,0,False,3,0.25,0,False,0.6428571428571429,0.6428571428571429,0.3428571428571428,0.9857142857142858,3,0.125,0.5
car,CM4,4,COR1,1,0,False,0,0.0,0,False,0.0,0.0,0.0,0.0,24,1.0,1.0
car,CM4,4,MUL1,1,0,False,0,0.0,0,False,0.0,0.0,0.0,0.0,24,1.0,1.0
car,CM4,4,MUL4,1,0,False,0,0.0,0,False,0.0,0.0,0.0,0.0,24,1.0,1.0
car,CM4,4,OPEN,1,0,False,0,0.0,0,False,0.0,0.0,0.0,0.0,24,1.0,1.0
car,CM4,4,SPB1,1,0,False,0,0.0,0,False,0.0,0.0,0.0,0.0,9,0.375,0.75
car,CM4,4,SPB3,1,0,False,0,0.0,0,False,0.0,0.0,0.0,0.0,10,0.4166666666666667,1.0
car,CM4,4,SPL1,1,0,False,0,0.0,0,False,0.0,0.0,0.0,0.0,24,1.0,1.0
car,CM5,3,BOT1,1,0,False,2,0.3333333333333333,0,False,0.6714285714285714,0.6714285714285714,0.3142857142857143,0.9857142857142858,0,0.0,0.0
car,CM5,3,BOT1,2,0,False,2,0.3333333333333333,0,False,0.6714285714285714,0.6714285714285714,0.325,0.9964285714285714,0,0.0,0.0
car,CM5,3,BOT2,1,0,False,2,0.3333333333333333,0,False,0.6571428571428571,0.6571428571428571,0.3285714285714285,0.9857142857142858,0,0.0,0.0
car,CM5,3,BOT3,1,0,False,2,0.3333333333333333,0,False,0.6714285714285714,0.6714285714285714,0.3142857142857143,0.9857142857142858,0,0.0,0.0
car,CM5,3,COR1,1,0,False,0,0.0,0,False,0.0,0.0,0.0,0.0,0,0.0,0.0
car,CM5,3,SPL1,2,0,False,0,0.0,0,False,0.0,0.0,0.0,0.0,0,0.0,0.0
car,CM5,3,SPL2,1,0,False,0,0.0,0,False,0.0,0.0,0.0,0.0,0,0.0,0.0
car,CM5,3,SPL3,1,0,False,0,0.0,0,False,0.0,0.0,0.0,0.0,0,0.0,0.0
car,CM5,4,BOT1,1,0,False,3,0.25,0,False,0.7,0.7,0.2857142857142857,0.9857142857142858,0,0.0,0.0
car,CM5,4,BOT3,1,0,False,3,0.25,0,False,0.7,0.7,0.2857142857142857,0.9857142857142858,0,0.0,0.0
car,CM5,4,COR1,1,0,False,0,0.0,0,False,0.0,0.0,0.0,0.0,0,0.0,0.0
car,CM5,4,MUL1,1,0,False,0,0.0,0,False,0.0,0.0,0.0,0.0,0,0.0,0.0
car,CM5,4,MUL4,1,0,False,0,0.0,0,False,0.0,0.0,0.0,0.0,0,0.0,0.0
car,CM5,3,COR1,2,0,False,0,0.0,0,False,0.0,0.0,0.0,0.0,0,0.0,0.0
car,CM5,3,COR2,1,0,False,0,0.0,0,False,0.0,0.0,0.0,0.0,0,0.0,0.0
car,CM5,3,COR3,1,0,False,0,0.0,0,False,0.0,0.0,0.0,0.0,0,0.0,0.0
car,CM5,3,MUL1,1,0,False,0,0.0,0,False,0.0,0.0,0.0,0.0,0,0.0,0.0
car,CM5,3,MUL1,2,0,False,0,0.0,0,False,0.0,0.0,0.0,0.0,0,0.0,0.0
car,CM5,3,MUL2,1,0,False,0,0.0,0,False,0.0,0.0,0.0,0.0,0,0.0,0.0
car,CM5,3,MUL3,1,0,False,0,0.0,0,False,0.0,0.0,0.0,0.0,0,0.0,0.0
car,CM5,3,MUL4,1,0,False,0,0.0,0,False,0.0,0.0,0.0,0.0,0,0.0,0.0
car,CM5,3,MUL5,1,0,False,0,0.0,0,False,0.0,0.0,0.0,0.0,0,0.0,0.0
car,CM5,3,OPEN,1,0,False,0,0.0,0,False,0.0,0.0,0.0,0.0,0,0.0,0.0
car,CM5,3,OPEN,2,0,False,0,0.0,0,False,0.0,0.0,0.0,0.0,0,0.0,0.0
car,CM5,3,SPB1,1,0,False,0,0.0,0,False,0.0,0.0,0.0,0.0,0,0.0,0.0
car,CM5,3,SPB1,2,0,False,0,0.0,0,False,0.0,0.0,0.0,0.0,0,0.0,0.0
car,CM5,3,SPB2,1,0,False,0,0.0,0,False,0.0,0.0,0.0,0.0,0,0.0,0.0
car,CM5,3,SPB3,1,0,False,0,0.0,0,False,0.0,0.0,0.0,0.0,0,0.0,0.0
car,CM5,3,SPL1,1,0,False,0,0.0,0,False,0.0,0.0,0.0,0.0,0,0.0,0.0
car,CM5,4,OPEN,1,0,False,0,0.0,0,False,0.0,0.0,0.0,0.0,0,0.0,0.0
car,CM5,4,SPB1,1,0,False,0,0.0,0,False,0.0,0.0,0.0,0.0,0,0.0,0.0
car,CM5,4,SPB3,1,0,False,0,0.0,0,False,0.0,0.0,0.0,0.0,0,0.0,0.0
car,CM5,4,SPL1,1,0,False,0,0.0,0,False,0.0,0.0,0.0,0.0,0,0.0,0.0
car,CM6,3,BOT1,1,0,False,2,0.3333333333333333,0,False,0.4,0.4,0.5857142857142857,0.9857142857142858,0,0.0,0.0
car,CM6,3,BOT2,1,0,False,2,0.3333333333333333,0,False,0.7714285714285715,0.7714285714285715,0.2142857142857142,0.9857142857142858,0,0.0,0.0
car,CM6,3,BOT3,1,0,False,2,0.3333333333333333,0,False,0.7714285714285715,0.7714285714285715,0.2142857142857142,0.9857142857142858,0,0.0,0.0
car,CM6,3,COR1,1,0,False,0,0.0,0,False,0.0,0.0,0.0,0.0,4,0.6666666666666666,1.0
car,CM6,3,COR2,1,0,False,0,0.0,0,False,0.0,0.0,0.0,0.0,0,0.0,0.0
car,CM6,3,COR3,1,0,False,0,0.0,0,False,0.0,0.0,0.0,0.0,0,0.0,0.0
car,CM6,3,MUL1,1,0,False,0,0.0,0,False,0.0,0.0,0.0,0.0,4,0.6666666666666666,1.0
car,CM6,3,MUL2,1,0,False,0,0.0,0,False,0.0,0.0,0.0,0.0,4,0.6666666666666666,1.0
car,CM6,3,MUL3,1,0,False,0,0.0,0,False,0.0,0.0,0.0,0.0,6,1.0,1.0
car,CM6,3,MUL4,1,0,False,0,0.0,0,False,0.0,0.0,0.0,0.0,4,0.6666666666666666,1.0
car,CM6,3,MUL5,1,0,False,0,0.0,0,False,0.0,0.0,0.0,0.0,2,0.3333333333333333,0.6666666666666666
car,CM6,3,OPEN,1,0,False,0,0.0,0,False,0.0,0.0,0.0,0.0,6,1.0,1.0
car,CM6,4,COR1,1,0,False,0,0.0,0,False,0.0,0.0,0.0,0.0,16,0.6666666666666666,1.0
car,CM6,4,MUL1,1,0,False,0,0.0,0,False,0.0,0.0,0.0,0.0,16,0.6666666666666666,1.0
car,CM6,4,MUL4,1,0,False,0,0.0,0,False,0.0,0.0,0.0,0.0,16,0.6666666666666666,1.0
car,CM6,4,OPEN,1,0,False,0,0.0,0,False,0.0,0.0,0.0,0.0,24,1.0,1.0
car,CM6,4,SPB1,1,0,False,0,0.0,0,False,0.0,0.0,0.0,0.0,3,0.125,0.5
car,CM6,4,SPB3,1,0,False,0,0.0,0,False,0.0,0.0,0.0,0.0,6,0.25,0.75
car,CM6,4,SPL1,1,0,False,0,0.0,0,False,0.0,0.0,0.0,0.0,24,1.0,1.0
car,CM7,3,BOT1,1,0,False,2,0.3333333333333333,0,False,0.6857142857142857,0.6857142857142857,0.3,0.9857142857142858,0,0.0,0.0
car,CM6,3,SPB1,1,0,False,0,0.0,0,False,0.0,0.0,0.0,0.0,1,0.16666666666666666,0.3333333333333333
car,CM6,3,SPB2,1,0,False,0,0.0,0,False,0.0,0.0,0.0,0.0,0,0.0,0.0
car,CM6,3,SPB3,1,0,False,0,0.0,0,False,0.0,0.0,0.0,0.0,2,0.3333333333333333,0.6666666666666666
car,CM6,3,SPL1,1,0,False,0,0.0,0,False,0.0,0.0,0.0,0.0,6,1.0,1.0
car,CM6,3,SPL2,1,0,False,0,0.0,0,False,0.0,0.0,0.0,0.0,6,1.0,1.0
car,CM6,3,SPL3,1,0,False,0,0.0,0,False,0.0,0.0,0.0,0.0,4,0.6666666666666666,1.0
car,CM6,4,BOT1,1,0,False,3,0.25,0,False,0.4,0.4,0.5857142857142857,0.9857142857142858,0,0.0,0.0
car,CM6,4,BOT3,1,0,False,3,0.25,0,False,0.8714285714285714,0.8714285714285714,0.1142857142857142,0.9857142857142858,0,0.0,0.0
car,CM7,4,BOT3,1,0,False,3,0.25,0,False,0.7428571428571429,0.7428571428571429,0.2428571428571428,0.9857142857142858,0,0.0,0.0
car,CM7,4,COR1,1,0,False,0,0.0,0,False,0.0,0.0,0.0,0.0,0,0.0,0.0
car,CM7,4,MUL1,1,0,False,0,0.0,0,False,0.0,0.0,0.0,0.0,0,0.0,0.0
car,CM7,4,MUL4,1,0,False,0,0.0,0,False,0.0,0.0,0.0,0.0,0,0.0,0.0
car,CM7,4,OPEN,1,0,False,0,0.0,0,False,0.0,0.0,0.0,0.0,0,0.0,0.0
car,CM7,4,SPB1,1,0,False,0,0.0,0,False,0.0,0.0,0.0,0.0,0,0.0,0.0
car,CM7,4,SPB3,1,0,False,0,0.0,0,False,0.0,0.0,0.0,0.0,0,0.0,0.0
car,CM7,4,SPL1,1,0,False,0,0.0,0,False,0.0,0.0,0.0,0.0,0,0.0,0.0
car,CM7,3,BOT1,2,0,False,2,0.3333333333333333,0,False,0.6857142857142857,0.6857142857142857,0.3107142857142857,0.9964285714285714,0,0.0,0.0
car,CM7,3,BOT2,1,0,False,2,0.3333333333333333,0,False,0.6571428571428571,0.6571428571428571,0.3285714285714285,0.9857142857142858,0,0.0,0.0
car,CM7,3,BOT3,1,0,False,2,0.3333333333333333,0,False,0.6571428571428571,0.6571428571428571,0.3285714285714285,0.9857142857142858,0,0.0,0.0
car,CM7,3,COR1,1,0,False,0,0.0,0,False,0.0,0.0,0.0,0.0,0,0.0,0.0
car,CM7,3,COR1,2,0,False,0,0.0,0,False,0.0,0.0,0.0,0.0,0,0.0,0.0
car,CM7,3,COR2,1,0,False,0,0.0,0,False,0.0,0.0,0.0,0.0,0,0.0,0.0
car,CM7,3,COR3,1,0,False,0,0.0,0,False,0.0,0.0,0.0,0.0,0,0.0,0.0
car,CM7,3,MUL1,1,0,False,0,0.0,0,False,0.0,0.0,0.0,0.0,0,0.0,0.0
car,CM7,3,MUL1,2,0,False,0,0.0,0,False,0.0,0.0,0.0,0.0,0,0.0,0.0
car,CM7,3,MUL2,1,0,False,0,0.0,0,False,0.0,0.0,0.0,0.0,0,0.0,0.0
car,CM7,3,MUL3,1,0,False,0,0.0,0,False,0.0,0.0,0.0,0.0,0,0.0,0.0
car,CM7,3,MUL4,1,0,False,0,0.0,0,False,0.0,0.0,0.0,0.0,0,0.0,0.0
car,CM7,3,MUL5,1,0,False,0,0.0,0,False,0.0,0.0,0.0,0.0,0,0.0,0.0
car,CM7,3,OPEN,1,0,False,0,0.0,0,False,0.0,0.0,0.0,0.0,0,0.0,0.0
car,CM7,3,OPEN,2,0,False,0,0.0,0,False,0.0,0.0,0.0,0.0,0,0.0,0.0
car,CM7,3,SPB1,1,0,False,0,0.0,0,False,0.0,0.0,0.0,0.0,0,0.0,0.0
car,CM7,3,SPB1,2,0,False,0,0.0,0,False,0.0,0.0,0.0,0.0,0,0.0,0.0
car,CM7,3,SPB2,1,0,False,0,0.0,0,False,0.0,0.0,0.0,0.0,0,0.0,0.0
car,CM7,3,SPB3,1,0,False,0,0.0,0,False,0.0,0.0,0.0,0.0,0,0.0,0.0
car,CM7,3,SPL1,1,0,False,0,0.0,0,False,0.0,0.0,0.0,0.0,0,0.0,0.0
car,CM7,3,SPL1,2,0,False,0,0.0,0,False,0.0,0.0,0.0,0.0,0,0.0,0.0
car,CM7,3,SPL2,1,0,False,0,0.0,0,False,0.0,0.0,0.0,0.0,0,0.0,0.0
car,CM7,3,SPL3,1,0,False,0,0.0,0,False,0.0,0.0,0.0,0.0,0,0.0,0.0
car,CM7,4,BOT1,1,0,False,3,0.25,0,False,0.7714285714285715,0.7714285714285715,0.2142857142857142,0.9857142857142858,0,0.0,0.0
car,CM8,4,BOT1,1,0,False,3,0.25,0,False,0.7571428571428571,0.7571428571428571,0.2285714285714285,0.9857142857142858,4,0.16666666666666666,0.75
car,CM8,4,BOT3,1,0,False,3,0.25,0,False,0.7428571428571429,0.7428571428571429,0.2428571428571428,0.9857142857142858,4,0.16666666666666666,0.75
car,CM8,4,COR1,1,0,False,0,0.0,0,False,0.0,0.0,0.0,0.0,8,0.3333333333333333,1.0
car,CM8,4,MUL1,1,0,False,0,0.0,0,False,0.0,0.0,0.0,0.0,8,0.3333333333333333,1.0
car,CM8,4,MUL4,1,0,False,0,0.0,0,False,0.0,0.0,0.0,0.0,8,0.3333333333333333,1.0
car,CM8,4,OPEN,1,0,False,0,0.0,0,False,0.0,0.0,0.0,0.0,8,0.3333333333333333,1.0
car,CM8,4,SPB1,1,0,False,0,0.0,0,False,0.0,0.0,0.0,0.0,8,0.3333333333333333,1.0
car,CM8,4,SPB3,1,0,False,0,0.0,0,False,0.0,0.0,0.0,0.0,4,0.16666666666666666,0.75
car,CM8,3,BOT1,1,0,False,2,0.3333333333333333,0,False,0.6714285714285714,0.6714285714285714,0.3142857142857143,0.9857142857142858,0,0.0,0.0
car,CM8,3,BOT1,2,0,False,2,0.3333333333333333,0,False,0.6714285714285714,0.6714285714285714,0.325,0.9964285714285714,0,0.0,0.0
car,CM8,3,BOT2,1,0,False,2,0.3333333333333333,0,False,0.6571428571428571,0.6571428571428571,0.3285714285714285,0.9857142857142858,0,0.0,0.0
car,CM8,3,BOT3,1,0,False,2,0.3333333333333333,0,False,0.6571428571428571,0.6571428571428571,0.3285714285714285,0.9857142857142858,0,0.0,0.0
car,CM8,3,COR1,1,0,False,0,0.0,0,False,0.0,0.0,0.0,0.0,2,0.3333333333333333,0.6666666666666666
car,CM8,3,COR1,2,0,False,0,0.0,0,False,0.0,0.0,0.0,0.0,2,0.3333333333333333,0.6666666666666666
car,CM8,3,COR2,1,0,False,0,0.0,0,False,0.0,0.0,0.0,0.0,0,0.0,0.0
car,CM8,3,COR3,1,0,False,0,0.0,0,False,0.0,0.0,0.0,0.0,0,0.0,0.0
car,CM8,4,SPL1,1,0,False,0,0.0,0,False,0.0,0.0,0.0,0.0,8,0.3333333333333333,1.0
car,CM9,3,BOT1,1,0,False,2,0.3333333333333333,0,False,0.6714285714285714,0.6714285714285714,0.3142857142857143,0.9857142857142858,1,0.16666666666666666,0.3333333333333333
car,CM9,3,BOT2,1,0,False,2,0.3333333333333333,0,False,0.6571428571428571,0.6571428571428571,0.3285714285714285,0.9857142857142858,1,0.16666666666666666,0.3333333333333333
car,CM9,3,BOT3,1,0,False,2,0.3333333333333333,0,False,0.6571428571428571,0.6571428571428571,0.3285714285714285,0.9857142857142858,1,0.16666666666666666,0.3333333333333333
car,CM9,3,COR1,1,0,False,0,0.0,0,False,0.0,0.0,0.0,0.0,3,0.5,0.6666666666666666
car,CM9,3,COR2,1,0,False,0,0.0,0,False,0.0,0.0,0.0,0.0,6,1.0,1.0
car,CM9,3,COR3,1,0,False,0,0.0,0,False,0.0,0.0,0.0,0.0,1,0.16666666666666666,0.3333333333333333
car,CM9,3,MUL1,1,0,False,0,0.0,0,False,0.0,0.0,0.0,0.0,6,1.0,1.0
car,CM8,3,MUL1,1,0,False,0,0.0,0,False,0.0,0.0,0.0,0.0,0,0.0,0.0
car,CM8,3,MUL1,2,0,False,0,0.0,0,False,0.0,0.0,0.0,0.0,0,0.0,0.0
car,CM8,3,MUL2,1,0,False,0,0.0,0,False,0.0,0.0,0.0,0.0,0,0.0,0.0
car,CM8,3,MUL3,1,0,False,0,0.0,0,False,0.0,0.0,0.0,0.0,2,0.3333333333333333,0.6666666666666666
car,CM8,3,MUL4,1,0,False,0,0.0,0,False,0.0,0.0,0.0,0.0,2,0.3333333333333333,0.6666666666666666
car,CM8,3,MUL5,1,0,False,0,0.0,0,False,0.0,0.0,0.0,0.0,2,0.3333333333333333,0.6666666666666666
car,CM8,3,OPEN,1,0,False,0,0.0,0,False,0.0,0.0,0.0,0.0,2,0.3333333333333333,0.6666666666666666
car,CM8,3,OPEN,2,0,False,0,0.0,0,False,0.0,0.0,0.0,0.0,2,0.3333333333333333,0.6666666666666666
car,CM9,3,MUL2,1,0,False,0,0.0,0,False,0.0,0.0,0.0,0.0,6,1.0,1.0
car,CM9,3,MUL3,1,0,False,0,0.0,0,False,0.0,0.0,0.0,0.0,6,1.0,1.0
car,CM9,3,MUL4,1,0,False,0,0.0,0,False,0.0,0.0,0.0,0.0,6,1.0,1.0
car,CM9,3,MUL5,1,0,False,0,0.0,0,False,0.0,0.0,0.0,0.0,6,1.0,1.0
car,CM9,3,OPEN,1,0,False,0,0.0,0,False,0.0,0.0,0.0,0.0,6,1.0,1.0
car,CM9,3,SPB1,1,0,False,0,0.0,0,False,0.0,0.0,0.0,0.0,4,0.6666666666666666,1.0
car,CM9,3,SPB2,1,0,False,0,0.0,0,False,0.0,0.0,0.0,0.0,4,0.6666666666666666,1.0
car,CM9,3,SPB3,1,0,False,0,0.0,0,False,0.0,0.0,0.0,0.0,3,0.5,0.6666666666666666
car,CM9,3,SPL1,1,0,False,0,0.0,0,False,0.0,0.0,0.0,0.0,6,1.0,1.0
car,CM9,3,SPL2,1,0,False,0,0.0,0,False,0.0,0.0,0.0,0.0,6,1.0,1.0
car,CM9,3,SPL3,1,0,False,0,0.0,0,False,0.0,0.0,0.0,0.0,4,0.6666666666666666,1.0
car,CM9,4,BOT1,1,0,False,3,0.25,0,False,0.7571428571428571,0.7571428571428571,0.2285714285714285,0.9857142857142858,1,0.041666666666666664,0.25
car,CM9,4,BOT3,1,0,False,3,0.25,0,False,0.7428571428571429,0.7428571428571429,0.2428571428571428,0.9857142857142858,1,0.041666666666666664,0.25
car,CM9,4,COR1,1,0,False,0,0.0,0,False,0.0,0.0,0.0,0.0,4,0.16666666666666666,0.5
car,CM9,4,MUL1,1,0,False,0,0.0,0,False,0.0,0.0,0.0,0.0,24,1.0,1.0
car,CM9,4,MUL4,1,0,False,0,0.0,0,False,0.0,0.0,0.0,0.0,16,0.6666666666666666,1.0
car,CM9,4,OPEN,1,0,False,0,0.0,0,False,0.0,0.0,0.0,0.0,24,1.0,1.0
car,CM9,4,SPB1,1,0,False,0,0.0,0,False,0.0,0.0,0.0,0.0,8,0.3333333333333333,1.0
car,CM9,4,SPB3,1,0,False,0,0.0,0,False,0.0,0.0,0.0,0.0,4,0.16666666666666666,0.5
car,CM9,4,SPL1,1,0,False,0,0.0,0,False,0.0,0.0,0.0,0.0,24,1.0,1.0
cat,CM1,3,BOT1,1,0,False,2,0.3333333333333333,0,False,0.5740740740740741,0.5740740740740741,0.4074074074074074,0.9814814814814816,2,0.3333333333333333,0.6666666666666666
cat,CM1,3,BOT1,2,0,False,2,0.3333333333333333,0,False,0.5740740740740741,0.5740740740740741,0.4212962962962963,0.9953703703703703,2,0.3333333333333333,0.6666666666666666
cat,CM1,3,BOT2,1,0,False,2,0.3333333333333333,0,False,0.7592592592592593,0.7592592592592593,0.2222222222222222,0.9814814814814816,2,0.3333333333333333,0.6666666666666666
cat,CM1,3,BOT3,1,0,False,2,0.3333333333333333,0,False,0.6666666666666666,0.6666666666666666,0.3148148148148148,0.9814814814814816,2,0.3333333333333333,0.6666666666666666
car,CM8,3,SPB1,1,0,False,0,0.0,0,False,0.0,0.0,0.0,0.0,0,0.0,0.0
car,CM8,3,SPB1,2,0,False,0,0.0,0,False,0.0,0.0,0.0,0.0,0,0.0,0.0
car,CM8,3,SPB2,1,0,False,0,0.0,0,False,0.0,0.0,0.0,0.0,0,0.0,0.0
car,CM8,3,SPB3,1,0,False,0,0.0,0,False,0.0,0.0,0.0,0.0,0,0.0,0.0
car,CM8,3,SPL1,1,0,False,0,0.0,0,False,0.0,0.0,0.0,0.0,2,0.3333333333333333,0.6666666666666666
car,CM8,3,SPL1,2,0,False,0,0.0,0,False,0.0,0.0,0.0,0.0,2,0.3333333333333333,0.6666666666666666
car,CM8,3,SPL2,1,0,False,0,0.0,0,False,0.0,0.0,0.0,0.0,0,0.0,0.0
car,CM8,3,SPL3,1,0,False,0,0.0,0,False,0.0,0.0,0.0,0.0,2,0.3333333333333333,0.6666666666666666
cat,CM1,4,MUL4,1,0,False,0,0.0,0,False,0.0,0.0,0.0,0.0,16,0.6666666666666666,1.0
cat,CM1,4,OPEN,1,0,False,0,0.0,0,False,0.0,0.0,0.0,0.0,24,1.0,1.0
cat,CM1,4,SPB1,1,0,False,0,0.0,0,False,0.0,0.0,0.0,0.0,12,0.5,1.0
cat,CM1,4,SPB3,1,0,False,0,0.0,0,False,0.0,0.0,0.0,0.0,8,0.3333333333333333,1.0
cat,CM1,4,SPL1,1,0,False,0,0.0,0,False,0.0,0.0,0.0,0.0,24,1.0,1.0
cat,CM10,3,BOT1,1,0,False,2,0.3333333333333333,0,False,0.6666666666666666,0.6666666666666666,0.3148148148148148,0.9814814814814816,0,0.0,0.0
cat,CM10,3,BOT2,1,0,False,2,0.3333333333333333,0,False,0.6666666666666666,0.6666666666666666,0.3148148148148148,0.9814814814814816,0,0.0,0.0
cat,CM10,3,BOT3,1,0,False,2,0.3333333333333333,0,False,0.6666666666666666,0.6666666666666666,0.3148148148148148,0.9814814814814816,0,0.0,0.0
cat,CM10,3,COR1,1,0,False,0,0.0,0,False,0.0,0.0,0.0,0.0,0,0.0,0.0
cat,CM10,3,COR2,1,0,False,0,0.0,0,False,0.0,0.0,0.0,0.0,6,1.0,1.0
cat,CM10,3,COR3,1,0,False,0,0.0,0,False,0.0,0.0,0.0,0.0,0,0.0,0.0
cat,CM10,3,MUL1,1,0,False,0,0.0,0,False,0.0,0.0,0.0,0.0,6,1.0,1.0
cat,CM10,3,MUL2,1,0,False,0,0.0,0,False,0.0,0.0,0.0,0.0,4,0.6666666666666666,1.0
cat,CM10,3,MUL3,1,0,False,0,0.0,0,False,0.0,0.0,0.0,0.0,6,1.0,1.0
cat,CM10,3,MUL4,1,0,False,0,0.0,0,False,0.0,0.0,0.0,0.0,2,0.3333333333333333,0.6666666666666666
cat,CM10,3,MUL5,1,0,False,0,0.0,0,False,0.0,0.0,0.0,0.0,4,0.6666666666666666,1.0
cat,CM1,3,SPL1,1,0,False,0,0.0,0,False,0.0,0.0,0.0,0.0,6,1.0,1.0
cat,CM1,3,SPL1,2,0,False,0,0.0,0,False,0.0,0.0,0.0,0.0,6,1.0,1.0
cat,CM1,3,SPL2,1,0,False,0,0.0,0,False,0.0,0.0,0.0,0.0,6,1.0,1.0
cat,CM1,3,SPL3,1,0,False,0,0.0,0,False,0.0,0.0,0.0,0.0,6,1.0,1.0
cat,CM1,4,BOT1,1,0,False,3,0.25,0,False,0.7222222222222222,0.7222222222222222,0.2592592592592592,0.9814814814814816,4,0.16666666666666666,0.75
cat,CM1,4,BOT3,1,0,False,3,0.25,0,False,0.8148148148148148,0.8148148148148148,0.1666666666666666,0.9814814814814816,4,0.16666666666666666,0.75
cat,CM1,4,COR1,1,0,False,0,0.0,0,False,0.0,0.0,0.0,0.0,8,0.3333333333333333,1.0
cat,CM1,4,MUL1,1,0,False,0,0.0,0,False,0.0,0.0,0.0,0.0,24,1.0,1.0
cat,CM1,3,MUL4,1,0,False,0,0.0,0,False,0.0,0.0,0.0,0.0,4,0.6666666666666666,1.0
cat,CM1,3,MUL5,1,0,False,0,0.0,0,False,0.0,0.0,0.0,0.0,4,0.6666666666666666,1.0
cat,CM1,3,OPEN,1,0,False,0,0.0,0,False,0.0,0.0,0.0,0.0,6,1.0,1.0
cat,CM1,3,OPEN,2,0,False,0,0.0,0,False,0.0,0.0,0.0,0.0,6,1.0,1.0
cat,CM1,3,SPB1,1,0,False,0,0.0,0,False,0.0,0.0,0.0,0.0,4,0.6666666666666666,1.0
cat,CM1,3,SPB1,2,0,False,0,0.0,0,False,0.0,0.0,0.0,0.0,4,0.6666666666666666,1.0
cat,CM1,3,SPB2,1,0,False,0,0.0,0,False,0.0,0.0,0.0,0.0,4,0.6666666666666666,1.0
cat,CM1,3,SPB3,1,0,False,0,0.0,0,False,0.0,0.0,0.0,0.0,4,0.6666666666666666,1.0
cat,CM10,3,OPEN,1,0,False,0,0.0,0,False,0.0,0.0,0.0,0.0,6,1.0,1.0
cat,CM10,3,SPB1,1,0,False,0,0.0,0,False,0.0,0.0,0.0,0.0,0,0.0,0.0
cat,CM10,3,SPB2,1,0,False,0,0.0,0,False,0.0,0.0,0.0,0.0,2,0.3333333333333333,0.6666666666666666
cat,CM10,3,SPB3,1,0,False,0,0.0,0,False,0.0,0.0,0.0,0.0,0,0.0,0.0
cat,CM10,3,SPL1,1,0,False,0,0.0,0,False,0.0,0.0,0.0,0.0,4,0.6666666666666666,1.0
cat,CM10,3,SPL2,1,0,False,0,0.0,0,False,0.0,0.0,0.0,0.0,6,1.0,1.0
cat,CM10,3,SPL3,1,0,False,0,0.0,0,False,0.0,0.0,0.0,0.0,2,0.3333333333333333,0.6666666666666666
cat,CM10,4,BOT1,1,0,False,3,0.25,0,False,0.7777777777777778,0.7777777777777778,0.2037037037037037,0.9814814814814816,0,0.0,0.0
cat,CM1,3,COR1,1,0,False,0,0.0,0,False,0.0,0.0,0.0,0.0,4,0.6666666666666666,1.0
cat,CM1,3,COR1,2,0,False,0,0.0,0,False,0.0,0.0,0.0,0.0,4,0.6666666666666666,1.0
cat,CM1,3,COR2,1,0,False,0,0.0,0,False,0.0,0.0,0.0,0.0,4,0.6666666666666666,1.0
cat,CM1,3,COR3,1,0,False,0,0.0,0,False,0.0,0.0,0.0,0.0,4,0.6666666666666666,1.0
cat,CM1,3,MUL1,1,0,False,0,0.0,0,False,0.0,0.0,0.0,0.0,6,1.0,1.0
cat,CM1,3,MUL1,2,0,False,0,0.0,0,False,0.0,0.0,0.0,0.0,6,1.0,1.0
cat,CM1,3,MUL2,1,0,False,0,0.0,0,False,0.0,0.0,0.0,0.0,6,1.0,1.0
cat,CM1,3,MUL3,1,0,False,0,0.0,0,False,0.0,0.0,0.0,0.0,6,1.0,1.0
cat,CM10,4,BOT3,1,0,False,3,0.25,0,False,0.7407407407407407,0.7407407407407407,0.2407407407407407,0.9814814814814816,0,0.0,0.0
cat,CM10,4,COR1,1,0,False,0,0.0,0,False,0.0,0.0,0.0,0.0,0,0.0,0.0
cat,CM10,4,MUL1,1,0,False,0,0.0,0,False,0.0,0.0,0.0,0.0,6,0.25,0.75
cat,CM10,4,MUL4,1,0,False,0,0.0,0,False,0.0,0.0,0.0,0.0,0,0.0,0.0
cat,CM10,4,OPEN,1,0,False,0,0.0,0,False,0.0,0.0,0.0,0.0,24,1.0,1.0
cat,CM10,4,SPB1,1,0,False,0,0.0,0,False,0.0,0.0,0.0,0.0,0,0.0,0.0
cat,CM10,4,SPB3,1,0,False,0,0.0,0,False,0.0,0.0,0.0,0.0,0,0.0,0.0
cat,CM10,4,SPL1,1,0,False,0,0.0,0,False,0.0,0.0,0.0,0.0,6,0.25,0.75
cat,CM2,3,BOT1,1,0,False,2,0.3333333333333333,0,False,0.6666666666666666,0.6666666666666666,0.3148148148148148,0.9814814814814816,2,0.3333333333333333,0.6666666666666666
cat,CM2,3,BOT2,1,0,False,2,0.3333333333333333,0,False,0.6666666666666666,0.6666666666666666,0.3148148148148148,0.9814814814814816,2,0.3333333333333333,0.6666666666666666
cat,CM2,3,BOT3,1,0,False,2,0.3333333333333333,0,False,0.6666666666666666,0.6666666666666666,0.3148148148148148,0.9814814814814816,2,0.3333333333333333,0.6666666666666666
cat,CM2,3,COR1,1,0,False,0,0.0,0,False,0.0,0.0,0.0,0.0,4,0.6666666666666666,1.0
cat,CM2,3,COR2,1,0,False,0,0.0,0,False,0.0,0.0,0.0,0.0,4,0.6666666666666666,1.0
cat,CM2,3,COR3,1,0,False,0,0.0,0,False,0.0,0.0,0.0,0.0,2,0.3333333333333333,0.6666666666666666
cat,CM2,3,MUL1,1,0,False,0,0.0,0,False,0.0,0.0,0.0,0.0,6,1.0,1.0
cat,CM2,3,MUL2,1,0,False,0,0.0,0,False,0.0,0.0,0.0,0.0,6,1.0,1.0
cat,CM2,3,MUL3,1,0,False,0,0.0,0,False,0.0,0.0,0.0,0.0,6,1.0,1.0
cat,CM2,3,MUL4,1,0,False,0,0.0,0,False,0.0,0.0,0.0,0.0,6,1.0,1.0
cat,CM2,3,MUL5,1,0,False,0,0.0,0,False,0.0,0.0,0.0,0.0,4,0.6666666666666666,1.0
cat,CM2,3,OPEN,1,0,False,0,0.0,0,False,0.0,0.0,0.0,0.0,6,1.0,1.0
cat,CM2,3,SPB1,1,0,False,0,0.0,0,False,0.0,0.0,0.0,0.0,4,0.6666666666666666,1.0
cat,CM2,3,SPB2,1,0,False,0,0.0,0,False,0.0,0.0,0.0,0.0,4,0.6666666666666666,1.0
cat,CM2,3,SPB3,1,0,False,0,0.0,0,False,0.0,0.0,0.0,0.0,4,0.6666666666666666,1.0
cat,CM2,3,SPL1,1,0,False,0,0.0,0,False,0.0,0.0,0.0,0.0,6,1.0,1.0
cat,CM2,4,SPB1,1,0,False,0,0.0,0,False,0.0,0.0,0.0,0.0,12,0.5,1.0
cat,CM2,4,SPB3,1,0,False,0,0.0,0,False,0.0,0.0,0.0,0.0,8,0.3333333333333333,1.0
cat,CM2,4,SPL1,1,0,False,0,0.0,0,False,0.0,0.0,0.0,0.0,24,1.0,1.0
cat,CM3,3,BOT1,1,0,False,2,0.3333333333333333,0,False,0.2222222222222222,0.2222222222222222,0.7592592592592593,0.9814814814814816,2,0.3333333333333333,0.6666666666666666
cat,CM3,3,BOT2,1,0,False,2,0.3333333333333333,0,False,0.8888888888888888,0.8888888888888888,0.0925925925925925,0.9814814814814816,1,0.16666666666666666,0.3333333333333333
cat,CM3,3,BOT3,1,0,False,2,0.3333333333333333,0,False,0.2222222222222222,0.2222222222222222,0.7592592592592593,0.9814814814814816,2,0.3333333333333333,0.6666666666666666
cat,CM3,3,COR1,1,0,False,0,0.0,0,False,0.0,0.0,0.0,0.0,2,0.3333333333333333,0.6666666666666666
cat,CM3,3,COR2,1,0,False,0,0.0,0,False,0.0,0.0,0.0,0.0,2,0.3333333333333333,0.6666666666666666
cat,CM2,3,SPL2,1,0,False,0,0.0,0,False,0.0,0.0,0.0,0.0,6,1.0,1.0
cat,CM2,3,SPL3,1,0,False,0,0.0,0,False,0.0,0.0,0.0,0.0,6,1.0,1.0
cat,CM2,4,BOT1,1,0,False,3,0.25,0,False,0.7592592592592593,0.7592592592592593,0.2222222222222222,0.9814814814814816,4,0.16666666666666666,0.75
cat,CM2,4,BOT3,1,0,False,3,0.25,0,False,0.7407407407407407,0.7407407407407407,0.2407407407407407,0.9814814814814816,4,0.16666666666666666,0.75
cat,CM2,4,COR1,1,0,False,0,0.0,0,False,0.0,0.0,0.0,0.0,8,0.3333333333333333,1.0
cat,CM2,4,MUL1,1,0,False,0,0.0,0,False,0.0,0.0,0.0,0.0,24,1.0,1.0
cat,CM2,4,MUL4,1,0,False,0,0.0,0,False,0.0,0.0,0.0,0.0,16,0.6666666666666666,1.0
cat,CM2,4,OPEN,1,0,False,0,0.0,0,False,0.0,0.0,0.0,0.0,24,1.0,1.0
cat,CM3,3,COR3,1,0,False,0,0.0,0,False,0.0,0.0,0.0,0.0,3,0.5,0.6666666666666666
cat,CM3,3,MUL1,1,0,False,0,0.0,0,False,0.0,0.0,0.0,0.0,3,0.5,0.6666666666666666
cat,CM3,3,MUL2,1,0,False,0,0.0,0,False,0.0,0.0,0.0,0.0,3,0.5,0.6666666666666666
cat,CM3,3,MUL3,1,0,False,0,0.0,0,False,0.0,0.0,0.0,0.0,3,0.5,0.6666666666666666
cat,CM3,3,MUL4,1,0,False,0,0.0,0,False,0.0,0.0,0.0,0.0,2,0.3333333333333333,0.6666666666666666
cat,CM3,3,MUL5,1,0,False,0,0.0,0,False,0.0,0.0,0.0,0.0,2,0.3333333333333333,0.6666666666666666
cat,CM3,3,OPEN,1,0,False,0,0.0,0,False,0.0,0.0,0.0,0.0,3,0.5,0.6666666666666666
cat,CM3,3,SPB1,1,0,False,0,0.0,0,False,0.0,0.0,0.0,0.0,2,0.3333333333333333,0.6666666666666666
cat,CM3,3,SPB2,1,0,False,0,0.0,0,False,0.0,0.0,0.0,0.0,2,0.3333333333333333,0.6666666666666666
cat,CM3,3,SPB3,1,0,False,0,0.0,0,False,0.0,0.0,0.0,0.0,2,0.3333333333333333,0.6666666666666666
cat,CM3,3,SPL1,1,0,False,0,0.0,0,False,0.0,0.0,0.0,0.0,3,0.5,0.6666666666666666
cat,CM3,3,SPL2,1,0,False,0,0.0,0,False,0.0,0.0,0.0,0.0,3,0.5,0.6666666666666666
cat,CM3,3,SPL3,1,0,False,0,0.0,0,False,0.0,0.0,0.0,0.0,3,0.5,0.6666666666666666
cat,CM3,4,BOT1,1,0,False,3,0.25,0,False,0.3333333333333333,0.3333333333333333,0.6481481481481481,0.9814814814814816,6,0.25,0.75
cat,CM3,4,BOT3,1,0,False,3,0.25,0,False,0.3333333333333333,0.3333333333333333,0.6481481481481481,0.9814814814814816,6,0.25,0.75
cat,CM3,4,COR1,1,0,False,0,0.0,0,False,0.0,0.0,0.0,0.0,6,0.25,0.75
cat,CM3,4,MUL1,1,0,False,0,0.0,0,False,0.0,0.0,0.0,0.0,16,0.6666666666666666,1.0
cat,CM3,4,MUL4,1,0,False,0,0.0,0,False,0.0,0.0,0.0,0.0,6,0.25,0.75
cat,CM3,4,OPEN,1,0,False,0,0.0,0,False,0.0,0.0,0.0,0.0,16,0.6666666666666666,1.0
cat,CM3,4,SPB1,1,0,False,0,0.0,0,False,0.0,0.0,0.0,0.0,12,0.5,1.0
cat,CM3,4,SPB3,1,0,False,0,0.0,0,False,0.0,0.0,0.0,0.0,12,0.5,1.0
cat,CM3,4,SPL1,1,0,False,0,0.0,0,False,0.0,0.0,0.0,0.0,16,0.6666666666666666,1.0
cat,CM4,3,BOT1,1,0,False,2,0.3333333333333333,0,False,0.5925925925925926,0.5925925925925926,0.3888888888888889,0.9814814814814816,1,0.16666666666666666,0.3333333333333333
cat,CM4,3,BOT2,1,0,False,2,0.3333333333333333,0,False,0.6481481481481481,0.6481481481481481,0.3333333333333333,0.9814814814814816,2,0.3333333333333333,0.6666666666666666
cat,CM4,3,BOT3,1,0,False,2,0.3333333333333333,0,False,0.5925925925925926,0.5925925925925926,0.3888888888888889,0.9814814814814816,1,0.16666666666666666,0.3333333333333333
cat,CM4,3,COR1,1,0,False,0,0.0,0,False,0.0,0.0,0.0,0.0,6,1.0,1.0
cat,CM4,3,COR2,1,0,False,0,0.0,0,False,0.0,0.0,0.0,0.0,1,0.16666666666666666,0.3333333333333333
cat,CM4,3,COR3,1,0,False,0,0.0,0,False,0.0,0.0,0.0,0.0,3,0.5,0.6666666666666666
cat,CM4,3,MUL1,1,0,False,0,0.0,0,False,0.0,0.0,0.0,0.0,6,1.0,1.0
cat,CM4,3,MUL2,1,0,False,0,0.0,0,False,0.0,0.0,0.0,0.0,4,0.6666666666666666,1.0
cat,CM4,3,MUL3,1,0,False,0,0.0,0,False,0.0,0.0,0.0,0.0,6,1.0,1.0
cat,CM4,3,MUL4,1,0,False,0,0.0,0,False,0.0,0.0,0.0,0.0,6,1.0,1.0
cat,CM4,3,MUL5,1,0,False,0,0.0,0,False,0.0,0.0,0.0,0.0,3,0.5,0.6666666666666666
cat,CM4,3,OPEN,1,0,False,0,0.0,0,False,0.0,0.0,0.0,0.0,6,1.0,1.0
cat,CM4,3,SPB1,1,0,False,0,0.0,0,False,0.0,0.0,0.0,0.0,4,0.6666666666666666,1.0
cat,CM4,3,SPB2,1,0,False,0,0.0,0,False,0.0,0.0,0.0,0.0,4,0.6666666666666666,1.0
cat,CM4,3,SPB3,1,0,False,0,0.0,0,False,0.0,0.0,0.0,0.0,4,0.6666666666666666,1.0
cat,CM4,3,SPL1,1,0,False,0,0.0,0,False,0.0,0.0,0.0,0.0,6,1.0,1.0
cat,CM4,3,SPL2,1,0,False,0,0.0,0,False,0.0,0.0,0.0,0.0,4,0.6666666666666666,1.0
cat,CM4,3,SPL3,1,0,False,0,0.0,0,False,0.0,0.0,0.0,0.0,6,1.0,1.0
cat,CM4,4,BOT1,1,0,False,3,0.25,0,False,0.7592592592592593,0.7592592592592593,0.2222222222222222,0.9814814814814816,3,0.125,0.5
cat,CM4,4,BOT3,1,0,False,3,0.25,0,False,0.6481481481481481,0.6481481481481481,0.3333333333333333,0.9814814814814816,3,0.125,0.5
cat,CM4,4,COR1,1,0,False,0,0.0,0,False,0.0,0.0,0.0,0.0,24,1.0,1.0
cat,CM4,4,MUL1,1,0,False,0,0.0,0,False,0.0,0.0,0.0,0.0,24,1.0,1.0
cat,CM4,4,MUL4,1,0,False,0,0.0,0,False,0.0,0.0,0.0,0.0,24,1.0,1.0
cat,CM4,4,OPEN,1,0,False,0,0.0,0,False,0.0,0.0,0.0,0.0,24,1.0,1.0
cat,CM4,4,SPB1,1,0,False,0,0.0,0,False,0.0,0.0,0.0,0.0,9,0.375,0.75
cat,CM4,4,SPB3,1,0,False,0,0.0,0,False,0.0,0.0,0.0,0.0,10,0.4166666666666667,1.0
cat,CM5,3,SPL3,1,0,False,0,0.0,0,False,0.0,0.0,0.0,0.0,0,0.0,0.0
cat,CM5,4,BOT1,1,0,False,3,0.25,0,False,0.7407407407407407,0.7407407407407407,0.2407407407407407,0.9814814814814816,0,0.0,0.0
cat,CM5,4,BOT3,1,0,False,3,0.25,0,False,0.7592592592592593,0.7592592592592593,0.2222222222222222,0.9814814814814816,0,0.0,0.0
cat,CM5,4,COR1,1,0,False,0,0.0,0,False,0.0,0.0,0.0,0.0,0,0.0,0.0
cat,CM5,4,MUL1,1,0,False,0,0.0,0,False,0.0,0.0,0.0,0.0,0,0.0,0.0
cat,CM5,4,MUL4,1,0,False,0,0.0,0,False,0.0,0.0,0.0,0.0,0,0.0,0.0
cat,CM5,4,OPEN,1,0,False,0,0.0,0,False,0.0,0.0,0.0,0.0,0,0.0,0.0
cat,CM5,4,SPB1,1,0,False,0,0.0,0,False,0.0,0.0,0.0,0.0,0,0.0,0.0
cat,CM5,3,COR3,1,0,False,0,0.0,0,False,0.0,0.0,0.0,0.0,0,0.0,0.0
cat,CM5,3,MUL1,1,0,False,0,0.0,0,False,0.0,0.0,0.0,0.0,0,0.0,0.0
cat,CM5,3,MUL1,2,0,False,0,0.0,0,False,0.0,0.0,0.0,0.0,0,0.0,0.0
cat,CM5,3,MUL2,1,0,False,0,0.0,0,False,0.0,0.0,0.0,0.0,0,0.0,0.0
cat,CM5,3,MUL3,1,0,False,0,0.0,0,False,0.0,0.0,0.0,0.0,0,0.0,0.0
cat,CM5,3,MUL4,1,0,False,0,0.0,0,False,0.0,0.0,0.0,0.0,0,0.0,0.0
cat,CM5,3,MUL5,1,0,False,0,0.0,0,False,0.0,0.0,0.0,0.0,0,0.0,0.0
cat,CM5,3,OPEN,1,0,False,0,0.0,0,False,0.0,0.0,0.0,0.0,0,0.0,0.0
cat,CM4,4,SPL1,1,0,False,0,0.0,0,False,0.0,0.0,0.0,0.0,24,1.0,1.0
cat,CM5,3,BOT1,1,0,False,2,0.3333333333333333,0,False,0.6666666666666666,0.6666666666666666,0.3148148148148148,0.9814814814814816,0,0.0,0.0
cat,CM5,3,BOT1,2,0,False,2,0.3333333333333333,0,False,0.6666666666666666,0.6666666666666666,0.3287037037037037,0.9953703703703703,0,0.0,0.0
cat,CM5,3,BOT2,1,0,False,2,0.3333333333333333,0,False,0.6481481481481481,0.6481481481481481,0.3333333333333333,0.9814814814814816,0,0.0,0.0
cat,CM5,3,BOT3,1,0,False,2,0.3333333333333333,0,False,0.6666666666666666,0.6666666666666666,0.3148148148148148,0.9814814814814816,0,0.0,0.0
cat,CM5,3,COR1,1,0,False,0,0.0,0,False,0.0,0.0,0.0,0.0,0,0.0,0.0
cat,CM5,3,COR1,2,0,False,0,0.0,0,False,0.0,0.0,0.0,0.0,0,0.0,0.0
cat,CM5,3,COR2,1,0,False,0,0.0,0,False,0.0,0.0,0.0,0.0,0,0.0,0.0
cat,CM5,4,SPB3,1,0,False,0,0.0,0,False,0.0,0.0,0.0,0.0,0,0.0,0.0
cat,CM5,4,SPL1,1,0,False,0,0.0,0,False,0.0,0.0,0.0,0.0,0,0.0,0.0
cat,CM6,3,BOT1,1,0,False,2,0.3333333333333333,0,False,0.5555555555555556,0.5555555555555556,0.4259259259259259,0.9814814814814816,0,0.0,0.0
cat,CM6,3,BOT2,1,0,False,2,0.3333333333333333,0,False,0.5740740740740741,0.5740740740740741,0.4074074074074074,0.9814814814814816,2,0.3333333333333333,0.6666666666666666
cat,CM6,3,BOT3,1,0,False,2,0.3333333333333333,0,False,0.5555555555555556,0.5555555555555556,0.4259259259259259,0.9814814814814816,0,0.0,0.0
cat,CM6,3,COR1,1,0,False,0,0.0,0,False,0.0,0.0,0.0,0.0,4,0.6666666666666666,1.0
cat,CM6,3,COR2,1,0,False,0,0.0,0,False,0.0,0.0,0.0,0.0,0,0.0,0.0
cat,CM6,3,COR3,1,0,False,0,0.0,0,False,0.0,0.0,0.0,0.0,2,0.3333333333333333,0.6666666666666666
cat,CM5,3,OPEN,2,0,False,0,0.0,0,False,0.0,0.0,0.0,0.0,0,0.0,0.0
cat,CM5,3,SPB1,1,0,False,0,0.0,0,False,0.0,0.0,0.0,0.0,0,0.0,0.0
cat,CM5,3,SPB1,2,0,False,0,0.0,0,False,0.0,0.0,0.0,0.0,0,0.0,0.0
cat,CM5,3,SPB2,1,0,False,0,0.0,0,False,0.0,0.0,0.0,0.0,0,0.0,0.0
cat,CM5,3,SPB3,1,0,False,0,0.0,0,False,0.0,0.0,0.0,0.0,0,0.0,0.0
cat,CM5,3,SPL1,1,0,False,0,0.0,0,False,0.0,0.0,0.0,0.0,0,0.0,0.0
cat,CM5,3,SPL1,2,0,False,0,0.0,0,False,0.0,0.0,0.0,0.0,0,0.0,0.0
cat,CM5,3,SPL2,1,0,False,0,0.0,0,False,0.0,0.0,0.0,0.0,0,0.0,0.0
cat,CM6,3,SPB3,1,0,False,0,0.0,0,False,0.0,0.0,0.0,0.0,2,0.3333333333333333,0.6666666666666666
cat,CM6,3,SPL1,1,0,False,0,0.0,0,False,0.0,0.0,0.0,0.0,6,1.0,1.0
cat,CM6,3,SPL2,1,0,False,0,0.0,0,False,0.0,0.0,0.0,0.0,6,1.0,1.0
cat,CM6,3,SPL3,1,0,False,0,0.0,0,False,0.0,0.0,0.0,0.0,6,1.0,1.0
cat,CM6,4,BOT1,1,0,False,3,0.25,0,False,0.5555555555555556,0.5555555555555556,0.4259259259259259,0.9814814814814816,0,0.0,0.0
cat,CM6,4,BOT3,1,0,False,3,0.25,0,False,0.5555555555555556,0.5555555555555556,0.4259259259259259,0.9814814814814816,0,0.0,0.0
cat,CM6,4,COR1,1,0,False,0,0.0,0,False,0.0,0.0,0.0,0.0,10,0.4166666666666667,1.0
cat,CM6,4,MUL1,1,0,False,0,0.0,0,False,0.0,0.0,0.0,0.0,18,0.75,1.0
cat,CM6,3,MUL1,1,0,False,0,0.0,0,False,0.0,0.0,0.0,0.0,6,1.0,1.0
cat,CM6,3,MUL2,1,0,False,0,0.0,0,False,0.0,0.0,0.0,0.0,4,0.6666666666666666,1.0
cat,CM6,3,MUL3,1,0,False,0,0.0,0,False,0.0,0.0,0.0,0.0,6,1.0,1.0
cat,CM6,3,MUL4,1,0,False,0,0.0,0,False,0.0,0.0,0.0,0.0,4,0.6666666666666666,1.0
cat,CM6,3,MUL5,1,0,False,0,0.0,0,False,0.0,0.0,0.0,0.0,2,0.3333333333333333,0.6666666666666666
cat,CM6,3,OPEN,1,0,False,0,0.0,0,False,0.0,0.0,0.0,0.0,6,1.0,1.0
cat,CM6,3,SPB1,1,0,False,0,0.0,0,False,0.0,0.0,0.0,0.0,2,0.3333333333333333,0.6666666666666666
cat,CM6,3,SPB2,1,0,False,0,0.0,0,False,0.0,0.0,0.0,0.0,2,0.3333333333333333,0.6666666666666666
cat,CM6,4,MUL4,1,0,False,0,0.0,0,False,0.0,0.0,0.0,0.0,10,0.4166666666666667,1.0
cat,CM6,4,OPEN,1,0,False,0,0.0,0,False,0.0,0.0,0.0,0.0,18,0.75,1.0
cat,CM6,4,SPB1,1,0,False,0,0.0,0,False,0.0,0.0,0.0,0.0,4,0.16666666666666666,0.75
cat,CM6,4,SPB3,1,0,False,0,0.0,0,False,0.0,0.0,0.0,0.0,4,0.16666666666666666,0.75
cat,CM6,4,SPL1,1,0,False,0,0.0,0,False,0.0,0.0,0.0,0.0,18,0.75,1.0
cat,CM7,3,BOT1,1,0,False,2,0.3333333333333333,0,False,0.6666666666666666,0.6666666666666666,0.3148148148148148,0.9814814814814816,0,0.0,0.0
cat,CM7,3,BOT1,2,0,False,2,0.3333333333333333,0,False,0.6666666666666666,0.6666666666666666,0.3287037037037037,0.9953703703703703,0,0.0,0.0
cat,CM7,3,BOT2,1,0,False,2,0.3333333333333333,0,False,0.6666666666666666,0.6666666666666666,0.3148148148148148,0.9814814814814816,0,0.0,0.0
cat,CM7,3,BOT3,1,0,False,2,0.3333333333333333,0,False,0.6666666666666666,0.6666666666666666,0.3148148148148148,0.9814814814814816,0,0.0,0.0
cat,CM7,3,COR1,1,0,False,0,0.0,0,False,0.0,0.0,0.0,0.0,0,0.0,0.0
cat,CM7,3,COR1,2,0,False,0,0.0,0,False,0.0,0.0,0.0,0.0,0,0.0,0.0
cat,CM7,3,COR2,1,0,False,0,0.0,0,False,0.0,0.0,0.0,0.0,0,0.0,0.0
cat,CM7,3,COR3,1,0,False,0,0.0,0,False,0.0,0.0,0.0,0.0,0,0.0,0.0
cat,CM7,3,MUL1,1,0,False,0,0.0,0,False,0.0,0.0,0.0,0.0,0,0.0,0.0
cat,CM7,3,MUL1,2,0,False,0,0.0,0,False,0.0,0.0,0.0,0.0,0,0.0,0.0
cat,CM7,3,MUL2,1,0,False,0,0.0,0,False,0.0,0.0,0.0,0.0,0,0.0,0.0
cat,CM7,3,SPB3,1,0,False,0,0.0,0,False,0.0,0.0,0.0,0.0,0,0.0,0.0
cat,CM7,3,SPL1,1,0,False,0,0.0,0,False,0.0,0.0,0.0,0.0,0,0.0,0.0
cat,CM7,3,SPL1,2,0,False,0,0.0,0,False,0.0,0.0,0.0,0.0,0,0.0,0.0
cat,CM7,3,SPL2,1,0,False,0,0.0,0,False,0.0,0.0,0.0,0.0,0,0.0,0.0
cat,CM7,3,SPL3,1,0,False,0,0.0,0,False,0.0,0.0,0.0,0.0,0,0.0,0.0
cat,CM7,4,BOT1,1,0,False,3,0.25,0,False,0.7407407407407407,0.7407407407407407,0.2407407407407407,0.9814814814814816,0,0.0,0.0
cat,CM7,4,BOT3,1,0,False,3,0.25,0,False,0.7407407407407407,0.7407407407407407,0.2407407407407407,0.9814814814814816,0,0.0,0.0
cat,CM7,4,COR1,1,0,False,0,0.0,0,False,0.0,0.0,0.0,0.0,0,0.0,0.0
cat,CM7,3,MUL3,1,0,False,0,0.0,0,False,0.0,0.0,0.0,0.0,0,0.0,0.0
cat,CM7,3,MUL4,1,0,False,0,0.0,0,False,0.0,0.0,0.0,0.0,0,0.0,0.0
cat,CM7,3,MUL5,1,0,False,0,0.0,0,False,0.0,0.0,0.0,0.0,0,0.0,0.0
cat,CM7,3,OPEN,1,0,False,0,0.0,0,False,0.0,0.0,0.0,0.0,0,0.0,0.0
cat,CM7,3,OPEN,2,0,False,0,0.0,0,False,0.0,0.0,0.0,0.0,0,0.0,0.0
cat,CM7,3,SPB1,1,0,False,0,0.0,0,False,0.0,0.0,0.0,0.0,0,0.0,0.0
cat,CM7,3,SPB1,2,0,False,0,0.0,0,False,0.0,0.0,0.0,0.0,0,0.0,0.0
cat,CM7,3,SPB2,1,0,False,0,0.0,0,False,0.0,0.0,0.0,0.0,0,0.0,0.0
cat,CM7,4,MUL1,1,0,False,0,0.0,0,False,0.0,0.0,0.0,0.0,0,0.0,0.0
cat,CM7,4,MUL4,1,0,False,0,0.0,0,False,0.0,0.0,0.0,0.0,0,0.0,0.0
cat,CM7,4,OPEN,1,0,False,0,0.0,0,False,0.0,0.0,0.0,0.0,0,0.0,0.0
cat,CM7,4,SPB1,1,0,False,0,0.0,0,False,0.0,0.0,0.0,0.0,0,0.0,0.0
cat,CM7,4,SPB3,1,0,False,0,0.0,0,False,0.0,0.0,0.0,0.0,0,0.0,0.0
cat,CM7,4,SPL1,1,0,False,0,0.0,0,False,0.0,0.0,0.0,0.0,0,0.0,0.0
cat,CM8,3,BOT1,1,0,False,2,0.3333333333333333,0,False,0.6666666666666666,0.6666666666666666,0.3148148148148148,0.9814814814814816,0,0.0,0.0
cat,CM8,3,BOT1,2,0,False,2,0.3333333333333333,0,False,0.6666666666666666,0.6666666666666666,0.3287037037037037,0.9953703703703703,0,0.0,0.0
cat,CM8,4,COR1,1,0,False,0,0.0,0,False,0.0,0.0,0.0,0.0,1,0.041666666666666664,0.25
cat,CM8,4,MUL1,1,0,False,0,0.0,0,False,0.0,0.0,0.0,0.0,1,0.041666666666666664,0.25
cat,CM8,4,MUL4,1,0,False,0,0.0,0,False,0.0,0.0,0.0,0.0,1,0.041666666666666664,0.25
cat,CM8,4,OPEN,1,0,False,0,0.0,0,False,0.0,0.0,0.0,0.0,1,0.041666666666666664,0.25
cat,CM8,4,SPB1,1,0,False,0,0.0,0,False,0.0,0.0,0.0,0.0,1,0.041666666666666664,0.25
cat,CM8,4,SPB3,1,0,False,0,0.0,0,False,0.0,0.0,0.0,0.0,1,0.041666666666666664,0.25
cat,CM8,4,SPL1,1,0,False,0,0.0,0,False,0.0,0.0,0.0,0.0,1,0.041666666666666664,0.25
cat,CM9,3,BOT1,1,0,False,2,0.3333333333333333,0,False,0.6666666666666666,0.6666666666666666,0.3148148148148148,0.9814814814814816,1,0.16666666666666666,0.3333333333333333
cat,CM8,3,BOT2,1,0,False,2,0.3333333333333333,0,False,0.6666666666666666,0.6666666666666666,0.3148148148148148,0.9814814814814816,1,0.16666666666666666,0.3333333333333333
cat,CM8,3,BOT3,1,0,False,2,0.3333333333333333,0,False,0.6666666666666666,0.6666666666666666,0.3148148148148148,0.9814814814814816,1,0.16666666666666666,0.3333333333333333
cat,CM8,3,COR1,1,0,False,0,0.0,0,False,0.0,0.0,0.0,0.0,1,0.16666666666666666,0.3333333333333333
cat,CM8,3,COR1,2,0,False,0,0.0,0,False,0.0,0.0,0.0,0.0,1,0.16666666666666666,0.3333333333333333
cat,CM8,3,COR2,1,0,False,0,0.0,0,False,0.0,0.0,0.0,0.0,1,0.16666666666666666,0.3333333333333333
cat,CM8,3,COR3,1,0,False,0,0.0,0,False,0.0,0.0,0.0,0.0,1,0.16666666666666666,0.3333333333333333
cat,CM8,3,MUL1,1,0,False,0,0.0,0,False,0.0,0.0,0.0,0.0,1,0.16666666666666666,0.3333333333333333
cat,CM8,3,MUL1,2,0,False,0,0.0,0,False,0.0,0.0,0.0,0.0,1,0.16666666666666666,0.3333333333333333
cat,CM8,3,SPB2,1,0,False,0,0.0,0,False,0.0,0.0,0.0,0.0,1,0.16666666666666666,0.3333333333333333
cat,CM8,3,SPB3,1,0,False,0,0.0,0,False,0.0,0.0,0.0,0.0,1,0.16666666666666666,0.3333333333333333
cat,CM8,3,SPL1,1,0,False,0,0.0,0,False,0.0,0.0,0.0,0.0,1,0.16666666666666666,0.3333333333333333
cat,CM8,3,SPL1,2,0,False,0,0.0,0,False,0.0,0.0,0.0,0.0,1,0.16666666666666666,0.3333333333333333
cat,CM8,3,SPL2,1,0,False,0,0.0,0,False,0.0,0.0,0.0,0.0,1,0.16666666666666666,0.3333333333333333
cat,CM8,3,SPL3,1,0,False,0,0.0,0,False,0.0,0.0,0.0,0.0,1,0.16666666666666666,0.3333333333333333
cat,CM8,4,BOT1,1,0,False,3,0.25,0,False,0.7592592592592593,0.7592592592592593,0.2222222222222222,0.9814814814814816,0,0.0,0.0
cat,CM8,4,BOT3,1,0,False,3,0.25,0,False,0.7407407407407407,0.7407407407407407,0.2407407407407407,0.9814814814814816,1,0.041666666666666664,0.25
cat,CM9,3,BOT2,1,0,False,2,0.3333333333333333,0,False,0.6666666666666666,0.6666666666666666,0.3148148148148148,0.9814814814814816,1,0.16666666666666666,0.3333333333333333
cat,CM9,3,BOT3,1,0,False,2,0.3333333333333333,0,False,0.6666666666666666,0.6666666666666666,0.3148148148148148,0.9814814814814816,1,0.16666666666666666,0.3333333333333333
cat,CM9,3,COR1,1,0,False,0,0.0,0,False,0.0,0.0,0.0,0.0,3,0.5,0.6666666666666666
cat,CM9,3,COR2,1,0,False,0,0.0,0,False,0.0,0.0,0.0,0.0,6,1.0,1.0
cat,CM9,3,COR3,1,0,False,0,0.0,0,False,0.0,0.0,0.0,0.0,1,0.16666666666666666,0.3333333333333333
cat,CM9,3,MUL1,1,0,False,0,0.0,0,False,0.0,0.0,0.0,0.0,6,1.0,1.0
cat,CM9,3,MUL2,1,0,False,0,0.0,0,False,0.0,0.0,0.0,0.0,6,1.0,1.0
cat,CM9,3,MUL3,1,0,False,0,0.0,0,False,0.0,0.0,0.0,0.0,6,1.0,1.0
cat,CM8,3,MUL2,1,0,False,0,0.0,0,False,0.0,0.0,0.0,0.0,1,0.16666666666666666,0.3333333333333333
cat,CM8,3,MUL3,1,0,False,0,0.0,0,False,0.0,0.0,0.0,0.0,1,0.16666666666666666,0.3333333333333333
cat,CM8,3,MUL4,1,0,False,0,0.0,0,False,0.0,0.0,0.0,0.0,1,0.16666666666666666,0.3333333333333333
cat,CM8,3,MUL5,1,0,False,0,0.0,0,False,0.0,0.0,0.0,0.0,1,0.16666666666666666,0.3333333333333333
cat,CM8,3,OPEN,1,0,False,0,0.0,0,False,0.0,0.0,0.0,0.0,1,0.16666666666666666,0.3333333333333333
cat,CM8,3,OPEN,2,0,False,0,0.0,0,False,0.0,0.0,0.0,0.0,1,0.16666666666666666,0.3333333333333333
cat,CM8,3,SPB1,1,0,False,0,0.0,0,False,0.0,0.0,0.0,0.0,1,0.16666666666666666,0.3333333333333333
cat,CM8,3,SPB1,2,0,False,0,0.0,0,False,0.0,0.0,0.0,0.0,1,0.16666666666666666,0.3333333333333333
cat,CM9,3,SPL3,1,0,False,0,0.0,0,False,0.0,0.0,0.0,0.0,4,0.6666666666666666,1.0
cat,CM9,4,BOT1,1,0,False,3,0.25,0,False,0.7592592592592593,0.7592592592592593,0.2222222222222222,0.9814814814814816,1,0.041666666666666664,0.25
cat,CM9,4,BOT3,1,0,False,3,0.25,0,False,0.7407407407407407,0.7407407407407407,0.2407407407407407,0.9814814814814816,1,0.041666666666666664,0.25
cat,CM9,4,COR1,1,0,False,0,0.0,0,False,0.0,0.0,0.0,0.0,4,0.16666666666666666,0.5
cat,CM9,4,MUL1,1,0,False,0,0.0,0,False,0.0,0.0,0.0,0.0,24,1.0,1.0
cat,CM9,4,MUL4,1,0,False,0,0.0,0,False,0.0,0.0,0.0,0.0,16,0.6666666666666666,1.0
cat,CM9,4,OPEN,1,0,False,0,0.0,0,False,0.0,0.0,0.0,0.0,24,1.0,1.0
cat,CM9,4,SPB1,1,0,False,0,0.0,0,False,0.0,0.0,0.0,0.0,8,0.3333333333333333,1.0
cat,CM9,3,MUL4,1,0,False,0,0.0,0,False,0.0,0.0,0.0,0.0,6,1.0,1.0
cat,CM9,3,MUL5,1,0,False,0,0.0,0,False,0.0,0.0,0.0,0.0,6,1.0,1.0
cat,CM9,3,OPEN,1,0,False,0,0.0,0,False,0.0,0.0,0.0,0.0,6,1.0,1.0
cat,CM9,3,SPB1,1,0,False,0,0.0,0,False,0.0,0.0,0.0,0.0,4,0.6666666666666666,1.0
cat,CM9,3,SPB2,1,0,False,0,0.0,0,False,0.0,0.0,0.0,0.0,4,0.6666666666666666,1.0
cat,CM9,3,SPB3,1,0,False,0,0.0,0,False,0.0,0.0,0.0,0.0,1,0.16666666666666666,0.3333333333333333
cat,CM9,3,SPL1,1,0,False,0,0.0,0,False,0.0,0.0,0.0,0.0,6,1.0,1.0
cat,CM9,3,SPL2,1,0,False,0,0.0,0,False,0.0,0.0,0.0,0.0,6,1.0,1.0
house,CM1,3,SPL2,1,0,False,0,0.0,0,False,0.0,0.0,0.0,0.0,6,1.0,1.0
house,CM1,3,SPL3,1,0,False,0,0.0,0,False,0.0,0.0,0.0,0.0,6,1.0,1.0
house,CM1,4,BOT1,1,0,False,3,0.25,0,False,0.7777777777777778,0.7777777777777778,0.2098765432098765,0.9876543209876544,4,0.16666666666666666,0.75
house,CM1,4,BOT3,1,0,False,0,0.0,0,False,0.0,0.0,0.0,0.0,6,0.25,0.75
house,CM1,4,COR1,1,0,False,0,0.0,0,False,0.0,0.0,0.0,0.0,10,0.4166666666666667,1.0
house,CM1,4,MUL1,1,0,False,0,0.0,0,False,0.0,0.0,0.0,0.0,16,0.6666666666666666,1.0
house,CM1,4,MUL4,1,0,False,0,0.0,0,False,0.0,0.0,0.0,0.0,16,0.6666666666666666,1.0
house,CM1,4,OPEN,1,0,False,0,0.0,0,False,0.0,0.0,0.0,0.0,24,1.0,1.0
house,CM1,4,SPB1,1,0,False,0,0.0,0,False,0.0,0.0,0.0,0.0,12,0.5,1.0
house,CM1,4,SPB3,1,0,False,0,0.0,0,False,0.0,0.0,0.0,0.0,10,0.4166666666666667,1.0
house,CM1,4,SPL1,1,0,False,0,0.0,0,False,0.0,0.0,0.0,0.0,24,1.0,1.0
house,CM10,3,BOT1,1,0,False,2,0.3333333333333333,0,False,0.6666666666666666,0.6666666666666666,0.3209876543209876,0.9876543209876544,0,0.0,0.0
house,CM10,3,BOT2,1,0,False,0,0.0,0,False,0.0,0.0,0.0,0.0,0,0.0,0.0
house,CM10,3,BOT3,1,0,False,0,0.0,0,False,0.0,0.0,0.0,0.0,0,0.0,0.0
house,CM10,3,COR1,1,0,False,0,0.0,0,False,0.0,0.0,0.0,0.0,0,0.0,0.0
house,CM10,3,COR2,1,0,False,0,0.0,0,False,0.0,0.0,0.0,0.0,6,1.0,1.0
house,CM1,3,COR2,1,0,False,0,0.0,0,False,0.0,0.0,0.0,0.0,4,0.6666666666666666,1.0
house,CM1,3,COR3,1,0,False,0,0.0,0,False,0.0,0.0,0.0,0.0,4,0.6666666666666666,1.0
house,CM1,3,MUL1,1,0,False,0,0.0,0,False,0.0,0.0,0.0,0.0,6,1.0,1.0
house,CM1,3,MUL1,2,0,False,0,0.0,0,False,0.0,0.0,0.0,0.0,6,1.0,1.0
house,CM1,3,MUL2,1,0,False,0,0.0,0,False,0.0,0.0,0.0,0.0,4,0.6666666666666666,1.0
house,CM1,3,MUL3,1,0,False,0,0.0,0,False,0.0,0.0,0.0,0.0,6,1.0,1.0
house,CM1,3,MUL4,1,0,False,0,0.0,0,False,0.0,0.0,0.0,0.0,6,1.0,1.0
house,CM1,3,MUL5,1,0,False,0,0.0,0,False,0.0,0.0,0.0,0.0,4,0.6666666666666666,1.0
cat,CM9,4,SPB3,1,0,False,0,0.0,0,False,0.0,0.0,0.0,0.0,4,0.16666666666666666,0.5
cat,CM9,4,SPL1,1,0,False,0,0.0,0,False,0.0,0.0,0.0,0.0,24,1.0,1.0
house,CM1,3,BOT1,1,0,False,2,0.3333333333333333,0,False,0.6172839506172839,0.6172839506172839,0.3703703703703703,0.9876543209876544,2,0.3333333333333333,0.6666666666666666
house,CM1,3,BOT1,2,0,False,2,0.3333333333333333,0,False,0.6172839506172839,0.6172839506172839,0.3796296296296296,0.9969135802469136,2,0.3333333333333333,0.6666666666666666
house,CM1,3,BOT2,1,0,False,0,0.0,0,False,0.0,0.0,0.0,0.0,2,0.3333333333333333,0.6666666666666666
house,CM1,3,BOT3,1,0,False,0,0.0,0,False,0.0,0.0,0.0,0.0,4,0.6666666666666666,1.0
house,CM1,3,COR1,1,0,False,0,0.0,0,False,0.0,0.0,0.0,0.0,4,0.6666666666666666,1.0
house,CM1,3,COR1,2,0,False,0,0.0,0,False,0.0,0.0,0.0,0.0,4,0.6666666666666666,1.0
house,CM10,3,COR3,1,0,False,0,0.0,0,False,0.0,0.0,0.0,0.0,0,0.0,0.0
house,CM10,3,MUL1,1,0,False,0,0.0,0,False,0.0,0.0,0.0,0.0,6,1.0,1.0
house,CM10,3,MUL2,1,0,False,0,0.0,0,False,0.0,0.0,0.0,0.0,4,0.6666666666666666,1.0
house,CM10,3,MUL3,1,0,False,0,0.0,0,False,0.0,0.0,0.0,0.0,6,1.0,1.0
house,CM10,3,MUL4,1,0,False,0,0.0,0,False,0.0,0.0,0.0,0.0,2,0.3333333333333333,0.6666666666666666
house,CM10,3,MUL5,1,0,False,0,0.0,0,False,0.0,0.0,0.0,0.0,0,0.0,0.0
house,CM10,3,OPEN,1,0,False,0,0.0,0,False,0.0,0.0,0.0,0.0,6,1.0,1.0
house,CM10,3,SPB1,1,0,False,0,0.0,0,False,0.0,0.0,0.0,0.0,0,0.0,0.0
house,CM10,3,SPB2,1,0,False,0,0.0,0,False,0.0,0.0,0.0,0.0,1,0.16666666666666666,0.3333333333333333
house,CM10,3,SPB3,1,0,False,0,0.0,0,False,0.0,0.0,0.0,0.0,0,0.0,0.0
house,CM10,3,SPL1,1,0,False,0,0.0,0,False,0.0,0.0,0.0,0.0,2,0.3333333333333333,0.6666666666666666
house,CM10,3,SPL2,1,0,False,0,0.0,0,False,0.0,0.0,0.0,0.0,6,1.0,1.0
house,CM10,3,SPL3,1,0,False,0,0.0,0,False,0.0,0.0,0.0,0.0,0,0.0,0.0
house,CM10,4,BOT1,1,0,False,3,0.25,0,False,0.7530864197530864,0.7530864197530864,0.2345679012345679,0.9876543209876544,0,0.0,0.0
house,CM10,4,BOT3,1,0,False,0,0.0,0,False,0.0,0.0,0.0,0.0,0,0.0,0.0
house,CM10,4,COR1,1,0,False,0,0.0,0,False,0.0,0.0,0.0,0.0,0,0.0,0.0
house,CM10,4,MUL1,1,0,False,0,0.0,0,False,0.0,0.0,0.0,0.0,24,1.0,1.0
house,CM10,4,MUL4,1,0,False,0,0.0,0,False,0.0,0.0,0.0,0.0,4,0.16666666666666666,0.75
house,CM10,4,OPEN,1,0,False,0,0.0,0,False,0.0,0.0,0.0,0.0,24,1.0,1.0
house,CM10,4,SPB1,1,0,False,0,0.0,0,False,0.0,0.0,0.0,0.0,0,0.0,0.0
house,CM10,4,SPB3,1,0,False,0,0.0,0,False,0.0,0.0,0.0,0.0,0,0.0,0.0
house,CM10,4,SPL1,1,0,False,0,0.0,0,False,0.0,0.0,0.0,0.0,0,0.0,0.0
house,CM2,3,BOT1,1,0,False,2,0.3333333333333333,0,False,0.6666666666666666,0.6666666666666666,0.3209876543209876,0.9876543209876544,2,0.3333333333333333,0.6666666666666666
house,CM2,3,BOT2,1,0,False,0,0.0,0,False,0.0,0.0,0.0,0.0,2,0.3333333333333333,0.6666666666666666
house,CM2,3,BOT3,1,0,False,0,0.0,0,False,0.0,0.0,0.0,0.0,2,0.3333333333333333,0.6666666666666666
house,CM2,3,COR1,1,0,False,0,0.0,0,False,0.0,0.0,0.0,0.0,4,0.6666666666666666,1.0
house,CM2,3,COR2,1,0,False,0,0.0,0,False,0.0,0.0,0.0,0.0,4,0.6666666666666666,1.0
house,CM2,3,COR3,1,0,False,0,0.0,0,False,0.0,0.0,0.0,0.0,2,0.3333333333333333,0.6666666666666666
house,CM2,3,MUL1,1,0,False,0,0.0,0,False,0.0,0.0,0.0,0.0,6,1.0,1.0
house,CM2,3,MUL2,1,0,False,0,0.0,0,False,0.0,0.0,0.0,0.0,6,1.0,1.0
house,CM2,3,MUL3,1,0,False,0,0.0,0,False,0.0,0.0,0.0,0.0,6,1.0,1.0
house,CM2,3,MUL4,1,0,False,0,0.0,0,False,0.0,0.0,0.0,0.0,6,1.0,1.0
house,CM2,3,MUL5,1,0,False,0,0.0,0,False,0.0,0.0,0.0,0.0,4,0.6666666666666666,1.0
house,CM2,3,OPEN,1,0,False,0,0.0,0,False,0.0,0.0,0.0,0.0,6,1.0,1.0
house,CM2,3,SPB1,1,0,False,0,0.0,0,False,0.0,0.0,0.0,0.0,4,0.6666666666666666,1.0
house,CM2,3,SPB2,1,0,False,0,0.0,0,False,0.0,0.0,0.0,0.0,4,0.6666666666666666,1.0
house,CM2,3,SPB3,1,0,False,0,0.0,0,False,0.0,0.0,0.0,0.0,4,0.6666666666666666,1.0
house,CM2,3,SPL1,1,0,False,0,0.0,0,False,0.0,0.0,0.0,0.0,6,1.0,1.0
house,CM2,3,SPL2,1,0,False,0,0.0,0,False,0.0,0.0,0.0,0.0,6,1.0,1.0
house,CM2,3,SPL3,1,0,False,0,0.0,0,False,0.0,0.0,0.0,0.0,6,1.0,1.0
house,CM2,4,BOT1,1,0,False,3,0.25,0,False,0.7530864197530864,0.7530864197530864,0.2345679012345679,0.9876543209876544,4,0.16666666666666666,0.75
house,CM2,4,BOT3,1,0,False,0,0.0,0,False,0.0,0.0,0.0,0.0,4,0.16666666666666666,0.75
house,CM2,4,COR1,1,0,False,0,0.0,0,False,0.0,0.0,0.0,0.0,8,0.3333333333333333,1.0
house,CM2,4,MUL1,1,0,False,0,0.0,0,False,0.0,0.0,0.0,0.0,16,0.6666666666666666,1.0
house,CM2,4,MUL4,1,0,False,0,0.0,0,False,0.0,0.0,0.0,0.0,16,0.6666666666666666,1.0
house,CM2,4,OPEN,1,0,False,0,0.0,0,False,0.0,0.0,0.0,0.0,24,1.0,1.0
house,CM2,4,SPB1,1,0,False,0,0.0,0,False,0.0,0.0,0.0,0.0,12,0.5,1.0
house,CM2,4,SPB3,1,0,False,0,0.0,0,False,0.0,0.0,0.0,0.0,8,0.3333333333333333,1.0
house,CM2,4,SPL1,1,0,False,0,0.0,0,False,0.0,0.0,0.0,0.0,24,1.0,1.0
house,CM3,3,BOT1,1,0,False,2,0.3333333333333333,0,False,0.2469135802469135,0.2469135802469135,0.7407407407407407,0.9876543209876544,2,0.3333333333333333,0.6666666666666666
house,CM3,3,BOT2,1,0,False,0,0.0,0,False,0.0,0.0,0.0,0.0,2,0.3333333333333333,0.6666666666666666
house,CM3,3,BOT3,1,0,False,0,0.0,0,False,0.0,0.0,0.0,0.0,2,0.3333333333333333,0.6666666666666666
house,CM3,3,COR1,1,0,False,0,0.0,0,False,0.0,0.0,0.0,0.0,3,0.5,0.6666666666666666
house,CM3,3,COR2,1,0,False,0,0.0,0,False,0.0,0.0,0.0,0.0,2,0.3333333333333333,0.6666666666666666
house,CM3,3,COR3,1,0,False,0,0.0,0,False,0.0,0.0,0.0,0.0,2,0.3333333333333333,0.6666666666666666
house,CM3,3,MUL1,1,0,False,0,0.0,0,False,0.0,0.0,0.0,0.0,3,0.5,0.6666666666666666
house,CM1,3,OPEN,1,0,False,0,0.0,0,False,0.0,0.0,0.0,0.0,6,1.0,1.0
house,CM1,3,OPEN,2,0,False,0,0.0,0,False,0.0,0.0,0.0,0.0,6,1.0,1.0
house,CM1,3,SPB1,1,0,False,0,0.0,0,False,0.0,0.0,0.0,0.0,6,1.0,1.0
house,CM1,3,SPB1,2,0,False,0,0.0,0,False,0.0,0.0,0.0,0.0,6,1.0,1.0
house,CM1,3,SPB2,1,0,False,0,0.0,0,False,0.0,0.0,0.0,0.0,6,1.0,1.0
house,CM1,3,SPB3,1,0,False,0,0.0,0,False,0.0,0.0,0.0,0.0,4,0.6666666666666666,1.0
house,CM1,3,SPL1,1,0,False,0,0.0,0,False,0.0,0.0,0.0,0.0,6,1.0,1.0
house,CM1,3,SPL1,2,0,False,0,0.0,0,False,0.0,0.0,0.0,0.0,6,1.0,1.0
house,CM3,3,MUL2,1,0,False,0,0.0,0,False,0.0,0.0,0.0,0.0,2,0.3333333333333333,0.6666666666666666
house,CM3,3,MUL3,1,0,False,0,0.0,0,False,0.0,0.0,0.0,0.0,3,0.5,0.6666666666666666
house,CM3,3,MUL4,1,0,False,0,0.0,0,False,0.0,0.0,0.0,0.0,3,0.5,0.6666666666666666
house,CM3,3,MUL5,1,0,False,0,0.0,0,False,0.0,0.0,0.0,0.0,2,0.3333333333333333,0.6666666666666666
house,CM3,3,OPEN,1,0,False,0,0.0,0,False,0.0,0.0,0.0,0.0,3,0.5,0.6666666666666666
house,CM3,3,SPB1,1,0,False,0,0.0,0,False,0.0,0.0,0.0,0.0,3,0.5,0.6666666666666666
house,CM3,3,SPB2,1,0,False,0,0.0,0,False,0.0,0.0,0.0,0.0,3,0.5,0.6666666666666666
house,CM3,3,SPB3,1,0,False,0,0.0,0,False,0.0,0.0,0.0,0.0,2,0.3333333333333333,0.6666666666666666
house,CM3,3,SPL1,1,0,False,0,0.0,0,False,0.0,0.0,0.0,0.0,3,0.5,0.6666666666666666
house,CM3,3,SPL2,1,0,False,0,0.0,0,False,0.0,0.0,0.0,0.0,3,0.5,0.6666666666666666
house,CM3,3,SPL3,1,0,False,0,0.0,0,False,0.0,0.0,0.0,0.0,3,0.5,0.6666666666666666
house,CM3,4,BOT1,1,0,False,3,0.25,0,False,0.8765432098765432,0.8765432098765432,0.1111111111111111,0.9876543209876544,2,0.08333333333333333,0.5
house,CM3,4,BOT3,1,0,False,0,0.0,0,False,0.0,0.0,0.0,0.0,6,0.25,0.75
house,CM3,4,COR1,1,0,False,0,0.0,0,False,0.0,0.0,0.0,0.0,12,0.5,0.75
house,CM3,4,MUL1,1,0,False,0,0.0,0,False,0.0,0.0,0.0,0.0,12,0.5,0.75
house,CM3,4,MUL4,1,0,False,0,0.0,0,False,0.0,0.0,0.0,0.0,12,0.5,0.75
house,CM3,4,OPEN,1,0,False,0,0.0,0,False,0.0,0.0,0.0,0.0,12,0.5,0.75
house,CM3,4,SPB1,1,0,False,0,0.0,0,False,0.0,0.0,0.0,0.0,8,0.3333333333333333,0.75
house,CM3,4,SPB3,1,0,False,0,0.0,0,False,0.0,0.0,0.0,0.0,6,0.25,0.75
house,CM3,4,SPL1,1,0,False,0,0.0,0,False,0.0,0.0,0.0,0.0,12,0.5,0.75
house,CM4,3,BOT1,1,0,False,2,0.3333333333333333,0,False,0.6049382716049383,0.6049382716049383,0.382716049382716,0.9876543209876544,1,0.16666666666666666,0.3333333333333333
house,CM4,3,BOT2,1,0,False,0,0.0,0,False,0.0,0.0,0.0,0.0,3,0.5,0.6666666666666666
house,CM4,3,BOT3,1,0,False,0,0.0,0,False,0.0,0.0,0.0,0.0,1,0.16666666666666666,0.3333333333333333
house,CM4,3,COR1,1,0,False,0,0.0,0,False,0.0,0.0,0.0,0.0,6,1.0,1.0
house,CM4,3,COR2,1,0,False,0,0.0,0,False,0.0,0.0,0.0,0.0,1,0.16666666666666666,0.3333333333333333
house,CM4,3,COR3,1,0,False,0,0.0,0,False,0.0,0.0,0.0,0.0,1,0.16666666666666666,0.3333333333333333
house,CM4,3,MUL1,1,0,False,0,0.0,0,False,0.0,0.0,0.0,0.0,6,1.0,1.0
house,CM4,3,MUL2,1,0,False,0,0.0,0,False,0.0,0.0,0.0,0.0,6,1.0,1.0
house,CM4,3,MUL3,1,0,False,0,0.0,0,False,0.0,0.0,0.0,0.0,6,1.0,1.0
house,CM4,3,MUL4,1,0,False,0,0.0,0,False,0.0,0.0,0.0,0.0,6,1.0,1.0
house,CM4,3,MUL5,1,0,False,0,0.0,0,False,0.0,0.0,0.0,0.0,3,0.5,0.6666666666666666
house,CM4,3,OPEN,1,0,False,0,0.0,0,False,0.0,0.0,0.0,0.0,6,1.0,1.0
house,CM4,3,SPB1,1,0,False,0,0.0,0,False,0.0,0.0,0.0,0.0,3,0.5,0.6666666666666666
house,CM4,3,SPB2,1,0,False,0,0.0,0,False,0.0,0.0,0.0,0.0,4,0.6666666666666666,1.0
house,CM4,3,SPB3,1,0,False,0,0.0,0,False,0.0,0.0,0.0,0.0,6,1.0,1.0
house,CM4,3,SPL1,1,0,False,0,0.0,0,False,0.0,0.0,0.0,0.0,6,1.0,1.0
house,CM4,3,SPL2,1,0,False,0,0.0,0,False,0.0,0.0,0.0,0.0,6,1.0,1.0
house,CM4,3,SPL3,1,0,False,0,0.0,0,False,0.0,0.0,0.0,0.0,6,1.0,1.0
house,CM4,4,BOT1,1,0,False,3,0.25,0,False,0.7407407407407407,0.7407407407407407,0.2469135802469135,0.9876543209876544,3,0.125,0.5
house,CM4,4,BOT3,1,0,False,0,0.0,0,False,0.0,0.0,0.0,0.0,4,0.16666666666666666,0.5
house,CM4,4,COR1,1,0,False,0,0.0,0,False,0.0,0.0,0.0,0.0,24,1.0,1.0
house,CM4,4,MUL1,1,0,False,0,0.0,0,False,0.0,0.0,0.0,0.0,24,1.0,1.0
house,CM4,4,MUL4,1,0,False,0,0.0,0,False,0.0,0.0,0.0,0.0,24,1.0,1.0
house,CM4,4,OPEN,1,0,False,0,0.0,0,False,0.0,0.0,0.0,0.0,24,1.0,1.0
house,CM4,4,SPB1,1,0,False,0,0.0,0,False,0.0,0.0,0.0,0.0,12,0.5,0.75
house,CM4,4,SPB3,1,0,False,0,0.0,0,False,0.0,0.0,0.0,0.0,24,1.0,1.0
house,CM4,4,SPL1,1,0,False,0,0.0,0,False,0.0,0.0,0.0,0.0,24,1.0,1.0
house,CM5,3,BOT1,1,0,False,2,0.3333333333333333,0,False,0.6790123456790124,0.6790123456790124,0.3086419753086419,0.9876543209876544,0,0.0,0.0
house,CM5,4,BOT3,1,0,False,0,0.0,0,False,0.0,0.0,0.0,0.0,0,0.0,0.0
house,CM5,4,COR1,1,0,False,0,0.0,0,False,0.0,0.0,0.0,0.0,0,0.0,0.0
house,CM5,4,MUL1,1,0,False,0,0.0,0,False,0.0,0.0,0.0,0.0,0,0.0,0.0
house,CM5,4,MUL4,1,0,False,0,0.0,0,False,0.0,0.0,0.0,0.0,0,0.0,0.0
house,CM5,4,OPEN,1,0,False,0,0.0,0,False,0.0,0.0,0.0,0.0,0,0.0,0.0
house,CM5,4,SPB1,1,0,False,0,0.0,0,False,0.0,0.0,0.0,0.0,0,0.0,0.0
house,CM5,4,SPB3,1,0,False,0,0.0,0,False,0.0,0.0,0.0,0.0,0,0.0,0.0
house,CM5,4,SPL1,1,0,False,0,0.0,0,False,0.0,0.0,0.0,0.0,0,0.0,0.0
house,CM5,3,BOT1,2,0,False,2,0.3333333333333333,0,False,0.6790123456790124,0.6790123456790124,0.3179012345679012,0.9969135802469136,0,0.0,0.0
house,CM5,3,BOT2,1,0,False,0,0.0,0,False,0.0,0.0,0.0,0.0,0,0.0,0.0
house,CM5,3,BOT3,1,0,False,0,0.0,0,False,0.0,0.0,0.0,0.0,0,0.0,0.0
house,CM5,3,COR1,1,0,False,0,0.0,0,False,0.0,0.0,0.0,0.0,0,0.0,0.0
house,CM5,3,COR1,2,0,False,0,0.0,0,False,0.0,0.0,0.0,0.0,0,0.0,0.0
house,CM5,3,COR2,1,0,False,0,0.0,0,False,0.0,0.0,0.0,0.0,0,0.0,0.0
house,CM5,3,COR3,1,0,False,0,0.0,0,False,0.0,0.0,0.0,0.0,0,0.0,0.0
house,CM5,3,MUL1,1,0,False,0,0.0,0,False,0.0,0.0,0.0,0.0,0,0.0,0.0
house,CM5,3,SPB1,2,0,False,0,0.0,0,False,0.0,0.0,0.0,0.0,0,0.0,0.0
house,CM5,3,SPB2,1,0,False,0,0.0,0,False,0.0,0.0,0.0,0.0,0,0.0,0.0
house,CM5,3,SPB3,1,0,False,0,0.0,0,False,0.0,0.0,0.0,0.0,0,0.0,0.0
house,CM5,3,SPL1,1,0,False,0,0.0,0,False,0.0,0.0,0.0,0.0,0,0.0,0.0
house,CM5,3,SPL1,2,0,False,0,0.0,0,False,0.0,0.0,0.0,0.0,0,0.0,0.0
house,CM5,3,SPL2,1,0,False,0,0.0,0,False,0.0,0.0,0.0,0.0,0,0.0,0.0
house,CM5,3,SPL3,1,0,False,0,0.0,0,False,0.0,0.0,0.0,0.0,0,0.0,0.0
house,CM5,4,BOT1,1,0,False,3,0.25,0,False,0.7283950617283951,0.7283950617283951,0.2592592592592592,0.9876543209876544,0,0.0,0.0
house,CM5,3,MUL1,2,0,False,0,0.0,0,False,0.0,0.0,0.0,0.0,0,0.0,0.0
house,CM5,3,MUL2,1,0,False,0,0.0,0,False,0.0,0.0,0.0,0.0,0,0.0,0.0
house,CM5,3,MUL3,1,0,False,0,0.0,0,False,0.0,0.0,0.0,0.0,0,0.0,0.0
house,CM5,3,MUL4,1,0,False,0,0.0,0,False,0.0,0.0,0.0,0.0,0,0.0,0.0
house,CM5,3,MUL5,1,0,False,0,0.0,0,False,0.0,0.0,0.0,0.0,0,0.0,0.0
house,CM5,3,OPEN,1,0,False,0,0.0,0,False,0.0,0.0,0.0,0.0,0,0.0,0.0
house,CM5,3,OPEN,2,0,False,0,0.0,0,False,0.0,0.0,0.0,0.0,0,0.0,0.0
house,CM5,3,SPB1,1,0,False,0,0.0,0,False,0.0,0.0,0.0,0.0,0,0.0,0.0
house,CM6,3,BOT1,1,0,False,2,0.3333333333333333,0,False,0.4444444444444444,0.4444444444444444,0.5432098765432098,0.9876543209876544,2,0.3333333333333333,0.6666666666666666
house,CM6,3,BOT2,1,0,False,0,0.0,0,False,0.0,0.0,0.0,0.0,2,0.3333333333333333,0.6666666666666666
house,CM6,3,BOT3,1,0,False,0,0.0,0,False,0.0,0.0,0.0,0.0,2,0.3333333333333333,0.6666666666666666
house,CM6,3,COR1,1,0,False,0,0.0,0,False,0.0,0.0,0.0,0.0,2,0.3333333333333333,0.6666666666666666
house,CM6,3,COR2,1,0,False,0,0.0,0,False,0.0,0.0,0.0,0.0,2,0.3333333333333333,0.6666666666666666
house,CM6,3,COR3,1,0,False,0,0.0,0,False,0.0,0.0,0.0,0.0,2,0.3333333333333333,0.6666666666666666
house,CM6,3,MUL1,1,0,False,0,0.0,0,False,0.0,0.0,0.0,0.0,4,0.6666666666666666,1.0
house,CM6,3,MUL2,1,0,False,0,0.0,0,False,0.0,0.0,0.0,0.0,4,0.6666666666666666,1.0
house,CM6,3,MUL3,1,0,False,0,0.0,0,False,0.0,0.0,0.0,0.0,6,1.0,1.0
house,CM6,3,MUL4,1,0,False,0,0.0,0,False,0.0,0.0,0.0,0.0,6,1.0,1.0
house,CM6,3,MUL5,1,0,False,0,0.0,0,False,0.0,0.0,0.0,0.0,2,0.3333333333333333,0.6666666666666666
house,CM6,3,OPEN,1,0,False,0,0.0,0,False,0.0,0.0,0.0,0.0,6,1.0,1.0
house,CM6,3,SPB1,1,0,False,0,0.0,0,False,0.0,0.0,0.0,0.0,2,0.3333333333333333,0.6666666666666666
house,CM6,3,SPB2,1,0,False,0,0.0,0,False,0.0,0.0,0.0,0.0,4,0.6666666666666666,1.0
house,CM6,3,SPB3,1,0,False,0,0.0,0,False,0.0,0.0,0.0,0.0,4,0.6666666666666666,1.0
house,CM6,3,SPL1,1,0,False,0,0.0,0,False,0.0,0.0,0.0,0.0,6,1.0,1.0
house,CM6,3,SPL2,1,0,False,0,0.0,0,False,0.0,0.0,0.0,0.0,6,1.0,1.0
house,CM6,3,SPL3,1,0,False,0,0.0,0,False,0.0,0.0,0.0,0.0,4,0.6666666666666666,1.0
house,CM6,4,BOT1,1,0,False,3,0.25,0,False,0.7777777777777778,0.7777777777777778,0.2098765432098765,0.9876543209876544,4,0.16666666666666666,0.75
house,CM6,4,BOT3,1,0,False,0,0.0,0,False,0.0,0.0,0.0,0.0,6,0.25,0.75
house,CM6,4,COR1,1,0,False,0,0.0,0,False,0.0,0.0,0.0,0.0,4,0.16666666666666666,0.75
house,CM6,4,MUL1,1,0,False,0,0.0,0,False,0.0,0.0,0.0,0.0,18,0.75,1.0
house,CM6,4,MUL4,1,0,False,0,0.0,0,False,0.0,0.0,0.0,0.0,24,1.0,1.0
house,CM6,4,OPEN,1,0,False,0,0.0,0,False,0.0,0.0,0.0,0.0,24,1.0,1.0
house,CM6,4,SPB1,1,0,False,0,0.0,0,False,0.0,0.0,0.0,0.0,10,0.4166666666666667,1.0
house,CM6,4,SPB3,1,0,False,0,0.0,0,False,0.0,0.0,0.0,0.0,10,0.4166666666666667,1.0
house,CM6,4,SPL1,1,0,False,0,0.0,0,False,0.0,0.0,0.0,0.0,24,1.0,1.0
house,CM7,3,BOT1,1,0,False,2,0.3333333333333333,0,False,0.6666666666666666,0.6666666666666666,0.3209876543209876,0.9876543209876544,0,0.0,0.0
house,CM7,3,BOT1,2,0,False,2,0.3333333333333333,0,False,0.6666666666666666,0.6666666666666666,0.3302469135802469,0.9969135802469136,0,0.0,0.0
house,CM7,3,BOT2,1,0,False,0,0.0,0,False,0.0,0.0,0.0,0.0,0,0.0,0.0
house,CM7,3,BOT3,1,0,False,0,0.0,0,False,0.0,0.0,0.0,0.0,0,0.0,0.0
house,CM7,3,COR1,1,0,False,0,0.0,0,False,0.0,0.0,0.0,0.0,0,0.0,0.0
house,CM7,3,COR1,2,0,False,0,0.0,0,False,0.0,0.0,0.0,0.0,0,0.0,0.0
house,CM7,3,COR2,1,0,False,0,0.0,0,False,0.0,0.0,0.0,0.0,0,0.0,0.0
house,CM7,3,COR3,1,0,False,0,0.0,0,False,0.0,0.0,0.0,0.0,0,0.0,0.0
house,CM7,3,MUL1,1,0,False,0,0.0,0,False,0.0,0.0,0.0,0.0,0,0.0,0.0
house,CM7,3,MUL1,2,0,False,0,0.0,0,False,0.0,0.0,0.0,0.0,0,0.0,0.0
house,CM7,3,MUL2,1,0,False,0,0.0,0,False,0.0,0.0,0.0,0.0,0,0.0,0.0
house,CM7,3,MUL3,1,0,False,0,0.0,0,False,0.0,0.0,0.0,0.0,0,0.0,0.0
house,CM7,3,MUL4,1,0,False,0,0.0,0,False,0.0,0.0,0.0,0.0,0,0.0,0.0
house,CM7,3,SPL1,2,0,False,0,0.0,0,False,0.0,0.0,0.0,0.0,0,0.0,0.0
house,CM7,3,SPL2,1,0,False,0,0.0,0,False,0.0,0.0,0.0,0.0,0,0.0,0.0
house,CM7,3,SPL3,1,0,False,0,0.0,0,False,0.0,0.0,0.0,0.0,0,0.0,0.0
house,CM7,4,BOT1,1,0,False,3,0.25,0,False,0.7530864197530864,0.7530864197530864,0.2345679012345679,0.9876543209876544,0,0.0,0.0
house,CM7,4,BOT3,1,0,False,0,0.0,0,False,0.0,0.0,0.0,0.0,0,0.0,0.0
house,CM7,4,COR1,1,0,False,0,0.0,0,False,0.0,0.0,0.0,0.0,0,0.0,0.0
house,CM7,4,MUL1,1,0,False,0,0.0,0,False,0.0,0.0,0.0,0.0,0,0.0,0.0
house,CM7,4,MUL4,1,0,False,0,0.0,0,False,0.0,0.0,0.0,0.0,0,0.0,0.0
house,CM7,4,OPEN,1,0,False,0,0.0,0,False,0.0,0.0,0.0,0.0,0,0.0,0.0
house,CM7,4,SPB1,1,0,False,0,0.0,0,False,0.0,0.0,0.0,0.0,0,0.0,0.0
house,CM7,4,SPB3,1,0,False,0,0.0,0,False,0.0,0.0,0.0,0.0,0,0.0,0.0
house,CM7,4,SPL1,1,0,False,0,0.0,0,False,0.0,0.0,0.0,0.0,0,0.0,0.0
house,CM8,3,BOT1,1,0,False,2,0.3333333333333333,0,False,0.6666666666666666,0.6666666666666666,0.3209876543209876,0.9876543209876544,1,0.16666666666666666,0.3333333333333333
house,CM8,3,BOT1,2,0,False,2,0.3333333333333333,0,False,0.6666666666666666,0.6666666666666666,0.3302469135802469,0.9969135802469136,1,0.16666666666666666,0.3333333333333333
house,CM8,3,BOT2,1,0,False,0,0.0,0,False,0.0,0.0,0.0,0.0,1,0.16666666666666666,0.3333333333333333
house,CM8,3,BOT3,1,0,False,0,0.0,0,False,0.0,0.0,0.0,0.0,1,0.16666666666666666,0.3333333333333333
house,CM7,3,MUL5,1,0,False,0,0.0,0,False,0.0,0.0,0.0,0.0,0,0.0,0.0
house,CM7,3,OPEN,1,0,False,0,0.0,0,False,0.0,0.0,0.0,0.0,0,0.0,0.0
house,CM7,3,OPEN,2,0,False,0,0.0,0,False,0.0,0.0,0.0,0.0,0,0.0,0.0
house,CM7,3,SPB1,1,0,False,0,0.0,0,False,0.0,0.0,0.0,0.0,0,0.0,0.0
house,CM7,3,SPB1,2,0,False,0,0.0,0,False,0.0,0.0,0.0,0.0,0,0.0,0.0
house,CM7,3,SPB2,1,0,False,0,0.0,0,False,0.0,0.0,0.0,0.0,0,0.0,0.0
house,CM7,3,SPB3,1,0,False,0,0.0,0,False,0.0,0.0,0.0,0.0,0,0.0,0.0
house,CM7,3,SPL1,1,0,False,0,0.0,0,False,0.0,0.0,0.0,0.0,0,0.0,0.0
house,CM8,4,MUL4,1,0,False,0,0.0,0,False,0.0,0.0,0.0,0.0,1,0.041666666666666664,0.25
house,CM8,4,OPEN,1,0,False,0,0.0,0,False,0.0,0.0,0.0,0.0,1,0.041666666666666664,0.25
house,CM8,4,SPB1,1,0,False,0,0.0,0,False,0.0,0.0,0.0,0.0,1,0.041666666666666664,0.25
house,CM8,4,SPB3,1,0,False,0,0.0,0,False,0.0,0.0,0.0,0.0,1,0.041666666666666664,0.25
house,CM8,4,SPL1,1,0,False,0,0.0,0,False,0.0,0.0,0.0,0.0,1,0.041666666666666664,0.25
house,CM9,3,BOT1,1,0,False,2,0.3333333333333333,0,False,0.6666666666666666,0.6666666666666666,0.3209876543209876,0.9876543209876544,1,0.16666666666666666,0.3333333333333333
house,CM9,3,BOT2,1,0,False,0,0.0,0,False,0.0,0.0,0.0,0.0,1,0.16666666666666666,0.3333333333333333
house,CM9,3,BOT3,1,0,False,0,0.0,0,False,0.0,0.0,0.0,0.0,1,0.16666666666666666,0.3333333333333333
house,CM8,3,SPL1,1,0,False,0,0.0,0,False,0.0,0.0,0.0,0.0,1,0.16666666666666666,0.3333333333333333
house,CM8,3,SPL1,2,0,False,0,0.0,0,False,0.0,0.0,0.0,0.0,1,0.16666666666666666,0.3333333333333333
house,CM8,3,SPL2,1,0,False,0,0.0,0,False,0.0,0.0,0.0,0.0,1,0.16666666666666666,0.3333333333333333
house,CM8,3,SPL3,1,0,False,0,0.0,0,False,0.0,0.0,0.0,0.0,1,0.16666666666666666,0.3333333333333333
house,CM8,4,BOT1,1,0,False,3,0.25,0,False,0.7530864197530864,0.7530864197530864,0.2345679012345679,0.9876543209876544,0,0.0,0.0
house,CM8,4,BOT3,1,0,False,0,0.0,0,False,0.0,0.0,0.0,0.0,1,0.041666666666666664,0.25
house,CM8,4,COR1,1,0,False,0,0.0,0,False,0.0,0.0,0.0,0.0,1,0.041666666666666664,0.25
house,CM8,4,MUL1,1,0,False,0,0.0,0,False,0.0,0.0,0.0,0.0,1,0.041666666666666664,0.25
house,CM9,3,COR1,1,0,False,0,0.0,0,False,0.0,0.0,0.0,0.0,1,0.16666666666666666,0.3333333333333333
house,CM9,3,COR2,1,0,False,0,0.0,0,False,0.0,0.0,0.0,0.0,6,1.0,1.0
house,CM9,3,COR3,1,0,False,0,0.0,0,False,0.0,0.0,0.0,0.0,1,0.16666666666666666,0.3333333333333333
house,CM9,3,MUL1,1,0,False,0,0.0,0,False,0.0,0.0,0.0,0.0,6,1.0,1.0
house,CM9,3,MUL2,1,0,False,0,0.0,0,False,0.0,0.0,0.0,0.0,6,1.0,1.0
house,CM9,3,MUL3,1,0,False,0,0.0,0,False,0.0,0.0,0.0,0.0,6,1.0,1.0
house,CM9,3,MUL4,1,0,False,0,0.0,0,False,0.0,0.0,0.0,0.0,6,1.0,1.0
house,CM9,3,MUL5,1,0,False,0,0.0,0,False,0.0,0.0,0.0,0.0,4,0.6666666666666666,1.0
house,CM8,3,COR1,1,0,False,0,0.0,0,False,0.0,0.0,0.0,0.0,1,0.16666666666666666,0.3333333333333333
house,CM8,3,COR1,2,0,False,0,0.0,0,False,0.0,0.0,0.0,0.0,1,0.16666666666666666,0.3333333333333333
house,CM8,3,COR2,1,0,False,0,0.0,0,False,0.0,0.0,0.0,0.0,1,0.16666666666666666,0.3333333333333333
house,CM8,3,COR3,1,0,False,0,0.0,0,False,0.0,0.0,0.0,0.0,1,0.16666666666666666,0.3333333333333333
house,CM8,3,MUL1,1,0,False,0,0.0,0,False,0.0,0.0,0.0,0.0,1,0.16666666666666666,0.3333333333333333
house,CM8,3,MUL1,2,0,False,0,0.0,0,False,0.0,0.0,0.0,0.0,1,0.16666666666666666,0.3333333333333333
house,CM8,3,MUL2,1,0,False,0,0.0,0,False,0.0,0.0,0.0,0.0,1,0.16666666666666666,0.3333333333333333
house,CM8,3,MUL3,1,0,False,0,0.0,0,False,0.0,0.0,0.0,0.0,1,0.16666666666666666,0.3333333333333333
house,CM9,3,OPEN,1,0,False,0,0.0,0,False,0.0,0.0,0.0,0.0,6,1.0,1.0
house,CM9,3,SPB1,1,0,False,0,0.0,0,False,0.0,0.0,0.0,0.0,4,0.6666666666666666,1.0
house,CM9,3,SPB2,1,0,False,0,0.0,0,False,0.0,0.0,0.0,0.0,3,0.5,0.6666666666666666
house,CM9,3,SPB3,1,0,False,0,0.0,0,False,0.0,0.0,0.0,0.0,3,0.5,0.6666666666666666
house,CM9,3,SPL1,1,0,False,0,0.0,0,False,0.0,0.0,0.0,0.0,6,1.0,1.0
house,CM9,3,SPL2,1,0,False,0,0.0,0,False,0.0,0.0,0.0,0.0,6,1.0,1.0
house,CM9,3,SPL3,1,0,False,0,0.0,0,False,0.0,0.0,0.0,0.0,4,0.6666666666666666,1.0
house,CM9,4,BOT1,1,0,False,3,0.25,0,False,0.7530864197530864,0.7530864197530864,0.2345679012345679,0.9876543209876544,1,0.041666666666666664,0.25
house,CM9,4,BOT3,1,0,False,0,0.0,0,False,0.0,0.0,0.0,0.0,4,0.16666666666666666,0.5
house,CM9,4,COR1,1,0,False,0,0.0,0,False,0.0,0.0,0.0,0.0,1,0.041666666666666664,0.25
house,CM9,4,MUL1,1,0,False,0,0.0,0,False,0.0,0.0,0.0,0.0,24,1.0,1.0
house,CM9,4,MUL4,1,0,False,0,0.0,0,False,0.0,0.0,0.0,0.0,24,1.0,1.0
house,CM9,4,OPEN,1,0,False,0,0.0,0,False,0.0,0.0,0.0,0.0,24,1.0,1.0
house,CM9,4,SPB1,1,0,False,0,0.0,0,False,0.0,0.0,0.0,0.0,16,0.6666666666666666,1.0
house,CM9,4,SPB3,1,0,False,0,0.0,0,False,0.0,0.0,0.0,0.0,4,0.16666666666666666,0.5
house,CM9,4,SPL1,1,0,False,0,0.0,0,False,0.0,0.0,0.0,0.0,16,0.6666666666666666,1.0
house,CM8,3,MUL4,1,0,False,0,0.0,0,False,0.0,0.0,0.0,0.0,1,0.16666666666666666,0.3333333333333333
house,CM8,3,MUL5,1,0,False,0,0.0,0,False,0.0,0.0,0.0,0.0,1,0.16666666666666666,0.3333333333333333
house,CM8,3,OPEN,1,0,False,0,0.0,0,False,0.0,0.0,0.0,0.0,1,0.16666666666666666,0.3333333333333333
house,CM8,3,OPEN,2,0,False,0,0.0,0,False,0.0,0.0,0.0,0.0,1,0.16666666666666666,0.3333333333333333
house,CM8,3,SPB1,1,0,False,0,0.0,0,False,0.0,0.0,0.0,0.0,1,0.16666666666666666,0.3333333333333333
house,CM8,3,SPB1,2,0,False,0,0.0,0,False,0.0,0.0,0.0,0.0,1,0.16666666666666666,0.3333333333333333
house,CM8,3,SPB2,1,0,False,0,0.0,0,False,0.0,0.0,0.0,0.0,1,0.16666666666666666,0.3333333333333333
house,CM8,3,SPB3,1,0,False,0,0.0,0,False,0.0,0.0,0.0,0.0,1,0.16666666666666666,0.3333333333333333
human,CM1,4,BOT1,1,0,False,3,0.25,0,False,0.8309859154929577,0.8309859154929577,0.1549295774647887,0.9859154929577464,6,0.25,0.75
human,CM1,4,BOT3,1,0,False,0,0.0,0,False,0.0,0.0,0.0,0.0,18,0.75,1.0
human,CM1,4,COR1,1,0,False,0,0.0,0,False,0.0,0.0,0.0,0.0,24,1.0,1.0
human,CM1,4,MUL1,1,0,False,0,0.0,0,False,0.0,0.0,0.0,0.0,24,1.0,1.0
human,CM1,4,MUL4,1,0,False,0,0.0,0,False,0.0,0.0,0.0,0.0,24,1.0,1.0
human,CM1,4,OPEN,1,0,False,0,0.0,0,False,0.0,0.0,0.0,0.0,24,1.0,1.0
human,CM1,4,SPB1,1,0,False,0,0.0,0,False,0.0,0.0,0.0,0.0,12,0.5,1.0
human,CM1,4,SPB3,1,0,False,0,0.0,0,False,0.0,0.0,0.0,0.0,12,0.5,1.0
human,CM1,4,SPL1,1,0,False,0,0.0,0,False,0.0,0.0,0.0,0.0,24,1.0,1.0
human,CM10,3,BOT1,1,0,False,2,0.3333333333333333,0,False,0.676056338028169,0.676056338028169,0.3098591549295774,0.9859154929577464,2,0.3333333333333333,0.6666666666666666
human,CM10,3,BOT2,1,0,False,2,0.3333333333333333,0,False,0.6619718309859155,0.6619718309859155,0.323943661971831,0.9859154929577464,2,0.3333333333333333,0.6666666666666666
human,CM10,3,BOT3,1,0,False,0,0.0,0,False,0.0,0.0,0.0,0.0,6,1.0,1.0
human,CM10,3,COR1,1,0,False,0,0.0,0,False,0.0,0.0,0.0,0.0,6,1.0,1.0
human,CM10,3,COR2,1,0,False,0,0.0,0,False,0.0,0.0,0.0,0.0,6,1.0,1.0
human,CM10,3,COR3,1,0,False,0,0.0,0,False,0.0,0.0,0.0,0.0,4,0.6666666666666666,1.0
human,CM10,3,MUL1,1,0,False,0,0.0,0,False,0.0,0.0,0.0,0.0,6,1.0,1.0
human,CM1,3,BOT1,1,0,False,2,0.3333333333333333,0,False,0.704225352112676,0.704225352112676,0.2816901408450704,0.9859154929577464,2,0.3333333333333333,0.6666666666666666
human,CM1,3,BOT1,2,0,False,2,0.3333333333333333,0,False,0.704225352112676,0.704225352112676,0.2922535211267605,0.9964788732394366,2,0.3333333333333333,0.6666666666666666
human,CM1,3,BOT2,1,0,False,2,0.3333333333333333,0,False,0.7605633802816901,0.7605633802816901,0.2253521126760563,0.9859154929577464,2,0.3333333333333333,0.6666666666666666
human,CM1,3,BOT3,1,0,False,0,0.0,0,False,0.0,0.0,0.0,0.0,6,1.0,1.0
human,CM1,3,COR1,1,0,False,0,0.0,0,False,0.0,0.0,0.0,0.0,6,1.0,1.0
human,CM1,3,COR1,2,0,False,0,0.0,0,False,0.0,0.0,0.0,0.0,6,1.0,1.0
human,CM1,3,COR2,1,0,False,0,0.0,0,False,0.0,0.0,0.0,0.0,6,1.0,1.0
human,CM1,3,COR3,1,0,False,0,0.0,0,False,0.0,0.0,0.0,0.0,2,0.3333333333333333,0.6666666666666666
human,CM10,3,MUL2,1,0,False,0,0.0,0,False,0.0,0.0,0.0,0.0,6,1.0,1.0
human,CM10,3,MUL3,1,0,False,0,0.0,0,False,0.0,0.0,0.0,0.0,6,1.0,1.0
human,CM10,3,MUL4,1,0,False,0,0.0,0,False,0.0,0.0,0.0,0.0,6,1.0,1.0
human,CM10,3,MUL5,1,0,False,0,0.0,0,False,0.0,0.0,0.0,0.0,6,1.0,1.0
human,CM10,3,OPEN,1,0,False,0,0.0,0,False,0.0,0.0,0.0,0.0,6,1.0,1.0
human,CM10,3,SPB1,1,0,False,0,0.0,0,False,0.0,0.0,0.0,0.0,6,1.0,1.0
human,CM10,3,SPB2,1,0,False,0,0.0,0,False,0.0,0.0,0.0,0.0,6,1.0,1.0
human,CM10,3,SPB3,1,0,False,0,0.0,0,False,0.0,0.0,0.0,0.0,6,1.0,1.0
human,CM10,3,SPL1,1,0,False,0,0.0,0,False,0.0,0.0,0.0,0.0,6,1.0,1.0
human,CM10,3,SPL2,1,0,False,0,0.0,0,False,0.0,0.0,0.0,0.0,6,1.0,1.0
human,CM10,3,SPL3,1,0,False,0,0.0,0,False,0.0,0.0,0.0,0.0,6,1.0,1.0
human,CM10,4,BOT1,1,0,False,3,0.25,0,False,0.7605633802816901,0.7605633802816901,0.2253521126760563,0.9859154929577464,6,0.25,0.75
human,CM10,4,BOT3,1,0,False,0,0.0,0,False,0.0,0.0,0.0,0.0,18,0.75,1.0
human,CM10,4,COR1,1,0,False,0,0.0,0,False,0.0,0.0,0.0,0.0,18,0.75,1.0
human,CM10,4,MUL1,1,0,False,0,0.0,0,False,0.0,0.0,0.0,0.0,24,1.0,1.0
human,CM10,4,MUL4,1,0,False,0,0.0,0,False,0.0,0.0,0.0,0.0,18,0.75,1.0
human,CM1,3,SPB1,1,0,False,0,0.0,0,False,0.0,0.0,0.0,0.0,4,0.6666666666666666,1.0
human,CM1,3,SPB1,2,0,False,0,0.0,0,False,0.0,0.0,0.0,0.0,4,0.6666666666666666,1.0
human,CM1,3,SPB2,1,0,False,0,0.0,0,False,0.0,0.0,0.0,0.0,6,1.0,1.0
human,CM1,3,SPB3,1,0,False,0,0.0,0,False,0.0,0.0,0.0,0.0,4,0.6666666666666666,1.0
human,CM1,3,SPL1,1,0,False,0,0.0,0,False,0.0,0.0,0.0,0.0,6,1.0,1.0
human,CM1,3,SPL1,2,0,False,0,0.0,0,False,0.0,0.0,0.0,0.0,6,1.0,1.0
human,CM1,3,SPL2,1,0,False,0,0.0,0,False,0.0,0.0,0.0,0.0,6,1.0,1.0
human,CM1,3,SPL3,1,0,False,0,0.0,0,False,0.0,0.0,0.0,0.0,6,1.0,1.0
human,CM1,3,MUL1,1,0,False,0,0.0,0,False,0.0,0.0,0.0,0.0,6,1.0,1.0
human,CM1,3,MUL1,2,0,False,0,0.0,0,False,0.0,0.0,0.0,0.0,6,1.0,1.0
human,CM1,3,MUL2,1,0,False,0,0.0,0,False,0.0,0.0,0.0,0.0,6,1.0,1.0
human,CM1,3,MUL3,1,0,False,0,0.0,0,False,0.0,0.0,0.0,0.0,6,1.0,1.0
human,CM1,3,MUL4,1,0,False,0,0.0,0,False,0.0,0.0,0.0,0.0,6,1.0,1.0
human,CM1,3,MUL5,1,0,False,0,0.0,0,False,0.0,0.0,0.0,0.0,6,1.0,1.0
human,CM1,3,OPEN,1,0,False,0,0.0,0,False,0.0,0.0,0.0,0.0,6,1.0,1.0
human,CM1,3,OPEN,2,0,False,0,0.0,0,False,0.0,0.0,0.0,0.0,6,1.0,1.0
human,CM10,4,OPEN,1,0,False,0,0.0,0,False,0.0,0.0,0.0,0.0,24,1.0,1.0
human,CM10,4,SPB1,1,0,False,0,0.0,0,False,0.0,0.0,0.0,0.0,12,0.5,1.0
human,CM10,4,SPB3,1,0,False,0,0.0,0,False,0.0,0.0,0.0,0.0,18,0.75,1.0
human,CM10,4,SPL1,1,0,False,0,0.0,0,False,0.0,0.0,0.0,0.0,24,1.0,1.0
human,CM2,3,BOT1,1,0,False,2,0.3333333333333333,0,False,0.676056338028169,0.676056338028169,0.3098591549295774,0.9859154929577464,2,0.3333333333333333,0.6666666666666666
human,CM2,3,BOT2,1,0,False,2,0.3333333333333333,0,False,0.6619718309859155,0.6619718309859155,0.323943661971831,0.9859154929577464,2,0.3333333333333333,0.6666666666666666
human,CM2,3,BOT3,1,0,False,0,0.0,0,False,0.0,0.0,0.0,0.0,4,0.6666666666666666,1.0
human,CM2,3,COR1,1,0,False,0,0.0,0,False,0.0,0.0,0.0,0.0,6,1.0,1.0
human,CM2,3,SPB1,1,0,False,0,0.0,0,False,0.0,0.0,0.0,0.0,4,0.6666666666666666,1.0
human,CM2,3,SPB2,1,0,False,0,0.0,0,False,0.0,0.0,0.0,0.0,6,1.0,1.0
human,CM2,3,SPB3,1,0,False,0,0.0,0,False,0.0,0.0,0.0,0.0,4,0.6666666666666666,1.0
human,CM2,3,SPL1,1,0,False,0,0.0,0,False,0.0,0.0,0.0,0.0,6,1.0,1.0
human,CM2,3,SPL2,1,0,False,0,0.0,0,False,0.0,0.0,0.0,0.0,6,1.0,1.0
human,CM2,3,SPL3,1,0,False,0,0.0,0,False,0.0,0.0,0.0,0.0,6,1.0,1.0
human,CM2,4,BOT1,1,0,False,3,0.25,0,False,0.7605633802816901,0.7605633802816901,0.2253521126760563,0.9859154929577464,6,0.25,0.75
human,CM2,4,BOT3,1,0,False,0,0.0,0,False,0.0,0.0,0.0,0.0,10,0.4166666666666667,1.0
human,CM2,3,COR2,1,0,False,0,0.0,0,False,0.0,0.0,0.0,0.0,4,0.6666666666666666,1.0
human,CM2,3,COR3,1,0,False,0,0.0,0,False,0.0,0.0,0.0,0.0,2,0.3333333333333333,0.6666666666666666
human,CM2,3,MUL1,1,0,False,0,0.0,0,False,0.0,0.0,0.0,0.0,6,1.0,1.0
human,CM2,3,MUL2,1,0,False,0,0.0,0,False,0.0,0.0,0.0,0.0,6,1.0,1.0
human,CM2,3,MUL3,1,0,False,0,0.0,0,False,0.0,0.0,0.0,0.0,6,1.0,1.0
human,CM2,3,MUL4,1,0,False,0,0.0,0,False,0.0,0.0,0.0,0.0,6,1.0,1.0
human,CM2,3,MUL5,1,0,False,0,0.0,0,False,0.0,0.0,0.0,0.0,4,0.6666666666666666,1.0
human,CM2,3,OPEN,1,0,False,0,0.0,0,False,0.0,0.0,0.0,0.0,6,1.0,1.0
human,CM2,4,COR1,1,0,False,0,0.0,0,False,0.0,0.0,0.0,0.0,18,0.75,1.0
human,CM2,4,MUL1,1,0,False,0,0.0,0,False,0.0,0.0,0.0,0.0,18,0.75,1.0
human,CM2,4,MUL4,1,0,False,0,0.0,0,False,0.0,0.0,0.0,0.0,18,0.75,1.0
human,CM2,4,OPEN,1,0,False,0,0.0,0,False,0.0,0.0,0.0,0.0,24,1.0,1.0
human,CM2,4,SPB1,1,0,False,0,0.0,0,False,0.0,0.0,0.0,0.0,12,0.5,1.0
human,CM2,4,SPB3,1,0,False,0,0.0,0,False,0.0,0.0,0.0,0.0,10,0.4166666666666667,1.0
human,CM2,4,SPL1,1,0,False,0,0.0,0,False,0.0,0.0,0.0,0.0,24,1.0,1.0
human,CM3,3,BOT1,1,0,False,2,0.3333333333333333,0,False,0.8732394366197183,0.8732394366197183,0.1126760563380281,0.9859154929577464,1,0.16666666666666666,0.3333333333333333
human,CM3,3,BOT2,1,0,False,2,0.3333333333333333,0,False,0.2535211267605634,0.2535211267605634,0.7323943661971831,0.9859154929577464,2,0.3333333333333333,0.6666666666666666
human,CM3,3,BOT3,1,0,False,0,0.0,0,False,0.0,0.0,0.0,0.0,3,0.5,0.6666666666666666
human,CM3,3,COR1,1,0,False,0,0.0,0,False,0.0,0.0,0.0,0.0,3,0.5,0.6666666666666666
human,CM3,3,COR2,1,0,False,0,0.0,0,False,0.0,0.0,0.0,0.0,6,1.0,1.0
human,CM3,3,COR3,1,0,False,0,0.0,0,False,0.0,0.0,0.0,0.0,3,0.5,0.6666666666666666
human,CM3,3,MUL1,1,0,False,0,0.0,0,False,0.0,0.0,0.0,0.0,6,1.0,1.0
human,CM3,3,MUL2,1,0,False,0,0.0,0,False,0.0,0.0,0.0,0.0,6,1.0,1.0
human,CM3,3,MUL3,1,0,False,0,0.0,0,False,0.0,0.0,0.0,0.0,6,1.0,1.0
human,CM3,4,SPB3,1,0,False,0,0.0,0,False,0.0,0.0,0.0,0.0,12,0.5,0.75
human,CM3,4,SPL1,1,0,False,0,0.0,0,False,0.0,0.0,0.0,0.0,24,1.0,1.0
human,CM4,3,BOT1,1,0,False,2,0.3333333333333333,0,False,0.6056338028169014,0.6056338028169014,0.380281690140845,0.9859154929577464,2,0.3333333333333333,0.6666666666666666
human,CM4,3,BOT2,1,0,False,2,0.3333333333333333,0,False,0.647887323943662,0.647887323943662,0.3380281690140845,0.9859154929577464,2,0.3333333333333333,0.6666666666666666
human,CM4,3,BOT3,1,0,False,0,0.0,0,False,0.0,0.0,0.0,0.0,2,0.3333333333333333,0.6666666666666666
human,CM4,3,COR1,1,0,False,0,0.0,0,False,0.0,0.0,0.0,0.0,6,1.0,1.0
human,CM4,3,COR2,1,0,False,0,0.0,0,False,0.0,0.0,0.0,0.0,2,0.3333333333333333,0.6666666666666666
human,CM4,3,COR3,1,0,False,0,0.0,0,False,0.0,0.0,0.0,0.0,2,0.3333333333333333,0.6666666666666666
human,CM3,3,MUL4,1,0,False,0,0.0,0,False,0.0,0.0,0.0,0.0,3,0.5,0.6666666666666666
human,CM3,3,MUL5,1,0,False,0,0.0,0,False,0.0,0.0,0.0,0.0,6,1.0,1.0
human,CM3,3,OPEN,1,0,False,0,0.0,0,False,0.0,0.0,0.0,0.0,6,1.0,1.0
human,CM3,3,SPB1,1,0,False,0,0.0,0,False,0.0,0.0,0.0,0.0,3,0.5,0.6666666666666666
human,CM3,3,SPB2,1,0,False,0,0.0,0,False,0.0,0.0,0.0,0.0,3,0.5,0.6666666666666666
human,CM3,3,SPB3,1,0,False,0,0.0,0,False,0.0,0.0,0.0,0.0,3,0.5,0.6666666666666666
human,CM3,3,SPL1,1,0,False,0,0.0,0,False,0.0,0.0,0.0,0.0,6,1.0,1.0
human,CM3,3,SPL2,1,0,False,0,0.0,0,False,0.0,0.0,0.0,0.0,6,1.0,1.0
human,CM3,3,SPL3,1,0,False,0,0.0,0,False,0.0,0.0,0.0,0.0,6,1.0,1.0
human,CM3,4,BOT1,1,0,False,3,0.25,0,False,0.8732394366197183,0.8732394366197183,0.1126760563380281,0.9859154929577464,2,0.08333333333333333,0.5
human,CM3,4,BOT3,1,0,False,0,0.0,0,False,0.0,0.0,0.0,0.0,8,0.3333333333333333,0.75
human,CM3,4,COR1,1,0,False,0,0.0,0,False,0.0,0.0,0.0,0.0,12,0.5,0.75
human,CM3,4,MUL1,1,0,False,0,0.0,0,False,0.0,0.0,0.0,0.0,24,1.0,1.0
human,CM3,4,MUL4,1,0,False,0,0.0,0,False,0.0,0.0,0.0,0.0,12,0.5,0.75
human,CM3,4,OPEN,1,0,False,0,0.0,0,False,0.0,0.0,0.0,0.0,24,1.0,1.0
human,CM3,4,SPB1,1,0,False,0,0.0,0,False,0.0,0.0,0.0,0.0,8,0.3333333333333333,0.75
human,CM4,3,MUL1,1,0,False,0,0.0,0,False,0.0,0.0,0.0,0.0,4,0.6666666666666666,1.0
human,CM4,3,MUL2,1,0,False,0,0.0,0,False,0.0,0.0,0.0,0.0,6,1.0,1.0
human,CM4,3,MUL3,1,0,False,0,0.0,0,False,0.0,0.0,0.0,0.0,6,1.0,1.0
human,CM4,3,MUL4,1,0,False,0,0.0,0,False,0.0,0.0,0.0,0.0,6,1.0,1.0
human,CM4,3,MUL5,1,0,False,0,0.0,0,False,0.0,0.0,0.0,0.0,4,0.6666666666666666,1.0
human,CM4,3,OPEN,1,0,False,0,0.0,0,False,0.0,0.0,0.0,0.0,6,1.0,1.0
human,CM4,3,SPB1,1,0,False,0,0.0,0,False,0.0,0.0,0.0,0.0,4,0.6666666666666666,1.0
human,CM4,3,SPB2,1,0,False,0,0.0,0,False,0.0,0.0,0.0,0.0,4,0.6666666666666666,1.0
human,CM4,3,SPB3,1,0,False,0,0.0,0,False,0.0,0.0,0.0,0.0,6,1.0,1.0
human,CM4,3,SPL1,1,0,False,0,0.0,0,False,0.0,0.0,0.0,0.0,6,1.0,1.0
human,CM4,3,SPL2,1,0,False,0,0.0,0,False,0.0,0.0,0.0,0.0,6,1.0,1.0
human,CM4,3,SPL3,1,0,False,0,0.0,0,False,0.0,0.0,0.0,0.0,6,1.0,1.0
human,CM4,4,BOT1,1,0,False,3,0.25,0,False,0.647887323943662,0.647887323943662,0.3380281690140845,0.9859154929577464,2,0.08333333333333333,0.5
human,CM4,4,BOT3,1,0,False,0,0.0,0,False,0.0,0.0,0.0,0.0,2,0.08333333333333333,0.5
human,CM4,4,COR1,1,0,False,0,0.0,0,False,0.0,0.0,0.0,0.0,24,1.0,1.0
human,CM4,4,MUL1,1,0,False,0,0.0,0,False,0.0,0.0,0.0,0.0,18,0.75,1.0
human,CM4,4,MUL4,1,0,False,0,0.0,0,False,0.0,0.0,0.0,0.0,24,1.0,1.0
human,CM4,4,OPEN,1,0,False,0,0.0,0,False,0.0,0.0,0.0,0.0,24,1.0,1.0
human,CM4,4,SPB1,1,0,False,0,0.0,0,False,0.0,0.0,0.0,0.0,10,0.4166666666666667,1.0
human,CM4,4,SPB3,1,0,False,0,0.0,0,False,0.0,0.0,0.0,0.0,24,1.0,1.0
human,CM4,4,SPL1,1,0,False,0,0.0,0,False,0.0,0.0,0.0,0.0,24,1.0,1.0
human,CM5,3,BOT1,1,0,False,2,0.3333333333333333,0,False,0.6619718309859155,0.6619718309859155,0.323943661971831,0.9859154929577464,0,0.0,0.0
human,CM5,3,BOT1,2,0,False,2,0.3333333333333333,0,False,0.6619718309859155,0.6619718309859155,0.3345070422535211,0.9964788732394366,0,0.0,0.0
human,CM5,3,BOT2,1,0,False,2,0.3333333333333333,0,False,0.647887323943662,0.647887323943662,0.3380281690140845,0.9859154929577464,0,0.0,0.0
human,CM5,4,MUL1,1,0,False,0,0.0,0,False,0.0,0.0,0.0,0.0,0,0.0,0.0
human,CM5,4,MUL4,1,0,False,0,0.0,0,False,0.0,0.0,0.0,0.0,0,0.0,0.0
human,CM5,4,OPEN,1,0,False,0,0.0,0,False,0.0,0.0,0.0,0.0,0,0.0,0.0
human,CM5,4,SPB1,1,0,False,0,0.0,0,False,0.0,0.0,0.0,0.0,0,0.0,0.0
human,CM5,4,SPB3,1,0,False,0,0.0,0,False,0.0,0.0,0.0,0.0,0,0.0,0.0
human,CM5,4,SPL1,1,0,False,0,0.0,0,False,0.0,0.0,0.0,0.0,0,0.0,0.0
human,CM6,3,BOT1,1,0,False,2,0.3333333333333333,0,False,0.6338028169014085,0.6338028169014085,0.352112676056338,0.9859154929577464,2,0.3333333333333333,0.6666666666666666
human,CM6,3,BOT2,1,0,False,2,0.3333333333333333,0,False,0.6338028169014085,0.6338028169014085,0.352112676056338,0.9859154929577464,2,0.3333333333333333,0.6666666666666666
human,CM5,3,SPB3,1,0,False,0,0.0,0,False,0.0,0.0,0.0,0.0,0,0.0,0.0
human,CM5,3,SPL1,1,0,False,0,0.0,0,False,0.0,0.0,0.0,0.0,0,0.0,0.0
human,CM5,3,SPL1,2,0,False,0,0.0,0,False,0.0,0.0,0.0,0.0,0,0.0,0.0
human,CM5,3,SPL2,1,0,False,0,0.0,0,False,0.0,0.0,0.0,0.0,0,0.0,0.0
human,CM5,3,SPL3,1,0,False,0,0.0,0,False,0.0,0.0,0.0,0.0,0,0.0,0.0
human,CM5,4,BOT1,1,0,False,3,0.25,0,False,0.7183098591549296,0.7183098591549296,0.2676056338028169,0.9859154929577464,0,0.0,0.0
human,CM5,4,BOT3,1,0,False,0,0.0,0,False,0.0,0.0,0.0,0.0,0,0.0,0.0
human,CM5,4,COR1,1,0,False,0,0.0,0,False,0.0,0.0,0.0,0.0,0,0.0,0.0
human,CM5,3,BOT3,1,0,False,0,0.0,0,False,0.0,0.0,0.0,0.0,0,0.0,0.0
human,CM5,3,COR1,1,0,False,0,0.0,0,False,0.0,0.0,0.0,0.0,0,0.0,0.0
human,CM5,3,COR1,2,0,False,0,0.0,0,False,0.0,0.0,0.0,0.0,0,0.0,0.0
human,CM5,3,COR2,1,0,False,0,0.0,0,False,0.0,0.0,0.0,0.0,0,0.0,0.0
human,CM5,3,COR3,1,0,False,0,0.0,0,False,0.0,0.0,0.0,0.0,0,0.0,0.0
human,CM5,3,MUL1,1,0,False,0,0.0,0,False,0.0,0.0,0.0,0.0,0,0.0,0.0
human,CM5,3,MUL1,2,0,False,0,0.0,0,False,0.0,0.0,0.0,0.0,0,0.0,0.0
human,CM5,3,MUL2,1,0,False,0,0.0,0,False,0.0,0.0,0.0,0.0,0,0.0,0.0
human,CM6,3,MUL5,1,0,False,0,0.0,0,False,0.0,0.0,0.0,0.0,4,0.6666666666666666,1.0
human,CM6,3,OPEN,1,0,False,0,0.0,0,False,0.0,0.0,0.0,0.0,6,1.0,1.0
human,CM6,3,SPB1,1,0,False,0,0.0,0,False,0.0,0.0,0.0,0.0,2,0.3333333333333333,0.6666666666666666
human,CM6,3,SPB2,1,0,False,0,0.0,0,False,0.0,0.0,0.0,0.0,6,1.0,1.0
human,CM6,3,SPB3,1,0,False,0,0.0,0,False,0.0,0.0,0.0,0.0,6,1.0,1.0
human,CM6,3,SPL1,1,0,False,0,0.0,0,False,0.0,0.0,0.0,0.0,6,1.0,1.0
human,CM6,3,SPL2,1,0,False,0,0.0,0,False,0.0,0.0,0.0,0.0,6,1.0,1.0
human,CM6,3,SPL3,1,0,False,0,0.0,0,False,0.0,0.0,0.0,0.0,6,1.0,1.0
human,CM6,3,BOT3,1,0,False,0,0.0,0,False,0.0,0.0,0.0,0.0,4,0.6666666666666666,1.0
human,CM6,3,COR1,1,0,False,0,0.0,0,False,0.0,0.0,0.0,0.0,6,1.0,1.0
human,CM6,3,COR2,1,0,False,0,0.0,0,False,0.0,0.0,0.0,0.0,4,0.6666666666666666,1.0
human,CM6,3,COR3,1,0,False,0,0.0,0,False,0.0,0.0,0.0,0.0,2,0.3333333333333333,0.6666666666666666
human,CM6,3,MUL1,1,0,False,0,0.0,0,False,0.0,0.0,0.0,0.0,6,1.0,1.0
human,CM6,3,MUL2,1,0,False,0,0.0,0,False,0.0,0.0,0.0,0.0,6,1.0,1.0
human,CM6,3,MUL3,1,0,False,0,0.0,0,False,0.0,0.0,0.0,0.0,6,1.0,1.0
human,CM6,3,MUL4,1,0,False,0,0.0,0,False,0.0,0.0,0.0,0.0,6,1.0,1.0
human,CM6,4,BOT1,1,0,False,3,0.25,0,False,0.6338028169014085,0.6338028169014085,0.352112676056338,0.9859154929577464,6,0.25,0.75
human,CM6,4,BOT3,1,0,False,0,0.0,0,False,0.0,0.0,0.0,0.0,18,0.75,1.0
human,CM6,4,COR1,1,0,False,0,0.0,0,False,0.0,0.0,0.0,0.0,24,1.0,1.0
human,CM6,4,MUL1,1,0,False,0,0.0,0,False,0.0,0.0,0.0,0.0,24,1.0,1.0
human,CM6,4,MUL4,1,0,False,0,0.0,0,False,0.0,0.0,0.0,0.0,24,1.0,1.0
human,CM6,4,OPEN,1,0,False,0,0.0,0,False,0.0,0.0,0.0,0.0,24,1.0,1.0
human,CM6,4,SPB1,1,0,False,0,0.0,0,False,0.0,0.0,0.0,0.0,6,0.25,0.75
human,CM6,4,SPB3,1,0,False,0,0.0,0,False,0.0,0.0,0.0,0.0,18,0.75,1.0
human,CM5,3,MUL3,1,0,False,0,0.0,0,False,0.0,0.0,0.0,0.0,0,0.0,0.0
human,CM5,3,MUL4,1,0,False,0,0.0,0,False,0.0,0.0,0.0,0.0,0,0.0,0.0
human,CM5,3,MUL5,1,0,False,0,0.0,0,False,0.0,0.0,0.0,0.0,0,0.0,0.0
human,CM5,3,OPEN,1,0,False,0,0.0,0,False,0.0,0.0,0.0,0.0,0,0.0,0.0
human,CM5,3,OPEN,2,0,False,0,0.0,0,False,0.0,0.0,0.0,0.0,0,0.0,0.0
human,CM5,3,SPB1,1,0,False,0,0.0,0,False,0.0,0.0,0.0,0.0,0,0.0,0.0
human,CM5,3,SPB1,2,0,False,0,0.0,0,False,0.0,0.0,0.0,0.0,0,0.0,0.0
human,CM5,3,SPB2,1,0,False,0,0.0,0,False,0.0,0.0,0.0,0.0,0,0.0,0.0
human,CM7,3,SPL3,1,0,False,0,0.0,0,False,0.0,0.0,0.0,0.0,1,0.16666666666666666,0.3333333333333333
human,CM7,4,BOT1,1,0,False,3,0.25,0,False,0.7464788732394366,0.7464788732394366,0.2394366197183098,0.9859154929577464,2,0.08333333333333333,0.5
human,CM7,4,BOT3,1,0,False,0,0.0,0,False,0.0,0.0,0.0,0.0,2,0.08333333333333333,0.5
human,CM7,4,COR1,1,0,False,0,0.0,0,False,0.0,0.0,0.0,0.0,3,0.125,0.5
human,CM7,4,MUL1,1,0,False,0,0.0,0,False,0.0,0.0,0.0,0.0,7,0.2916666666666667,0.75
human,CM7,4,MUL4,1,0,False,0,0.0,0,False,0.0,0.0,0.0,0.0,3,0.125,0.5
human,CM7,4,OPEN,1,0,False,0,0.0,0,False,0.0,0.0,0.0,0.0,7,0.2916666666666667,0.75
human,CM7,4,SPB1,1,0,False,0,0.0,0,False,0.0,0.0,0.0,0.0,6,0.25,0.75
human,CM7,3,COR3,1,0,False,0,0.0,0,False,0.0,0.0,0.0,0.0,1,0.16666666666666666,0.3333333333333333
human,CM7,3,MUL1,1,0,False,0,0.0,0,False,0.0,0.0,0.0,0.0,1,0.16666666666666666,0.3333333333333333
human,CM7,3,MUL1,2,0,False,0,0.0,0,False,0.0,0.0,0.0,0.0,1,0.16666666666666666,0.3333333333333333
human,CM7,3,MUL2,1,0,False,0,0.0,0,False,0.0,0.0,0.0,0.0,1,0.16666666666666666,0.3333333333333333
human,CM7,3,MUL3,1,0,False,0,0.0,0,False,0.0,0.0,0.0,0.0,1,0.16666666666666666,0.3333333333333333
human,CM7,3,MUL4,1,0,False,0,0.0,0,False,0.0,0.0,0.0,0.0,1,0.16666666666666666,0.3333333333333333
human,CM7,3,MUL5,1,0,False,0,0.0,0,False,0.0,0.0,0.0,0.0,1,0.16666666666666666,0.3333333333333333
human,CM7,3,OPEN,1,0,False,0,0.0,0,False,0.0,0.0,0.0,0.0,1,0.16666666666666666,0.3333333333333333
human,CM6,4,SPL1,1,0,False,0,0.0,0,False,0.0,0.0,0.0,0.0,24,1.0,1.0
human,CM7,3,BOT1,1,0,False,2,0.3333333333333333,0,False,0.6619718309859155,0.6619718309859155,0.323943661971831,0.9859154929577464,1,0.16666666666666666,0.3333333333333333
human,CM7,3,BOT1,2,0,False,2,0.3333333333333333,0,False,0.6619718309859155,0.6619718309859155,0.3345070422535211,0.9964788732394366,1,0.16666666666666666,0.3333333333333333
human,CM7,3,BOT2,1,0,False,2,0.3333333333333333,0,False,0.6619718309859155,0.6619718309859155,0.323943661971831,0.9859154929577464,0,0.0,0.0
human,CM7,3,BOT3,1,0,False,0,0.0,0,False,0.0,0.0,0.0,0.0,1,0.16666666666666666,0.3333333333333333
human,CM7,3,COR1,1,0,False,0,0.0,0,False,0.0,0.0,0.0,0.0,1,0.16666666666666666,0.3333333333333333
human,CM7,3,COR1,2,0,False,0,0.0,0,False,0.0,0.0,0.0,0.0,1,0.16666666666666666,0.3333333333333333
human,CM7,3,COR2,1,0,False,0,0.0,0,False,0.0,0.0,0.0,0.0,1,0.16666666666666666,0.3333333333333333
human,CM8,3,COR2,1,0,False,0,0.0,0,False,0.0,0.0,0.0,0.0,2,0.3333333333333333,0.6666666666666666
human,CM8,3,COR3,1,0,False,0,0.0,0,False,0.0,0.0,0.0,0.0,2,0.3333333333333333,0.6666666666666666
human,CM8,3,MUL1,1,0,False,0,0.0,0,False,0.0,0.0,0.0,0.0,2,0.3333333333333333,0.6666666666666666
human,CM8,3,MUL1,2,0,False,0,0.0,0,False,0.0,0.0,0.0,0.0,2,0.3333333333333333,0.6666666666666666
human,CM8,3,MUL2,1,0,False,0,0.0,0,False,0.0,0.0,0.0,0.0,2,0.3333333333333333,0.6666666666666666
human,CM8,3,MUL3,1,0,False,0,0.0,0,False,0.0,0.0,0.0,0.0,2,0.3333333333333333,0.6666666666666666
human,CM8,3,MUL4,1,0,False,0,0.0,0,False,0.0,0.0,0.0,0.0,2,0.3333333333333333,0.6666666666666666
human,CM8,3,MUL5,1,0,False,0,0.0,0,False,0.0,0.0,0.0,0.0,2,0.3333333333333333,0.6666666666666666
human,CM7,4,SPB3,1,0,False,0,0.0,0,False,0.0,0.0,0.0,0.0,5,0.20833333333333334,0.5
human,CM7,4,SPL1,1,0,False,0,0.0,0,False,0.0,0.0,0.0,0.0,7,0.2916666666666667,0.75
human,CM8,3,BOT1,1,0,False,2,0.3333333333333333,0,False,0.6619718309859155,0.6619718309859155,0.323943661971831,0.9859154929577464,0,0.0,0.0
human,CM8,3,BOT1,2,0,False,2,0.3333333333333333,0,False,0.6619718309859155,0.6619718309859155,0.3345070422535211,0.9964788732394366,0,0.0,0.0
human,CM8,3,BOT2,1,0,False,2,0.3333333333333333,0,False,0.6619718309859155,0.6619718309859155,0.323943661971831,0.9859154929577464,2,0.3333333333333333,0.6666666666666666
human,CM8,3,BOT3,1,0,False,0,0.0,0,False,0.0,0.0,0.0,0.0,2,0.3333333333333333,0.6666666666666666
human,CM8,3,COR1,1,0,False,0,0.0,0,False,0.0,0.0,0.0,0.0,2,0.3333333333333333,0.6666666666666666
human,CM8,3,COR1,2,0,False,0,0.0,0,False,0.0,0.0,0.0,0.0,2,0.3333333333333333,0.6666666666666666
human,CM7,3,OPEN,2,0,False,0,0.0,0,False,0.0,0.0,0.0,0.0,1,0.16666666666666666,0.3333333333333333
human,CM7,3,SPB1,1,0,False,0,0.0,0,False,0.0,0.0,0.0,0.0,1,0.16666666666666666,0.3333333333333333
human,CM7,3,SPB1,2,0,False,0,0.0,0,False,0.0,0.0,0.0,0.0,1,0.16666666666666666,0.3333333333333333
human,CM7,3,SPB2,1,0,False,0,0.0,0,False,0.0,0.0,0.0,0.0,1,0.16666666666666666,0.3333333333333333
human,CM7,3,SPB3,1,0,False,0,0.0,0,False,0.0,0.0,0.0,0.0,1,0.16666666666666666,0.3333333333333333
human,CM7,3,SPL1,1,0,False,0,0.0,0,False,0.0,0.0,0.0,0.0,1,0.16666666666666666,0.3333333333333333
human,CM7,3,SPL1,2,0,False,0,0.0,0,False,0.0,0.0,0.0,0.0,1,0.16666666666666666,0.3333333333333333
human,CM7,3,SPL2,1,0,False,0,0.0,0,False,0.0,0.0,0.0,0.0,1,0.16666666666666666,0.3333333333333333
human,CM8,3,SPL2,1,0,False,0,0.0,0,False,0.0,0.0,0.0,0.0,2,0.3333333333333333,0.6666666666666666
human,CM8,3,SPL3,1,0,False,0,0.0,0,False,0.0,0.0,0.0,0.0,2,0.3333333333333333,0.6666666666666666
human,CM8,4,BOT1,1,0,False,3,0.25,0,False,0.7464788732394366,0.7464788732394366,0.2394366197183098,0.9859154929577464,0,0.0,0.0
human,CM8,4,BOT3,1,0,False,0,0.0,0,False,0.0,0.0,0.0,0.0,3,0.125,0.5
human,CM8,4,COR1,1,0,False,0,0.0,0,False,0.0,0.0,0.0,0.0,4,0.16666666666666666,0.5
human,CM8,4,MUL1,1,0,False,0,0.0,0,False,0.0,0.0,0.0,0.0,4,0.16666666666666666,0.5
human,CM8,4,MUL4,1,0,False,0,0.0,0,False,0.0,0.0,0.0,0.0,4,0.16666666666666666,0.5
human,CM8,4,OPEN,1,0,False,0,0.0,0,False,0.0,0.0,0.0,0.0,4,0.16666666666666666,0.5
human,CM8,4,SPB1,1,0,False,0,0.0,0,False,0.0,0.0,0.0,0.0,4,0.16666666666666666,0.5
human,CM8,4,SPB3,1,0,False,0,0.0,0,False,0.0,0.0,0.0,0.0,4,0.16666666666666666,0.5
human,CM8,4,SPL1,1,0,False,0,0.0,0,False,0.0,0.0,0.0,0.0,4,0.16666666666666666,0.5
human,CM9,3,BOT1,1,0,False,2,0.3333333333333333,0,False,0.676056338028169,0.676056338028169,0.3098591549295774,0.9859154929577464,2,0.3333333333333333,0.6666666666666666
human,CM9,3,BOT2,1,0,False,2,0.3333333333333333,0,False,0.6619718309859155,0.6619718309859155,0.323943661971831,0.9859154929577464,2,0.3333333333333333,0.6666666666666666
human,CM9,3,BOT3,1,0,False,0,0.0,0,False,0.0,0.0,0.0,0.0,6,1.0,1.0
human,CM9,3,COR1,1,0,False,0,0.0,0,False,0.0,0.0,0.0,0.0,6,1.0,1.0
human,CM9,3,COR2,1,0,False,0,0.0,0,False,0.0,0.0,0.0,0.0,6,1.0,1.0
human,CM9,3,SPB2,1,0,False,0,0.0,0,False,0.0,0.0,0.0,0.0,6,1.0,1.0
human,CM9,3,SPB3,1,0,False,0,0.0,0,False,0.0,0.0,0.0,0.0,4,0.6666666666666666,1.0
human,CM9,3,SPL1,1,0,False,0,0.0,0,False,0.0,0.0,0.0,0.0,6,1.0,1.0
human,CM9,3,SPL2,1,0,False,0,0.0,0,False,0.0,0.0,0.0,0.0,6,1.0,1.0
human,CM9,3,SPL3,1,0,False,0,0.0,0,False,0.0,0.0,0.0,0.0,4,0.6666666666666666,1.0
human,CM9,4,BOT1,1,0,False,3,0.25,0,False,0.7605633802816901,0.7605633802816901,0.2253521126760563,0.9859154929577464,6,0.25,0.75
human,CM9,4,BOT3,1,0,False,0,0.0,0,False,0.0,0.0,0.0,0.0,24,1.0,1.0
human,CM9,4,COR1,1,0,False,0,0.0,0,False,0.0,0.0,0.0,0.0,24,1.0,1.0
human,CM9,3,COR3,1,0,False,0,0.0,0,False,0.0,0.0,0.0,0.0,2,0.3333333333333333,0.6666666666666666
human,CM9,3,MUL1,1,0,False,0,0.0,0,False,0.0,0.0,0.0,0.0,6,1.0,1.0
human,CM9,3,MUL2,1,0,False,0,0.0,0,False,0.0,0.0,0.0,0.0,6,1.0,1.0
human,CM9,3,MUL3,1,0,False,0,0.0,0,False,0.0,0.0,0.0,0.0,6,1.0,1.0
human,CM9,3,MUL4,1,0,False,0,0.0,0,False,0.0,0.0,0.0,0.0,6,1.0,1.0
human,CM9,3,MUL5,1,0,False,0,0.0,0,False,0.0,0.0,0.0,0.0,6,1.0,1.0
human,CM9,3,OPEN,1,0,False,0,0.0,0,False,0.0,0.0,0.0,0.0,6,1.0,1.0
human,CM9,3,SPB1,1,0,False,0,0.0,0,False,0.0,0.0,0.0,0.0,4,0.6666666666666666,1.0
human,CM8,3,OPEN,1,0,False,0,0.0,0,False,0.0,0.0,0.0,0.0,2,0.3333333333333333,0.6666666666666666
human,CM8,3,OPEN,2,0,False,0,0.0,0,False,0.0,0.0,0.0,0.0,2,0.3333333333333333,0.6666666666666666
human,CM8,3,SPB1,1,0,False,0,0.0,0,False,0.0,0.0,0.0,0.0,2,0.3333333333333333,0.6666666666666666
human,CM8,3,SPB1,2,0,False,0,0.0,0,False,0.0,0.0,0.0,0.0,2,0.3333333333333333,0.6666666666666666
human,CM8,3,SPB2,1,0,False,0,0.0,0,False,0.0,0.0,0.0,0.0,2,0.3333333333333333,0.6666666666666666
human,CM8,3,SPB3,1,0,False,0,0.0,0,False,0.0,0.0,0.0,0.0,2,0.3333333333333333,0.6666666666666666
human,CM8,3,SPL1,1,0,False,0,0.0,0,False,0.0,0.0,0.0,0.0,2,0.3333333333333333,0.6666666666666666
human,CM8,3,SPL1,2,0,False,0,0.0,0,False,0.0,0.0,0.0,0.0,2,0.3333333333333333,0.6666666666666666
human,CM9,4,MUL1,1,0,False,0,0.0,0,False,0.0,0.0,0.0,0.0,24,1.0,1.0
human,CM9,4,MUL4,1,0,False,0,0.0,0,False,0.0,0.0,0.0,0.0,24,1.0,1.0
human,CM9,4,OPEN,1,0,False,0,0.0,0,False,0.0,0.0,0.0,0.0,24,1.0,1.0
human,CM9,4,SPB1,1,0,False,0,0.0,0,False,0.0,0.0,0.0,0.0,12,0.5,1.0
human,CM9,4,SPB3,1,0,False,0,0.0,0,False,0.0,0.0,0.0,0.0,12,0.5,1.0
human,CM9,4,SPL1,1,0,False,0,0.0,0,False,0.0,0.0,0.0,0.0,24,1.0,1.0
landscape,CM1,3,BOT1,1,0,False,2,0.3333333333333333,0,False,0.594059405940594,0.594059405940594,0.396039603960396,0.99009900990099,2,0.3333333333333333,0.6666666666666666
landscape,CM1,3,BOT1,2,0,False,2,0.3333333333333333,0,False,0.594059405940594,0.594059405940594,0.4034653465346535,0.9975247524752476,2,0.3333333333333333,0.6666666666666666
landscape,CM1,4,COR1,1,0,False,0,0.0,0,False,0.0,0.0,0.0,0.0,10,0.4166666666666667,1.0
landscape,CM1,4,MUL1,1,0,False,0,0.0,0,False,0.0,0.0,0.0,0.0,24,1.0,1.0
landscape,CM1,4,MUL4,1,0,False,0,0.0,0,False,0.0,0.0,0.0,0.0,24,1.0,1.0
landscape,CM1,4,OPEN,1,0,False,0,0.0,0,False,0.0,0.0,0.0,0.0,24,1.0,1.0
landscape,CM1,4,SPB1,1,0,False,0,0.0,0,False,0.0,0.0,0.0,0.0,16,0.6666666666666666,1.0
landscape,CM1,4,SPB3,1,0,False,0,0.0,0,False,0.0,0.0,0.0,0.0,16,0.6666666666666666,1.0
landscape,CM1,4,SPL1,1,0,False,0,0.0,0,False,0.0,0.0,0.0,0.0,24,1.0,1.0
landscape,CM10,3,BOT1,1,0,False,2,0.3333333333333333,0,False,0.6732673267326733,0.6732673267326733,0.3168316831683168,0.99009900990099,0,0.0,0.0
landscape,CM1,3,SPB2,1,0,False,0,0.0,0,False,0.0,0.0,0.0,0.0,6,1.0,1.0
landscape,CM1,3,SPB3,1,0,False,0,0.0,0,False,0.0,0.0,0.0,0.0,6,1.0,1.0
landscape,CM1,3,SPL1,1,0,False,0,0.0,0,False,0.0,0.0,0.0,0.0,6,1.0,1.0
landscape,CM1,3,SPL1,2,0,False,0,0.0,0,False,0.0,0.0,0.0,0.0,6,1.0,1.0
landscape,CM1,3,SPL2,1,0,False,0,0.0,0,False,0.0,0.0,0.0,0.0,6,1.0,1.0
landscape,CM1,3,SPL3,1,0,False,0,0.0,0,False,0.0,0.0,0.0,0.0,6,1.0,1.0
landscape,CM1,4,BOT1,1,0,False,3,0.25,0,False,0.7821782178217822,0.7821782178217822,0.2079207920792079,0.99009900990099,4,0.16666666666666666,0.75
landscape,CM1,4,BOT3,1,0,False,0,0.0,0,False,0.0,0.0,0.0,0.0,10,0.4166666666666667,1.0
landscape,CM1,3,BOT2,1,0,False,0,0.0,0,False,0.0,0.0,0.0,0.0,6,1.0,1.0
landscape,CM1,3,BOT3,1,0,False,0,0.0,0,False,0.0,0.0,0.0,0.0,2,0.3333333333333333,0.6666666666666666
landscape,CM1,3,COR1,1,0,False,0,0.0,0,False,0.0,0.0,0.0,0.0,4,0.6666666666666666,1.0
landscape,CM1,3,COR1,2,0,False,0,0.0,0,False,0.0,0.0,0.0,0.0,4,0.6666666666666666,1.0
landscape,CM1,3,COR2,1,0,False,0,0.0,0,False,0.0,0.0,0.0,0.0,2,0.3333333333333333,0.6666666666666666
landscape,CM1,3,COR3,1,0,False,0,0.0,0,False,0.0,0.0,0.0,0.0,6,1.0,1.0
landscape,CM1,3,MUL1,1,0,False,0,0.0,0,False,0.0,0.0,0.0,0.0,6,1.0,1.0
landscape,CM1,3,MUL1,2,0,False,0,0.0,0,False,0.0,0.0,0.0,0.0,6,1.0,1.0
landscape,CM10,3,BOT2,1,0,False,0,0.0,0,False,0.0,0.0,0.0,0.0,3,0.5,0.6666666666666666
landscape,CM10,3,BOT3,1,0,False,0,0.0,0,False,0.0,0.0,0.0,0.0,3,0.5,0.6666666666666666
landscape,CM10,3,COR1,1,0,False,0,0.0,0,False,0.0,0.0,0.0,0.0,0,0.0,0.0
landscape,CM10,3,COR2,1,0,False,0,0.0,0,False,0.0,0.0,0.0,0.0,6,1.0,1.0
landscape,CM10,3,COR3,1,0,False,0,0.0,0,False,0.0,0.0,0.0,0.0,3,0.5,0.6666666666666666
landscape,CM10,3,MUL1,1,0,False,0,0.0,0,False,0.0,0.0,0.0,0.0,6,1.0,1.0
landscape,CM10,3,MUL2,1,0,False,0,0.0,0,False,0.0,0.0,0.0,0.0,6,1.0,1.0
landscape,CM10,3,MUL3,1,0,False,0,0.0,0,False,0.0,0.0,0.0,0.0,6,1.0,1.0
landscape,CM1,3,MUL2,1,0,False,0,0.0,0,False,0.0,0.0,0.0,0.0,6,1.0,1.0
landscape,CM1,3,MUL3,1,0,False,0,0.0,0,False,0.0,0.0,0.0,0.0,6,1.0,1.0
landscape,CM1,3,MUL4,1,0,False,0,0.0,0,False,0.0,0.0,0.0,0.0,6,1.0,1.0
landscape,CM1,3,MUL5,1,0,False,0,0.0,0,False,0.0,0.0,0.0,0.0,6,1.0,1.0
landscape,CM1,3,OPEN,1,0,False,0,0.0,0,False,0.0,0.0,0.0,0.0,6,1.0,1.0
landscape,CM1,3,OPEN,2,0,False,0,0.0,0,False,0.0,0.0,0.0,0.0,6,1.0,1.0
landscape,CM1,3,SPB1,1,0,False,0,0.0,0,False,0.0,0.0,0.0,0.0,6,1.0,1.0
landscape,CM1,3,SPB1,2,0,False,0,0.0,0,False,0.0,0.0,0.0,0.0,6,1.0,1.0
landscape,CM10,3,MUL4,1,0,False,0,0.0,0,False,0.0,0.0,0.0,0.0,6,1.0,1.0
landscape,CM10,3,MUL5,1,0,False,0,0.0,0,False,0.0,0.0,0.0,0.0,6,1.0,1.0
landscape,CM10,3,OPEN,1,0,False,0,0.0,0,False,0.0,0.0,0.0,0.0,6,1.0,1.0
landscape,CM10,3,SPB1,1,0,False,0,0.0,0,False,0.0,0.0,0.0,0.0,6,1.0,1.0
landscape,CM10,3,SPB2,1,0,False,0,0.0,0,False,0.0,0.0,0.0,0.0,3,0.5,0.6666666666666666
landscape,CM10,3,SPB3,1,0,False,0,0.0,0,False,0.0,0.0,0.0,0.0,3,0.5,0.6666666666666666
landscape,CM10,3,SPL1,1,0,False,0,0.0,0,False,0.0,0.0,0.0,0.0,6,1.0,1.0
landscape,CM10,3,SPL2,1,0,False,0,0.0,0,False,0.0,0.0,0.0,0.0,6,1.0,1.0
landscape,CM10,4,SPB3,1,0,False,0,0.0,0,False,0.0,0.0,0.0,0.0,8,0.3333333333333333,0.75
landscape,CM10,4,SPL1,1,0,False,0,0.0,0,False,0.0,0.0,0.0,0.0,24,1.0,1.0
landscape,CM2,3,BOT1,1,0,False,2,0.3333333333333333,0,False,0.6732673267326733,0.6732673267326733,0.3168316831683168,0.99009900990099,2,0.3333333333333333,0.6666666666666666
landscape,CM2,3,BOT2,1,0,False,0,0.0,0,False,0.0,0.0,0.0,0.0,6,1.0,1.0
landscape,CM2,3,BOT3,1,0,False,0,0.0,0,False,0.0,0.0,0.0,0.0,4,0.6666666666666666,1.0
landscape,CM2,3,COR1,1,0,False,0,0.0,0,False,0.0,0.0,0.0,0.0,4,0.6666666666666666,1.0
landscape,CM2,3,COR2,1,0,False,0,0.0,0,False,0.0,0.0,0.0,0.0,4,0.6666666666666666,1.0
landscape,CM2,3,COR3,1,0,False,0,0.0,0,False,0.0,0.0,0.0,0.0,6,1.0,1.0
landscape,CM10,3,SPL3,1,0,False,0,0.0,0,False,0.0,0.0,0.0,0.0,6,1.0,1.0
landscape,CM10,4,BOT1,1,0,False,3,0.25,0,False,0.7524752475247525,0.7524752475247525,0.2376237623762376,0.99009900990099,0,0.0,0.0
landscape,CM10,4,BOT3,1,0,False,0,0.0,0,False,0.0,0.0,0.0,0.0,8,0.3333333333333333,0.75
landscape,CM10,4,COR1,1,0,False,0,0.0,0,False,0.0,0.0,0.0,0.0,0,0.0,0.0
landscape,CM10,4,MUL1,1,0,False,0,0.0,0,False,0.0,0.0,0.0,0.0,24,1.0,1.0
landscape,CM10,4,MUL4,1,0,False,0,0.0,0,False,0.0,0.0,0.0,0.0,24,1.0,1.0
landscape,CM10,4,OPEN,1,0,False,0,0.0,0,False,0.0,0.0,0.0,0.0,24,1.0,1.0
landscape,CM10,4,SPB1,1,0,False,0,0.0,0,False,0.0,0.0,0.0,0.0,16,0.6666666666666666,1.0
landscape,CM2,3,MUL1,1,0,False,0,0.0,0,False,0.0,0.0,0.0,0.0,6,1.0,1.0
landscape,CM2,3,MUL2,1,0,False,0,0.0,0,False,0.0,0.0,0.0,0.0,6,1.0,1.0
landscape,CM2,3,MUL3,1,0,False,0,0.0,0,False,0.0,0.0,0.0,0.0,6,1.0,1.0
landscape,CM2,3,MUL4,1,0,False,0,0.0,0,False,0.0,0.0,0.0,0.0,6,1.0,1.0
landscape,CM2,3,MUL5,1,0,False,0,0.0,0,False,0.0,0.0,0.0,0.0,6,1.0,1.0
landscape,CM2,3,OPEN,1,0,False,0,0.0,0,False,0.0,0.0,0.0,0.0,6,1.0,1.0
landscape,CM2,3,SPB1,1,0,False,0,0.0,0,False,0.0,0.0,0.0,0.0,6,1.0,1.0
landscape,CM2,3,SPB2,1,0,False,0,0.0,0,False,0.0,0.0,0.0,0.0,6,1.0,1.0
landscape,CM2,3,SPB3,1,0,False,0,0.0,0,False,0.0,0.0,0.0,0.0,6,1.0,1.0
landscape,CM2,3,SPL1,1,0,False,0,0.0,0,False,0.0,0.0,0.0,0.0,6,1.0,1.0
landscape,CM2,3,SPL2,1,0,False,0,0.0,0,False,0.0,0.0,0.0,0.0,6,1.0,1.0
landscape,CM2,3,SPL3,1,0,False,0,0.0,0,False,0.0,0.0,0.0,0.0,6,1.0,1.0
landscape,CM2,4,BOT1,1,0,False,3,0.25,0,False,0.7524752475247525,0.7524752475247525,0.2376237623762376,0.99009900990099,6,0.25,0.75
landscape,CM2,4,BOT3,1,0,False,0,0.0,0,False,0.0,0.0,0.0,0.0,12,0.5,1.0
landscape,CM2,4,COR1,1,0,False,0,0.0,0,False,0.0,0.0,0.0,0.0,12,0.5,1.0
landscape,CM2,4,MUL1,1,0,False,0,0.0,0,False,0.0,0.0,0.0,0.0,24,1.0,1.0
landscape,CM3,3,COR1,1,0,False,0,0.0,0,False,0.0,0.0,0.0,0.0,3,0.5,0.6666666666666666
landscape,CM3,3,COR2,1,0,False,0,0.0,0,False,0.0,0.0,0.0,0.0,3,0.5,0.6666666666666666
landscape,CM3,3,COR3,1,0,False,0,0.0,0,False,0.0,0.0,0.0,0.0,3,0.5,0.6666666666666666
landscape,CM3,3,MUL1,1,0,False,0,0.0,0,False,0.0,0.0,0.0,0.0,3,0.5,0.6666666666666666
landscape,CM3,3,MUL2,1,0,False,0,0.0,0,False,0.0,0.0,0.0,0.0,3,0.5,0.6666666666666666
landscape,CM3,3,MUL3,1,0,False,0,0.0,0,False,0.0,0.0,0.0,0.0,3,0.5,0.6666666666666666
landscape,CM3,3,MUL4,1,0,False,0,0.0,0,False,0.0,0.0,0.0,0.0,3,0.5,0.6666666666666666
landscape,CM3,3,MUL5,1,0,False,0,0.0,0,False,0.0,0.0,0.0,0.0,3,0.5,0.6666666666666666
landscape,CM2,4,MUL4,1,0,False,0,0.0,0,False,0.0,0.0,0.0,0.0,24,1.0,1.0
landscape,CM2,4,OPEN,1,0,False,0,0.0,0,False,0.0,0.0,0.0,0.0,24,1.0,1.0
landscape,CM2,4,SPB1,1,0,False,0,0.0,0,False,0.0,0.0,0.0,0.0,24,1.0,1.0
landscape,CM2,4,SPB3,1,0,False,0,0.0,0,False,0.0,0.0,0.0,0.0,24,1.0,1.0
landscape,CM2,4,SPL1,1,0,False,0,0.0,0,False,0.0,0.0,0.0,0.0,24,1.0,1.0
landscape,CM3,3,BOT1,1,0,False,2,0.3333333333333333,0,False,0.8811881188118812,0.8811881188118812,0.1089108910891089,0.99009900990099,1,0.16666666666666666,0.3333333333333333
landscape,CM3,3,BOT2,1,0,False,0,0.0,0,False,0.0,0.0,0.0,0.0,2,0.3333333333333333,0.6666666666666666
landscape,CM3,3,BOT3,1,0,False,0,0.0,0,False,0.0,0.0,0.0,0.0,3,0.5,0.6666666666666666
landscape,CM3,3,OPEN,1,0,False,0,0.0,0,False,0.0,0.0,0.0,0.0,3,0.5,0.6666666666666666
landscape,CM3,3,SPB1,1,0,False,0,0.0,0,False,0.0,0.0,0.0,0.0,2,0.3333333333333333,0.6666666666666666
landscape,CM3,3,SPB2,1,0,False,0,0.0,0,False,0.0,0.0,0.0,0.0,3,0.5,0.6666666666666666
landscape,CM3,3,SPB3,1,0,False,0,0.0,0,False,0.0,0.0,0.0,0.0,2,0.3333333333333333,0.6666666666666666
landscape,CM3,3,SPL1,1,0,False,0,0.0,0,False,0.0,0.0,0.0,0.0,3,0.5,0.6666666666666666
landscape,CM3,3,SPL2,1,0,False,0,0.0,0,False,0.0,0.0,0.0,0.0,3,0.5,0.6666666666666666
landscape,CM3,3,SPL3,1,0,False,0,0.0,0,False,0.0,0.0,0.0,0.0,3,0.5,0.6666666666666666
landscape,CM3,4,BOT1,1,0,False,3,0.25,0,False,0.8811881188118812,0.8811881188118812,0.1089108910891089,0.99009900990099,3,0.125,0.5
landscape,CM3,4,BOT3,1,0,False,0,0.0,0,False,0.0,0.0,0.0,0.0,12,0.5,0.75
landscape,CM3,4,COR1,1,0,False,0,0.0,0,False,0.0,0.0,0.0,0.0,9,0.375,0.75
landscape,CM3,4,MUL1,1,0,False,0,0.0,0,False,0.0,0.0,0.0,0.0,12,0.5,0.75
landscape,CM3,4,MUL4,1,0,False,0,0.0,0,False,0.0,0.0,0.0,0.0,12,0.5,0.75
landscape,CM3,4,OPEN,1,0,False,0,0.0,0,False,0.0,0.0,0.0,0.0,12,0.5,0.75
landscape,CM3,4,SPB1,1,0,False,0,0.0,0,False,0.0,0.0,0.0,0.0,9,0.375,0.75
landscape,CM3,4,SPB3,1,0,False,0,0.0,0,False,0.0,0.0,0.0,0.0,9,0.375,0.75
landscape,CM3,4,SPL1,1,0,False,0,0.0,0,False,0.0,0.0,0.0,0.0,12,0.5,0.75
landscape,CM4,3,BOT1,1,0,False,2,0.3333333333333333,0,False,0.6039603960396039,0.6039603960396039,0.3861386138613861,0.99009900990099,2,0.3333333333333333,0.6666666666666666
landscape,CM4,3,BOT2,1,0,False,0,0.0,0,False,0.0,0.0,0.0,0.0,6,1.0,1.0
landscape,CM4,3,BOT3,1,0,False,0,0.0,0,False,0.0,0.0,0.0,0.0,2,0.3333333333333333,0.6666666666666666
landscape,CM4,3,COR1,1,0,False,0,0.0,0,False,0.0,0.0,0.0,0.0,6,1.0,1.0
landscape,CM4,3,COR2,1,0,False,0,0.0,0,False,0.0,0.0,0.0,0.0,2,0.3333333333333333,0.6666666666666666
landscape,CM4,3,COR3,1,0,False,0,0.0,0,False,0.0,0.0,0.0,0.0,6,1.0,1.0
landscape,CM4,3,MUL1,1,0,False,0,0.0,0,False,0.0,0.0,0.0,0.0,6,1.0,1.0
landscape,CM4,3,MUL2,1,0,False,0,0.0,0,False,0.0,0.0,0.0,0.0,6,1.0,1.0
landscape,CM4,3,SPL2,1,0,False,0,0.0,0,False,0.0,0.0,0.0,0.0,4,0.6666666666666666,1.0
landscape,CM4,3,SPL3,1,0,False,0,0.0,0,False,0.0,0.0,0.0,0.0,6,1.0,1.0
landscape,CM4,4,BOT1,1,0,False,3,0.25,0,False,0.6534653465346535,0.6534653465346535,0.3366336633663366,0.99009900990099,3,0.125,0.5
landscape,CM4,4,BOT3,1,0,False,0,0.0,0,False,0.0,0.0,0.0,0.0,3,0.125,0.5
landscape,CM4,4,COR1,1,0,False,0,0.0,0,False,0.0,0.0,0.0,0.0,24,1.0,1.0
landscape,CM4,4,MUL1,1,0,False,0,0.0,0,False,0.0,0.0,0.0,0.0,24,1.0,1.0
landscape,CM4,4,MUL4,1,0,False,0,0.0,0,False,0.0,0.0,0.0,0.0,24,1.0,1.0
landscape,CM4,4,OPEN,1,0,False,0,0.0,0,False,0.0,0.0,0.0,0.0,24,1.0,1.0
landscape,CM4,3,MUL3,1,0,False,0,0.0,0,False,0.0,0.0,0.0,0.0,6,1.0,1.0
landscape,CM4,3,MUL4,1,0,False,0,0.0,0,False,0.0,0.0,0.0,0.0,6,1.0,1.0
landscape,CM4,3,MUL5,1,0,False,0,0.0,0,False,0.0,0.0,0.0,0.0,6,1.0,1.0
landscape,CM4,3,OPEN,1,0,False,0,0.0,0,False,0.0,0.0,0.0,0.0,6,1.0,1.0
landscape,CM4,3,SPB1,1,0,False,0,0.0,0,False,0.0,0.0,0.0,0.0,6,1.0,1.0
landscape,CM4,3,SPB2,1,0,False,0,0.0,0,False,0.0,0.0,0.0,0.0,4,0.6666666666666666,1.0
landscape,CM4,3,SPB3,1,0,False,0,0.0,0,False,0.0,0.0,0.0,0.0,6,1.0,1.0
landscape,CM4,3,SPL1,1,0,False,0,0.0,0,False,0.0,0.0,0.0,0.0,6,1.0,1.0
landscape,CM4,4,SPB1,1,0,False,0,0.0,0,False,0.0,0.0,0.0,0.0,12,0.5,0.75
landscape,CM4,4,SPB3,1,0,False,0,0.0,0,False,0.0,0.0,0.0,0.0,24,1.0,1.0
landscape,CM4,4,SPL1,1,0,False,0,0.0,0,False,0.0,0.0,0.0,0.0,24,1.0,1.0
landscape,CM5,3,BOT1,1,0,False,2,0.3333333333333333,0,False,0.6633663366336634,0.6633663366336634,0.3267326732673267,0.99009900990099,0,0.0,0.0
landscape,CM5,3,BOT1,2,0,False,2,0.3333333333333333,0,False,0.6633663366336634,0.6633663366336634,0.3341584158415842,0.9975247524752476,0,0.0,0.0
landscape,CM5,3,BOT2,1,0,False,0,0.0,0,False,0.0,0.0,0.0,0.0,0,0.0,0.0
landscape,CM5,3,BOT3,1,0,False,0,0.0,0,False,0.0,0.0,0.0,0.0,0,0.0,0.0
landscape,CM5,3,COR1,1,0,False,0,0.0,0,False,0.0,0.0,0.0,0.0,0,0.0,0.0
landscape,CM5,4,OPEN,1,0,False,0,0.0,0,False,0.0,0.0,0.0,0.0,0,0.0,0.0
landscape,CM5,4,SPB1,1,0,False,0,0.0,0,False,0.0,0.0,0.0,0.0,0,0.0,0.0
landscape,CM5,4,SPB3,1,0,False,0,0.0,0,False,0.0,0.0,0.0,0.0,0,0.0,0.0
landscape,CM5,4,SPL1,1,0,False,0,0.0,0,False,0.0,0.0,0.0,0.0,0,0.0,0.0
landscape,CM6,3,BOT1,1,0,False,2,0.3333333333333333,0,False,0.4851485148514851,0.4851485148514851,0.504950495049505,0.99009900990099,2,0.3333333333333333,0.6666666666666666
landscape,CM6,3,BOT2,1,0,False,0,0.0,0,False,0.0,0.0,0.0,0.0,3,0.5,0.6666666666666666
landscape,CM6,3,BOT3,1,0,False,0,0.0,0,False,0.0,0.0,0.0,0.0,2,0.3333333333333333,0.6666666666666666
landscape,CM6,3,COR1,1,0,False,0,0.0,0,False,0.0,0.0,0.0,0.0,4,0.6666666666666666,1.0
landscape,CM5,3,SPL1,2,0,False,0,0.0,0,False,0.0,0.0,0.0,0.0,0,0.0,0.0
landscape,CM5,3,SPL2,1,0,False,0,0.0,0,False,0.0,0.0,0.0,0.0,0,0.0,0.0
landscape,CM5,3,SPL3,1,0,False,0,0.0,0,False,0.0,0.0,0.0,0.0,0,0.0,0.0
landscape,CM5,4,BOT1,1,0,False,3,0.25,0,False,0.7425742574257426,0.7425742574257426,0.2475247524752475,0.99009900990099,0,0.0,0.0
landscape,CM5,4,BOT3,1,0,False,0,0.0,0,False,0.0,0.0,0.0,0.0,0,0.0,0.0
landscape,CM5,4,COR1,1,0,False,0,0.0,0,False,0.0,0.0,0.0,0.0,0,0.0,0.0
landscape,CM5,4,MUL1,1,0,False,0,0.0,0,False,0.0,0.0,0.0,0.0,0,0.0,0.0
landscape,CM5,4,MUL4,1,0,False,0,0.0,0,False,0.0,0.0,0.0,0.0,0,0.0,0.0
landscape,CM6,3,COR2,1,0,False,0,0.0,0,False,0.0,0.0,0.0,0.0,2,0.3333333333333333,0.6666666666666666
landscape,CM6,3,COR3,1,0,False,0,0.0,0,False,0.0,0.0,0.0,0.0,6,1.0,1.0
landscape,CM6,3,MUL1,1,0,False,0,0.0,0,False,0.0,0.0,0.0,0.0,6,1.0,1.0
landscape,CM6,3,MUL2,1,0,False,0,0.0,0,False,0.0,0.0,0.0,0.0,6,1.0,1.0
landscape,CM6,3,MUL3,1,0,False,0,0.0,0,False,0.0,0.0,0.0,0.0,6,1.0,1.0
landscape,CM6,3,MUL4,1,0,False,0,0.0,0,False,0.0,0.0,0.0,0.0,4,0.6666666666666666,1.0
landscape,CM6,3,MUL5,1,0,False,0,0.0,0,False,0.0,0.0,0.0,0.0,6,1.0,1.0
landscape,CM6,3,OPEN,1,0,False,0,0.0,0,False,0.0,0.0,0.0,0.0,6,1.0,1.0
landscape,CM5,3,COR1,2,0,False,0,0.0,0,False,0.0,0.0,0.0,0.0,0,0.0,0.0
landscape,CM5,3,COR2,1,0,False,0,0.0,0,False,0.0,0.0,0.0,0.0,0,0.0,0.0
landscape,CM5,3,COR3,1,0,False,0,0.0,0,False,0.0,0.0,0.0,0.0,0,0.0,0.0
landscape,CM5,3,MUL1,1,0,False,0,0.0,0,False,0.0,0.0,0.0,0.0,0,0.0,0.0
landscape,CM5,3,MUL1,2,0,False,0,0.0,0,False,0.0,0.0,0.0,0.0,0,0.0,0.0
landscape,CM5,3,MUL2,1,0,False,0,0.0,0,False,0.0,0.0,0.0,0.0,0,0.0,0.0
landscape,CM5,3,MUL3,1,0,False,0,0.0,0,False,0.0,0.0,0.0,0.0,0,0.0,0.0
landscape,CM5,3,MUL4,1,0,False,0,0.0,0,False,0.0,0.0,0.0,0.0,0,0.0,0.0
landscape,CM5,3,MUL5,1,0,False,0,0.0,0,False,0.0,0.0,0.0,0.0,0,0.0,0.0
landscape,CM5,3,OPEN,1,0,False,0,0.0,0,False,0.0,0.0,0.0,0.0,0,0.0,0.0
landscape,CM5,3,OPEN,2,0,False,0,0.0,0,False,0.0,0.0,0.0,0.0,0,0.0,0.0
landscape,CM5,3,SPB1,1,0,False,0,0.0,0,False,0.0,0.0,0.0,0.0,0,0.0,0.0
landscape,CM5,3,SPB1,2,0,False,0,0.0,0,False,0.0,0.0,0.0,0.0,0,0.0,0.0
landscape,CM5,3,SPB2,1,0,False,0,0.0,0,False,0.0,0.0,0.0,0.0,0,0.0,0.0
landscape,CM5,3,SPB3,1,0,False,0,0.0,0,False,0.0,0.0,0.0,0.0,0,0.0,0.0
landscape,CM5,3,SPL1,1,0,False,0,0.0,0,False,0.0,0.0,0.0,0.0,0,0.0,0.0
landscape,CM6,3,SPB1,1,0,False,0,0.0,0,False,0.0,0.0,0.0,0.0,3,0.5,0.6666666666666666
landscape,CM6,3,SPB2,1,0,False,0,0.0,0,False,0.0,0.0,0.0,0.0,4,0.6666666666666666,1.0
landscape,CM6,3,SPB3,1,0,False,0,0.0,0,False,0.0,0.0,0.0,0.0,3,0.5,0.6666666666666666
landscape,CM6,3,SPL1,1,0,False,0,0.0,0,False,0.0,0.0,0.0,0.0,6,1.0,1.0
landscape,CM6,3,SPL2,1,0,False,0,0.0,0,False,0.0,0.0,0.0,0.0,4,0.6666666666666666,1.0
landscape,CM6,3,SPL3,1,0,False,0,0.0,0,False,0.0,0.0,0.0,0.0,6,1.0,1.0
landscape,CM6,4,BOT1,1,0,False,3,0.25,0,False,0.4851485148514851,0.4851485148514851,0.504950495049505,0.99009900990099,6,0.25,0.75
landscape,CM6,4,BOT3,1,0,False,0,0.0,0,False,0.0,0.0,0.0,0.0,8,0.3333333333333333,0.75
landscape,CM6,4,COR1,1,0,False,0,0.0,0,False,0.0,0.0,0.0,0.0,16,0.6666666666666666,1.0
landscape,CM6,4,MUL1,1,0,False,0,0.0,0,False,0.0,0.0,0.0,0.0,24,1.0,1.0
landscape,CM6,4,MUL4,1,0,False,0,0.0,0,False,0.0,0.0,0.0,0.0,16,0.6666666666666666,1.0
landscape,CM6,4,OPEN,1,0,False,0,0.0,0,False,0.0,0.0,0.0,0.0,24,1.0,1.0
landscape,CM6,4,SPB1,1,0,False,0,0.0,0,False,0.0,0.0,0.0,0.0,12,0.5,0.75
landscape,CM6,4,SPB3,1,0,False,0,0.0,0,False,0.0,0.0,0.0,0.0,12,0.5,0.75
landscape,CM6,4,SPL1,1,0,False,0,0.0,0,False,0.0,0.0,0.0,0.0,24,1.0,1.0
landscape,CM7,3,BOT1,1,0,False,2,0.3333333333333333,0,False,0.6732673267326733,0.6732673267326733,0.3168316831683168,0.99009900990099,0,0.0,0.0
landscape,CM7,4,BOT3,1,0,False,0,0.0,0,False,0.0,0.0,0.0,0.0,2,0.08333333333333333,0.25
landscape,CM7,4,COR1,1,0,False,0,0.0,0,False,0.0,0.0,0.0,0.0,2,0.08333333333333333,0.25
landscape,CM7,4,MUL1,1,0,False,0,0.0,0,False,0.0,0.0,0.0,0.0,2,0.08333333333333333,0.25
landscape,CM7,4,MUL4,1,0,False,0,0.0,0,False,0.0,0.0,0.0,0.0,2,0.08333333333333333,0.25
landscape,CM7,4,OPEN,1,0,False,0,0.0,0,False,0.0,0.0,0.0,0.0,2,0.08333333333333333,0.25
landscape,CM7,4,SPB1,1,0,False,0,0.0,0,False,0.0,0.0,0.0,0.0,2,0.08333333333333333,0.25
landscape,CM7,4,SPB3,1,0,False,0,0.0,0,False,0.0,0.0,0.0,0.0,2,0.08333333333333333,0.25
landscape,CM7,4,SPL1,1,0,False,0,0.0,0,False,0.0,0.0,0.0,0.0,2,0.08333333333333333,0.25
landscape,CM7,3,BOT1,2,0,False,2,0.3333333333333333,0,False,0.6732673267326733,0.6732673267326733,0.3242574257425742,0.9975247524752476,0,0.0,0.0
landscape,CM7,3,BOT2,1,0,False,0,0.0,0,False,0.0,0.0,0.0,0.0,2,0.3333333333333333,0.6666666666666666
landscape,CM7,3,BOT3,1,0,False,0,0.0,0,False,0.0,0.0,0.0,0.0,2,0.3333333333333333,0.6666666666666666
landscape,CM7,3,COR1,1,0,False,0,0.0,0,False,0.0,0.0,0.0,0.0,2,0.3333333333333333,0.6666666666666666
landscape,CM7,3,COR1,2,0,False,0,0.0,0,False,0.0,0.0,0.0,0.0,2,0.3333333333333333,0.6666666666666666
landscape,CM7,3,COR2,1,0,False,0,0.0,0,False,0.0,0.0,0.0,0.0,2,0.3333333333333333,0.6666666666666666
landscape,CM7,3,COR3,1,0,False,0,0.0,0,False,0.0,0.0,0.0,0.0,2,0.3333333333333333,0.6666666666666666
landscape,CM7,3,MUL1,1,0,False,0,0.0,0,False,0.0,0.0,0.0,0.0,2,0.3333333333333333,0.6666666666666666
landscape,CM7,3,MUL1,2,0,False,0,0.0,0,False,0.0,0.0,0.0,0.0,2,0.3333333333333333,0.6666666666666666
landscape,CM7,3,MUL2,1,0,False,0,0.0,0,False,0.0,0.0,0.0,0.0,2,0.3333333333333333,0.6666666666666666
landscape,CM7,3,MUL3,1,0,False,0,0.0,0,False,0.0,0.0,0.0,0.0,2,0.3333333333333333,0.6666666666666666
landscape,CM7,3,MUL4,1,0,False,0,0.0,0,False,0.0,0.0,0.0,0.0,2,0.3333333333333333,0.6666666666666666
landscape,CM7,3,MUL5,1,0,False,0,0.0,0,False,0.0,0.0,0.0,0.0,2,0.3333333333333333,0.6666666666666666
landscape,CM7,3,OPEN,1,0,False,0,0.0,0,False,0.0,0.0,0.0,0.0,2,0.3333333333333333,0.6666666666666666
landscape,CM7,3,OPEN,2,0,False,0,0.0,0,False,0.0,0.0,0.0,0.0,2,0.3333333333333333,0.6666666666666666
landscape,CM7,3,SPB1,1,0,False,0,0.0,0,False,0.0,0.0,0.0,0.0,2,0.3333333333333333,0.6666666666666666
landscape,CM7,3,SPB1,2,0,False,0,0.0,0,False,0.0,0.0,0.0,0.0,2,0.3333333333333333,0.6666666666666666
landscape,CM7,3,SPB2,1,0,False,0,0.0,0,False,0.0,0.0,0.0,0.0,2,0.3333333333333333,0.6666666666666666
landscape,CM7,3,SPB3,1,0,False,0,0.0,0,False,0.0,0.0,0.0,0.0,2,0.3333333333333333,0.6666666666666666
landscape,CM7,3,SPL1,1,0,False,0,0.0,0,False,0.0,0.0,0.0,0.0,2,0.3333333333333333,0.6666666666666666
landscape,CM7,3,SPL1,2,0,False,0,0.0,0,False,0.0,0.0,0.0,0.0,2,0.3333333333333333,0.6666666666666666
landscape,CM7,3,SPL2,1,0,False,0,0.0,0,False,0.0,0.0,0.0,0.0,2,0.3333333333333333,0.6666666666666666
landscape,CM7,3,SPL3,1,0,False,0,0.0,0,False,0.0,0.0,0.0,0.0,2,0.3333333333333333,0.6666666666666666
landscape,CM7,4,BOT1,1,0,False,3,0.25,0,False,0.7524752475247525,0.7524752475247525,0.2376237623762376,0.99009900990099,0,0.0,0.0
landscape,CM8,3,BOT1,1,0,False,2,0.3333333333333333,0,False,0.6633663366336634,0.6633663366336634,0.3267326732673267,0.99009900990099,0,0.0,0.0
landscape,CM8,3,BOT1,2,0,False,2,0.3333333333333333,0,False,0.6633663366336634,0.6633663366336634,0.3341584158415842,0.9975247524752476,0,0.0,0.0
landscape,CM8,3,BOT2,1,0,False,0,0.0,0,False,0.0,0.0,0.0,0.0,1,0.16666666666666666,0.3333333333333333
landscape,CM8,3,BOT3,1,0,False,0,0.0,0,False,0.0,0.0,0.0,0.0,1,0.16666666666666666,0.3333333333333333
landscape,CM8,3,COR1,1,0,False,0,0.0,0,False,0.0,0.0,0.0,0.0,1,0.16666666666666666,0.3333333333333333
landscape,CM8,3,COR1,2,0,False,0,0.0,0,False,0.0,0.0,0.0,0.0,1,0.16666666666666666,0.3333333333333333
landscape,CM8,3,COR2,1,0,False,0,0.0,0,False,0.0,0.0,0.0,0.0,1,0.16666666666666666,0.3333333333333333
landscape,CM8,3,COR3,1,0,False,0,0.0,0,False,0.0,0.0,0.0,0.0,1,0.16666666666666666,0.3333333333333333
landscape,CM8,4,BOT1,1,0,False,3,0.25,0,False,0.7524752475247525,0.7524752475247525,0.2376237623762376,0.99009900990099,1,0.041666666666666664,0.25
landscape,CM8,4,BOT3,1,0,False,0,0.0,0,False,0.0,0.0,0.0,0.0,2,0.08333333333333333,0.25
landscape,CM8,4,COR1,1,0,False,0,0.0,0,False,0.0,0.0,0.0,0.0,1,0.041666666666666664,0.25
landscape,CM8,4,MUL1,1,0,False,0,0.0,0,False,0.0,0.0,0.0,0.0,3,0.125,0.25
landscape,CM8,4,MUL4,1,0,False,0,0.0,0,False,0.0,0.0,0.0,0.0,3,0.125,0.25
landscape,CM8,4,OPEN,1,0,False,0,0.0,0,False,0.0,0.0,0.0,0.0,3,0.125,0.25
landscape,CM8,4,SPB1,1,0,False,0,0.0,0,False,0.0,0.0,0.0,0.0,3,0.125,0.25
landscape,CM8,4,SPB3,1,0,False,0,0.0,0,False,0.0,0.0,0.0,0.0,3,0.125,0.25
landscape,CM8,4,SPL1,1,0,False,0,0.0,0,False,0.0,0.0,0.0,0.0,3,0.125,0.25
landscape,CM9,3,BOT1,1,0,False,2,0.3333333333333333,0,False,0.6732673267326733,0.6732673267326733,0.3168316831683168,0.99009900990099,2,0.3333333333333333,0.6666666666666666
landscape,CM9,3,BOT2,1,0,False,0,0.0,0,False,0.0,0.0,0.0,0.0,6,1.0,1.0
landscape,CM9,3,BOT3,1,0,False,0,0.0,0,False,0.0,0.0,0.0,0.0,6,1.0,1.0
landscape,CM9,3,COR1,1,0,False,0,0.0,0,False,0.0,0.0,0.0,0.0,2,0.3333333333333333,0.6666666666666666
landscape,CM9,3,COR2,1,0,False,0,0.0,0,False,0.0,0.0,0.0,0.0,6,1.0,1.0
landscape,CM9,3,COR3,1,0,False,0,0.0,0,False,0.0,0.0,0.0,0.0,6,1.0,1.0
landscape,CM9,3,MUL1,1,0,False,0,0.0,0,False,0.0,0.0,0.0,0.0,6,1.0,1.0
landscape,CM9,3,SPL1,1,0,False,0,0.0,0,False,0.0,0.0,0.0,0.0,6,1.0,1.0
landscape,CM9,3,SPL2,1,0,False,0,0.0,0,False,0.0,0.0,0.0,0.0,6,1.0,1.0
landscape,CM9,3,SPL3,1,0,False,0,0.0,0,False,0.0,0.0,0.0,0.0,6,1.0,1.0
landscape,CM9,4,BOT1,1,0,False,3,0.25,0,False,0.7524752475247525,0.7524752475247525,0.2376237623762376,0.99009900990099,6,0.25,0.75
landscape,CM9,4,BOT3,1,0,False,0,0.0,0,False,0.0,0.0,0.0,0.0,18,0.75,1.0
landscape,CM9,4,COR1,1,0,False,0,0.0,0,False,0.0,0.0,0.0,0.0,6,0.25,0.75
landscape,CM9,4,MUL1,1,0,False,0,0.0,0,False,0.0,0.0,0.0,0.0,24,1.0,1.0
landscape,CM9,4,MUL4,1,0,False,0,0.0,0,False,0.0,0.0,0.0,0.0,24,1.0,1.0
landscape,CM9,3,MUL2,1,0,False,0,0.0,0,False,0.0,0.0,0.0,0.0,6,1.0,1.0
landscape,CM9,3,MUL3,1,0,False,0,0.0,0,False,0.0,0.0,0.0,0.0,6,1.0,1.0
landscape,CM9,3,MUL4,1,0,False,0,0.0,0,False,0.0,0.0,0.0,0.0,6,1.0,1.0
landscape,CM9,3,MUL5,1,0,False,0,0.0,0,False,0.0,0.0,0.0,0.0,6,1.0,1.0
landscape,CM9,3,OPEN,1,0,False,0,0.0,0,False,0.0,0.0,0.0,0.0,6,1.0,1.0
landscape,CM9,3,SPB1,1,0,False,0,0.0,0,False,0.0,0.0,0.0,0.0,6,1.0,1.0
landscape,CM9,3,SPB2,1,0,False,0,0.0,0,False,0.0,0.0,0.0,0.0,6,1.0,1.0
landscape,CM9,3,SPB3,1,0,False,0,0.0,0,False,0.0,0.0,0.0,0.0,6,1.0,1.0
landscape,CM8,3,MUL1,1,0,False,0,0.0,0,False,0.0,0.0,0.0,0.0,1,0.16666666666666666,0.3333333333333333
landscape,CM8,3,MUL1,2,0,False,0,0.0,0,False,0.0,0.0,0.0,0.0,1,0.16666666666666666,0.3333333333333333
landscape,CM8,3,MUL2,1,0,False,0,0.0,0,False,0.0,0.0,0.0,0.0,1,0.16666666666666666,0.3333333333333333
landscape,CM8,3,MUL3,1,0,False,0,0.0,0,False,0.0,0.0,0.0,0.0,1,0.16666666666666666,0.3333333333333333
landscape,CM8,3,MUL4,1,0,False,0,0.0,0,False,0.0,0.0,0.0,0.0,1,0.16666666666666666,0.3333333333333333
landscape,CM8,3,MUL5,1,0,False,0,0.0,0,False,0.0,0.0,0.0,0.0,1,0.16666666666666666,0.3333333333333333
landscape,CM8,3,OPEN,1,0,False,0,0.0,0,False,0.0,0.0,0.0,0.0,1,0.16666666666666666,0.3333333333333333
landscape,CM8,3,OPEN,2,0,False,0,0.0,0,False,0.0,0.0,0.0,0.0,1,0.16666666666666666,0.3333333333333333
landscape,CM8,3,SPB1,1,0,False,0,0.0,0,False,0.0,0.0,0.0,0.0,1,0.16666666666666666,0.3333333333333333
landscape,CM8,3,SPB1,2,0,False,0,0.0,0,False,0.0,0.0,0.0,0.0,1,0.16666666666666666,0.3333333333333333
landscape,CM8,3,SPB2,1,0,False,0,0.0,0,False,0.0,0.0,0.0,0.0,1,0.16666666666666666,0.3333333333333333
landscape,CM8,3,SPB3,1,0,False,0,0.0,0,False,0.0,0.0,0.0,0.0,1,0.16666666666666666,0.3333333333333333
landscape,CM8,3,SPL1,1,0,False,0,0.0,0,False,0.0,0.0,0.0,0.0,1,0.16666666666666666,0.3333333333333333
landscape,CM8,3,SPL1,2,0,False,0,0.0,0,False,0.0,0.0,0.0,0.0,1,0.16666666666666666,0.3333333333333333
landscape,CM8,3,SPL2,1,0,False,0,0.0,0,False,0.0,0.0,0.0,0.0,1,0.16666666666666666,0.3333333333333333
landscape,CM8,3,SPL3,1,0,False,0,0.0,0,False,0.0,0.0,0.0,0.0,1,0.16666666666666666,0.3333333333333333
landscape,CM9,4,OPEN,1,0,False,0,0.0,0,False,0.0,0.0,0.0,0.0,24,1.0,1.0
landscape,CM9,4,SPB1,1,0,False,0,0.0,0,False,0.0,0.0,0.0,0.0,24,1.0,1.0
landscape,CM9,4,SPB3,1,0,False,0,0.0,0,False,0.0,0.0,0.0,0.0,24,1.0,1.0
landscape,CM9,4,SPL1,1,0,False,0,0.0,0,False,0.0,0.0,0.0,0.0,24,1.0,1.0
rabbit,CM1,3,BOT1,1,0,False,2,0.3333333333333333,0,False,0.7021276595744681,0.7021276595744681,0.2872340425531915,0.9893617021276596,2,0.3333333333333333,0.6666666666666666
rabbit,CM1,3,BOT1,2,0,False,2,0.3333333333333333,0,False,0.7021276595744681,0.7021276595744681,0.2952127659574468,0.9973404255319148,2,0.3333333333333333,0.6666666666666666
rabbit,CM1,3,BOT2,1,0,False,2,0.3333333333333333,0,False,0.776595744680851,0.776595744680851,0.2127659574468085,0.9893617021276596,2,0.3333333333333333,0.6666666666666666
rabbit,CM1,3,BOT3,1,0,False,0,0.0,0,False,0.0,0.0,0.0,0.0,4,0.6666666666666666,1.0
rabbit,CM1,4,MUL4,1,0,False,0,0.0,0,False,0.0,0.0,0.0,0.0,24,1.0,1.0
rabbit,CM1,4,OPEN,1,0,False,0,0.0,0,False,0.0,0.0,0.0,0.0,24,1.0,1.0
rabbit,CM1,4,SPB1,1,0,False,0,0.0,0,False,0.0,0.0,0.0,0.0,12,0.5,1.0
rabbit,CM1,4,SPB3,1,0,False,0,0.0,0,False,0.0,0.0,0.0,0.0,18,0.75,1.0
rabbit,CM1,4,SPL1,1,0,False,0,0.0,0,False,0.0,0.0,0.0,0.0,24,1.0,1.0
rabbit,CM10,3,BOT1,1,0,False,2,0.3333333333333333,0,False,0.6808510638297872,0.6808510638297872,0.3085106382978723,0.9893617021276596,0,0.0,0.0
rabbit,CM10,3,BOT2,1,0,False,2,0.3333333333333333,0,False,0.6595744680851063,0.6595744680851063,0.3297872340425531,0.9893617021276596,1,0.16666666666666666,0.3333333333333333
rabbit,CM10,3,BOT3,1,0,False,0,0.0,0,False,0.0,0.0,0.0,0.0,3,0.5,0.6666666666666666
rabbit,CM1,3,SPL1,1,0,False,0,0.0,0,False,0.0,0.0,0.0,0.0,6,1.0,1.0
rabbit,CM1,3,SPL1,2,0,False,0,0.0,0,False,0.0,0.0,0.0,0.0,6,1.0,1.0
rabbit,CM1,3,SPL2,1,0,False,0,0.0,0,False,0.0,0.0,0.0,0.0,6,1.0,1.0
rabbit,CM1,3,SPL3,1,0,False,0,0.0,0,False,0.0,0.0,0.0,0.0,6,1.0,1.0
rabbit,CM1,4,BOT1,1,0,False,3,0.25,0,False,0.723404255319149,0.723404255319149,0.2659574468085106,0.9893617021276596,6,0.25,0.75
rabbit,CM1,4,BOT3,1,0,False,0,0.0,0,False,0.0,0.0,0.0,0.0,18,0.75,1.0
rabbit,CM1,4,COR1,1,0,False,0,0.0,0,False,0.0,0.0,0.0,0.0,12,0.5,1.0
rabbit,CM1,4,MUL1,1,0,False,0,0.0,0,False,0.0,0.0,0.0,0.0,24,1.0,1.0
rabbit,CM1,3,COR1,1,0,False,0,0.0,0,False,0.0,0.0,0.0,0.0,4,0.6666666666666666,1.0
rabbit,CM1,3,COR1,2,0,False,0,0.0,0,False,0.0,0.0,0.0,0.0,4,0.6666666666666666,1.0
rabbit,CM1,3,COR2,1,0,False,0,0.0,0,False,0.0,0.0,0.0,0.0,6,1.0,1.0
rabbit,CM1,3,COR3,1,0,False,0,0.0,0,False,0.0,0.0,0.0,0.0,4,0.6666666666666666,1.0
rabbit,CM1,3,MUL1,1,0,False,0,0.0,0,False,0.0,0.0,0.0,0.0,6,1.0,1.0
rabbit,CM1,3,MUL1,2,0,False,0,0.0,0,False,0.0,0.0,0.0,0.0,6,1.0,1.0
rabbit,CM1,3,MUL2,1,0,False,0,0.0,0,False,0.0,0.0,0.0,0.0,6,1.0,1.0
rabbit,CM1,3,MUL3,1,0,False,0,0.0,0,False,0.0,0.0,0.0,0.0,6,1.0,1.0
rabbit,CM10,3,COR1,1,0,False,0,0.0,0,False,0.0,0.0,0.0,0.0,2,0.3333333333333333,0.6666666666666666
rabbit,CM10,3,COR2,1,0,False,0,0.0,0,False,0.0,0.0,0.0,0.0,6,1.0,1.0
rabbit,CM10,3,COR3,1,0,False,0,0.0,0,False,0.0,0.0,0.0,0.0,3,0.5,0.6666666666666666
rabbit,CM10,3,MUL1,1,0,False,0,0.0,0,False,0.0,0.0,0.0,0.0,6,1.0,1.0
rabbit,CM10,3,MUL2,1,0,False,0,0.0,0,False,0.0,0.0,0.0,0.0,6,1.0,1.0
rabbit,CM10,3,MUL3,1,0,False,0,0.0,0,False,0.0,0.0,0.0,0.0,6,1.0,1.0
rabbit,CM10,3,MUL4,1,0,False,0,0.0,0,False,0.0,0.0,0.0,0.0,6,1.0,1.0
rabbit,CM10,3,MUL5,1,0,False,0,0.0,0,False,0.0,0.0,0.0,0.0,6,1.0,1.0
rabbit,CM10,3,OPEN,1,0,False,0,0.0,0,False,0.0,0.0,0.0,0.0,6,1.0,1.0
rabbit,CM10,3,SPB1,1,0,False,0,0.0,0,False,0.0,0.0,0.0,0.0,2,0.3333333333333333,0.6666666666666666
rabbit,CM10,3,SPB2,1,0,False,0,0.0,0,False,0.0,0.0,0.0,0.0,3,0.5,0.6666666666666666
rabbit,CM10,3,SPB3,1,0,False,0,0.0,0,False,0.0,0.0,0.0,0.0,3,0.5,0.6666666666666666
rabbit,CM10,3,SPL1,1,0,False,0,0.0,0,False,0.0,0.0,0.0,0.0,6,1.0,1.0
rabbit,CM10,3,SPL2,1,0,False,0,0.0,0,False,0.0,0.0,0.0,0.0,6,1.0,1.0
rabbit,CM10,3,SPL3,1,0,False,0,0.0,0,False,0.0,0.0,0.0,0.0,6,1.0,1.0
rabbit,CM10,4,BOT1,1,0,False,3,0.25,0,False,0.7659574468085106,0.7659574468085106,0.2234042553191489,0.9893617021276596,0,0.0,0.0
rabbit,CM10,4,BOT3,1,0,False,0,0.0,0,False,0.0,0.0,0.0,0.0,8,0.3333333333333333,0.75
rabbit,CM10,4,COR1,1,0,False,0,0.0,0,False,0.0,0.0,0.0,0.0,6,0.25,0.75
rabbit,CM10,4,MUL1,1,0,False,0,0.0,0,False,0.0,0.0,0.0,0.0,24,1.0,1.0
rabbit,CM10,4,MUL4,1,0,False,0,0.0,0,False,0.0,0.0,0.0,0.0,24,1.0,1.0
rabbit,CM10,4,OPEN,1,0,False,0,0.0,0,False,0.0,0.0,0.0,0.0,24,1.0,1.0
rabbit,CM10,4,SPB1,1,0,False,0,0.0,0,False,0.0,0.0,0.0,0.0,4,0.16666666666666666,0.75
rabbit,CM10,4,SPB3,1,0,False,0,0.0,0,False,0.0,0.0,0.0,0.0,8,0.3333333333333333,0.75
rabbit,CM10,4,SPL1,1,0,False,0,0.0,0,False,0.0,0.0,0.0,0.0,24,1.0,1.0
rabbit,CM1,3,MUL4,1,0,False,0,0.0,0,False,0.0,0.0,0.0,0.0,6,1.0,1.0
rabbit,CM1,3,MUL5,1,0,False,0,0.0,0,False,0.0,0.0,0.0,0.0,6,1.0,1.0
rabbit,CM1,3,OPEN,1,0,False,0,0.0,0,False,0.0,0.0,0.0,0.0,6,1.0,1.0
rabbit,CM1,3,OPEN,2,0,False,0,0.0,0,False,0.0,0.0,0.0,0.0,6,1.0,1.0
rabbit,CM1,3,SPB1,1,0,False,0,0.0,0,False,0.0,0.0,0.0,0.0,4,0.6666666666666666,1.0
rabbit,CM1,3,SPB1,2,0,False,0,0.0,0,False,0.0,0.0,0.0,0.0,4,0.6666666666666666,1.0
rabbit,CM1,3,SPB2,1,0,False,0,0.0,0,False,0.0,0.0,0.0,0.0,6,1.0,1.0
rabbit,CM1,3,SPB3,1,0,False,0,0.0,0,False,0.0,0.0,0.0,0.0,6,1.0,1.0
rabbit,CM2,3,BOT1,1,0,False,2,0.3333333333333333,0,False,0.6702127659574468,0.6702127659574468,0.3191489361702128,0.9893617021276596,2,0.3333333333333333,0.6666666666666666
rabbit,CM2,3,BOT2,1,0,False,2,0.3333333333333333,0,False,0.6595744680851063,0.6595744680851063,0.3297872340425531,0.9893617021276596,2,0.3333333333333333,0.6666666666666666
rabbit,CM2,3,BOT3,1,0,False,0,0.0,0,False,0.0,0.0,0.0,0.0,4,0.6666666666666666,1.0
rabbit,CM2,3,COR1,1,0,False,0,0.0,0,False,0.0,0.0,0.0,0.0,4,0.6666666666666666,1.0
rabbit,CM2,3,COR2,1,0,False,0,0.0,0,False,0.0,0.0,0.0,0.0,4,0.6666666666666666,1.0
rabbit,CM2,3,COR3,1,0,False,0,0.0,0,False,0.0,0.0,0.0,0.0,4,0.6666666666666666,1.0
rabbit,CM2,3,MUL1,1,0,False,0,0.0,0,False,0.0,0.0,0.0,0.0,6,1.0,1.0
rabbit,CM2,3,MUL2,1,0,False,0,0.0,0,False,0.0,0.0,0.0,0.0,6,1.0,1.0
rabbit,CM2,3,SPL2,1,0,False,0,0.0,0,False,0.0,0.0,0.0,0.0,6,1.0,1.0
rabbit,CM2,3,SPL3,1,0,False,0,0.0,0,False,0.0,0.0,0.0,0.0,6,1.0,1.0
rabbit,CM2,4,BOT1,1,0,False,3,0.25,0,False,0.7553191489361702,0.7553191489361702,0.2340425531914893,0.9893617021276596,4,0.16666666666666666,0.75
rabbit,CM2,4,BOT3,1,0,False,0,0.0,0,False,0.0,0.0,0.0,0.0,8,0.3333333333333333,1.0
rabbit,CM2,4,COR1,1,0,False,0,0.0,0,False,0.0,0.0,0.0,0.0,8,0.3333333333333333,1.0
rabbit,CM2,4,MUL1,1,0,False,0,0.0,0,False,0.0,0.0,0.0,0.0,16,0.6666666666666666,1.0
rabbit,CM2,4,MUL4,1,0,False,0,0.0,0,False,0.0,0.0,0.0,0.0,16,0.6666666666666666,1.0
rabbit,CM2,4,OPEN,1,0,False,0,0.0,0,False,0.0,0.0,0.0,0.0,24,1.0,1.0
rabbit,CM2,3,MUL3,1,0,False,0,0.0,0,False,0.0,0.0,0.0,0.0,6,1.0,1.0
rabbit,CM2,3,MUL4,1,0,False,0,0.0,0,False,0.0,0.0,0.0,0.0,6,1.0,1.0
rabbit,CM2,3,MUL5,1,0,False,0,0.0,0,False,0.0,0.0,0.0,0.0,4,0.6666666666666666,1.0
rabbit,CM2,3,OPEN,1,0,False,0,0.0,0,False,0.0,0.0,0.0,0.0,6,1.0,1.0
rabbit,CM2,3,SPB1,1,0,False,0,0.0,0,False,0.0,0.0,0.0,0.0,4,0.6666666666666666,1.0
rabbit,CM2,3,SPB2,1,0,False,0,0.0,0,False,0.0,0.0,0.0,0.0,6,1.0,1.0
rabbit,CM2,3,SPB3,1,0,False,0,0.0,0,False,0.0,0.0,0.0,0.0,4,0.6666666666666666,1.0
rabbit,CM2,3,SPL1,1,0,False,0,0.0,0,False,0.0,0.0,0.0,0.0,6,1.0,1.0
rabbit,CM2,4,SPB1,1,0,False,0,0.0,0,False,0.0,0.0,0.0,0.0,12,0.5,1.0
rabbit,CM2,4,SPB3,1,0,False,0,0.0,0,False,0.0,0.0,0.0,0.0,16,0.6666666666666666,1.0
rabbit,CM2,4,SPL1,1,0,False,0,0.0,0,False,0.0,0.0,0.0,0.0,24,1.0,1.0
rabbit,CM3,3,BOT1,1,0,False,2,0.3333333333333333,0,False,0.2340425531914893,0.2340425531914893,0.7553191489361702,0.9893617021276596,2,0.3333333333333333,0.6666666666666666
rabbit,CM3,3,BOT2,1,0,False,2,0.3333333333333333,0,False,0.2340425531914893,0.2340425531914893,0.7553191489361702,0.9893617021276596,2,0.3333333333333333,0.6666666666666666
rabbit,CM3,3,BOT3,1,0,False,0,0.0,0,False,0.0,0.0,0.0,0.0,3,0.5,0.6666666666666666
rabbit,CM3,3,COR1,1,0,False,0,0.0,0,False,0.0,0.0,0.0,0.0,2,0.3333333333333333,0.6666666666666666
rabbit,CM3,3,COR2,1,0,False,0,0.0,0,False,0.0,0.0,0.0,0.0,3,0.5,0.6666666666666666
rabbit,CM3,3,COR3,1,0,False,0,0.0,0,False,0.0,0.0,0.0,0.0,3,0.5,0.6666666666666666
rabbit,CM3,3,MUL1,1,0,False,0,0.0,0,False,0.0,0.0,0.0,0.0,3,0.5,0.6666666666666666
rabbit,CM3,3,MUL2,1,0,False,0,0.0,0,False,0.0,0.0,0.0,0.0,3,0.5,0.6666666666666666
rabbit,CM3,3,MUL3,1,0,False,0,0.0,0,False,0.0,0.0,0.0,0.0,3,0.5,0.6666666666666666
rabbit,CM3,3,MUL4,1,0,False,0,0.0,0,False,0.0,0.0,0.0,0.0,3,0.5,0.6666666666666666
rabbit,CM3,3,MUL5,1,0,False,0,0.0,0,False,0.0,0.0,0.0,0.0,3,0.5,0.6666666666666666
rabbit,CM3,3,OPEN,1,0,False,0,0.0,0,False,0.0,0.0,0.0,0.0,3,0.5,0.6666666666666666
rabbit,CM3,3,SPB1,1,0,False,0,0.0,0,False,0.0,0.0,0.0,0.0,3,0.5,0.6666666666666666
rabbit,CM3,4,MUL1,1,0,False,0,0.0,0,False,0.0,0.0,0.0,0.0,12,0.5,0.75
rabbit,CM3,4,MUL4,1,0,False,0,0.0,0,False,0.0,0.0,0.0,0.0,12,0.5,0.75
rabbit,CM3,4,OPEN,1,0,False,0,0.0,0,False,0.0,0.0,0.0,0.0,12,0.5,0.75
rabbit,CM3,4,SPB1,1,0,False,0,0.0,0,False,0.0,0.0,0.0,0.0,9,0.375,0.75
rabbit,CM3,4,SPB3,1,0,False,0,0.0,0,False,0.0,0.0,0.0,0.0,9,0.375,0.75
rabbit,CM3,4,SPL1,1,0,False,0,0.0,0,False,0.0,0.0,0.0,0.0,12,0.5,0.75
rabbit,CM4,3,BOT1,1,0,False,2,0.3333333333333333,0,False,0.5957446808510638,0.5957446808510638,0.3936170212765957,0.9893617021276596,1,0.16666666666666666,0.3333333333333333
rabbit,CM4,3,BOT2,1,0,False,2,0.3333333333333333,0,False,0.648936170212766,0.648936170212766,0.3404255319148936,0.9893617021276596,2,0.3333333333333333,0.6666666666666666
rabbit,CM3,3,SPB2,1,0,False,0,0.0,0,False,0.0,0.0,0.0,0.0,3,0.5,0.6666666666666666
rabbit,CM3,3,SPB3,1,0,False,0,0.0,0,False,0.0,0.0,0.0,0.0,3,0.5,0.6666666666666666
rabbit,CM3,3,SPL1,1,0,False,0,0.0,0,False,0.0,0.0,0.0,0.0,3,0.5,0.6666666666666666
rabbit,CM3,3,SPL2,1,0,False,0,0.0,0,False,0.0,0.0,0.0,0.0,3,0.5,0.6666666666666666
rabbit,CM3,3,SPL3,1,0,False,0,0.0,0,False,0.0,0.0,0.0,0.0,3,0.5,0.6666666666666666
rabbit,CM3,4,BOT1,1,0,False,3,0.25,0,False,0.8829787234042553,0.8829787234042553,0.1063829787234042,0.9893617021276596,3,0.125,0.5
rabbit,CM3,4,BOT3,1,0,False,0,0.0,0,False,0.0,0.0,0.0,0.0,12,0.5,0.75
rabbit,CM3,4,COR1,1,0,False,0,0.0,0,False,0.0,0.0,0.0,0.0,9,0.375,0.75
rabbit,CM4,3,BOT3,1,0,False,0,0.0,0,False,0.0,0.0,0.0,0.0,1,0.16666666666666666,0.3333333333333333
rabbit,CM4,3,COR1,1,0,False,0,0.0,0,False,0.0,0.0,0.0,0.0,6,1.0,1.0
rabbit,CM4,3,COR2,1,0,False,0,0.0,0,False,0.0,0.0,0.0,0.0,1,0.16666666666666666,0.3333333333333333
rabbit,CM4,3,COR3,1,0,False,0,0.0,0,False,0.0,0.0,0.0,0.0,1,0.16666666666666666,0.3333333333333333
rabbit,CM4,3,MUL1,1,0,False,0,0.0,0,False,0.0,0.0,0.0,0.0,4,0.6666666666666666,1.0
rabbit,CM4,3,MUL2,1,0,False,0,0.0,0,False,0.0,0.0,0.0,0.0,6,1.0,1.0
rabbit,CM4,3,MUL3,1,0,False,0,0.0,0,False,0.0,0.0,0.0,0.0,6,1.0,1.0
rabbit,CM4,3,MUL4,1,0,False,0,0.0,0,False,0.0,0.0,0.0,0.0,6,1.0,1.0
rabbit,CM4,3,MUL5,1,0,False,0,0.0,0,False,0.0,0.0,0.0,0.0,3,0.5,0.6666666666666666
rabbit,CM4,3,OPEN,1,0,False,0,0.0,0,False,0.0,0.0,0.0,0.0,6,1.0,1.0
rabbit,CM4,3,SPB1,1,0,False,0,0.0,0,False,0.0,0.0,0.0,0.0,4,0.6666666666666666,1.0
rabbit,CM4,3,SPB2,1,0,False,0,0.0,0,False,0.0,0.0,0.0,0.0,4,0.6666666666666666,1.0
rabbit,CM4,3,SPB3,1,0,False,0,0.0,0,False,0.0,0.0,0.0,0.0,6,1.0,1.0
rabbit,CM4,3,SPL1,1,0,False,0,0.0,0,False,0.0,0.0,0.0,0.0,6,1.0,1.0
rabbit,CM4,3,SPL2,1,0,False,0,0.0,0,False,0.0,0.0,0.0,0.0,6,1.0,1.0
rabbit,CM4,3,SPL3,1,0,False,0,0.0,0,False,0.0,0.0,0.0,0.0,6,1.0,1.0
rabbit,CM4,4,BOT1,1,0,False,3,0.25,0,False,0.648936170212766,0.648936170212766,0.3404255319148936,0.9893617021276596,4,0.16666666666666666,0.75
rabbit,CM4,4,BOT3,1,0,False,0,0.0,0,False,0.0,0.0,0.0,0.0,4,0.16666666666666666,0.75
rabbit,CM4,4,COR1,1,0,False,0,0.0,0,False,0.0,0.0,0.0,0.0,24,1.0,1.0
rabbit,CM4,4,MUL1,1,0,False,0,0.0,0,False,0.0,0.0,0.0,0.0,12,0.5,1.0
rabbit,CM4,4,MUL4,1,0,False,0,0.0,0,False,0.0,0.0,0.0,0.0,24,1.0,1.0
rabbit,CM4,4,OPEN,1,0,False,0,0.0,0,False,0.0,0.0,0.0,0.0,24,1.0,1.0
rabbit,CM4,4,SPB1,1,0,False,0,0.0,0,False,0.0,0.0,0.0,0.0,12,0.5,1.0
rabbit,CM4,4,SPB3,1,0,False,0,0.0,0,False,0.0,0.0,0.0,0.0,18,0.75,1.0
rabbit,CM5,3,SPL3,1,0,False,0,0.0,0,False,0.0,0.0,0.0,0.0,0,0.0,0.0
rabbit,CM5,4,BOT1,1,0,False,3,0.25,0,False,0.7446808510638298,0.7446808510638298,0.2446808510638297,0.9893617021276596,0,0.0,0.0
rabbit,CM5,4,BOT3,1,0,False,0,0.0,0,False,0.0,0.0,0.0,0.0,0,0.0,0.0
rabbit,CM5,4,COR1,1,0,False,0,0.0,0,False,0.0,0.0,0.0,0.0,0,0.0,0.0
rabbit,CM5,4,MUL1,1,0,False,0,0.0,0,False,0.0,0.0,0.0,0.0,0,0.0,0.0
rabbit,CM5,4,MUL4,1,0,False,0,0.0,0,False,0.0,0.0,0.0,0.0,0,0.0,0.0
rabbit,CM5,4,OPEN,1,0,False,0,0.0,0,False,0.0,0.0,0.0,0.0,0,0.0,0.0
rabbit,CM5,4,SPB1,1,0,False,0,0.0,0,False,0.0,0.0,0.0,0.0,0,0.0,0.0
rabbit,CM5,3,COR3,1,0,False,0,0.0,0,False,0.0,0.0,0.0,0.0,0,0.0,0.0
rabbit,CM5,3,MUL1,1,0,False,0,0.0,0,False,0.0,0.0,0.0,0.0,0,0.0,0.0
rabbit,CM5,3,MUL1,2,0,False,0,0.0,0,False,0.0,0.0,0.0,0.0,0,0.0,0.0
rabbit,CM5,3,MUL2,1,0,False,0,0.0,0,False,0.0,0.0,0.0,0.0,0,0.0,0.0
rabbit,CM5,3,MUL3,1,0,False,0,0.0,0,False,0.0,0.0,0.0,0.0,0,0.0,0.0
rabbit,CM5,3,MUL4,1,0,False,0,0.0,0,False,0.0,0.0,0.0,0.0,0,0.0,0.0
rabbit,CM5,3,MUL5,1,0,False,0,0.0,0,False,0.0,0.0,0.0,0.0,0,0.0,0.0
rabbit,CM5,3,OPEN,1,0,False,0,0.0,0,False,0.0,0.0,0.0,0.0,0,0.0,0.0
rabbit,CM5,4,SPB3,1,0,False,0,0.0,0,False,0.0,0.0,0.0,0.0,0,0.0,0.0
rabbit,CM5,4,SPL1,1,0,False,0,0.0,0,False,0.0,0.0,0.0,0.0,0,0.0,0.0
rabbit,CM6,3,BOT1,1,0,False,2,0.3333333333333333,0,False,0.5,0.5,0.4893617021276595,0.9893617021276596,2,0.3333333333333333,0.6666666666666666
rabbit,CM6,3,BOT2,1,0,False,2,0.3333333333333333,0,False,0.5,0.5,0.4893617021276595,0.9893617021276596,2,0.3333333333333333,0.6666666666666666
rabbit,CM6,3,BOT3,1,0,False,0,0.0,0,False,0.0,0.0,0.0,0.0,3,0.5,0.6666666666666666
rabbit,CM6,3,COR1,1,0,False,0,0.0,0,False,0.0,0.0,0.0,0.0,3,0.5,0.6666666666666666
rabbit,CM6,3,COR2,1,0,False,0,0.0,0,False,0.0,0.0,0.0,0.0,3,0.5,0.6666666666666666
rabbit,CM6,3,COR3,1,0,False,0,0.0,0,False,0.0,0.0,0.0,0.0,3,0.5,0.6666666666666666
rabbit,CM6,3,MUL1,1,0,False,0,0.0,0,False,0.0,0.0,0.0,0.0,6,1.0,1.0
rabbit,CM6,3,MUL2,1,0,False,0,0.0,0,False,0.0,0.0,0.0,0.0,3,0.5,0.6666666666666666
rabbit,CM6,3,MUL3,1,0,False,0,0.0,0,False,0.0,0.0,0.0,0.0,6,1.0,1.0
rabbit,CM6,3,MUL4,1,0,False,0,0.0,0,False,0.0,0.0,0.0,0.0,6,1.0,1.0
rabbit,CM6,3,MUL5,1,0,False,0,0.0,0,False,0.0,0.0,0.0,0.0,6,1.0,1.0
rabbit,CM6,3,OPEN,1,0,False,0,0.0,0,False,0.0,0.0,0.0,0.0,6,1.0,1.0
rabbit,CM6,3,SPB1,1,0,False,0,0.0,0,False,0.0,0.0,0.0,0.0,3,0.5,0.6666666666666666
rabbit,CM6,3,SPB2,1,0,False,0,0.0,0,False,0.0,0.0,0.0,0.0,3,0.5,0.6666666666666666
rabbit,CM6,3,SPB3,1,0,False,0,0.0,0,False,0.0,0.0,0.0,0.0,3,0.5,0.6666666666666666
rabbit,CM6,3,SPL1,1,0,False,0,0.0,0,False,0.0,0.0,0.0,0.0,6,1.0,1.0
rabbit,CM6,3,SPL2,1,0,False,0,0.0,0,False,0.0,0.0,0.0,0.0,6,1.0,1.0
rabbit,CM6,3,SPL3,1,0,False,0,0.0,0,False,0.0,0.0,0.0,0.0,6,1.0,1.0
rabbit,CM6,4,BOT1,1,0,False,3,0.25,0,False,0.5,0.5,0.4893617021276595,0.9893617021276596,6,0.25,0.75
rabbit,CM6,4,BOT3,1,0,False,0,0.0,0,False,0.0,0.0,0.0,0.0,12,0.5,0.75
rabbit,CM6,4,COR1,1,0,False,0,0.0,0,False,0.0,0.0,0.0,0.0,8,0.3333333333333333,0.75
rabbit,CM6,4,MUL1,1,0,False,0,0.0,0,False,0.0,0.0,0.0,0.0,24,1.0,1.0
rabbit,CM4,4,SPL1,1,0,False,0,0.0,0,False,0.0,0.0,0.0,0.0,24,1.0,1.0
rabbit,CM5,3,BOT1,1,0,False,2,0.3333333333333333,0,False,0.6595744680851063,0.6595744680851063,0.3297872340425531,0.9893617021276596,0,0.0,0.0
rabbit,CM5,3,BOT1,2,0,False,2,0.3333333333333333,0,False,0.6595744680851063,0.6595744680851063,0.3377659574468085,0.9973404255319148,0,0.0,0.0
rabbit,CM5,3,BOT2,1,0,False,2,0.3333333333333333,0,False,0.6595744680851063,0.6595744680851063,0.3297872340425531,0.9893617021276596,0,0.0,0.0
rabbit,CM5,3,BOT3,1,0,False,0,0.0,0,False,0.0,0.0,0.0,0.0,0,0.0,0.0
rabbit,CM5,3,COR1,1,0,False,0,0.0,0,False,0.0,0.0,0.0,0.0,0,0.0,0.0
rabbit,CM5,3,COR1,2,0,False,0,0.0,0,False,0.0,0.0,0.0,0.0,0,0.0,0.0
rabbit,CM5,3,COR2,1,0,False,0,0.0,0,False,0.0,0.0,0.0,0.0,0,0.0,0.0
rabbit,CM5,3,OPEN,2,0,False,0,0.0,0,False,0.0,0.0,0.0,0.0,0,0.0,0.0
rabbit,CM5,3,SPB1,1,0,False,0,0.0,0,False,0.0,0.0,0.0,0.0,0,0.0,0.0
rabbit,CM5,3,SPB1,2,0,False,0,0.0,0,False,0.0,0.0,0.0,0.0,0,0.0,0.0
rabbit,CM5,3,SPB2,1,0,False,0,0.0,0,False,0.0,0.0,0.0,0.0,0,0.0,0.0
rabbit,CM5,3,SPB3,1,0,False,0,0.0,0,False,0.0,0.0,0.0,0.0,0,0.0,0.0
rabbit,CM5,3,SPL1,1,0,False,0,0.0,0,False,0.0,0.0,0.0,0.0,0,0.0,0.0
rabbit,CM5,3,SPL1,2,0,False,0,0.0,0,False,0.0,0.0,0.0,0.0,0,0.0,0.0
rabbit,CM5,3,SPL2,1,0,False,0,0.0,0,False,0.0,0.0,0.0,0.0,0,0.0,0.0
rabbit,CM6,4,MUL4,1,0,False,0,0.0,0,False,0.0,0.0,0.0,0.0,24,1.0,1.0
rabbit,CM6,4,OPEN,1,0,False,0,0.0,0,False,0.0,0.0,0.0,0.0,24,1.0,1.0
rabbit,CM6,4,SPB1,1,0,False,0,0.0,0,False,0.0,0.0,0.0,0.0,8,0.3333333333333333,0.75
rabbit,CM6,4,SPB3,1,0,False,0,0.0,0,False,0.0,0.0,0.0,0.0,9,0.375,0.75
rabbit,CM6,4,SPL1,1,0,False,0,0.0,0,False,0.0,0.0,0.0,0.0,24,1.0,1.0
rabbit,CM7,3,BOT1,1,0,False,2,0.3333333333333333,0,False,0.6808510638297872,0.6808510638297872,0.3085106382978723,0.9893617021276596,0,0.0,0.0
rabbit,CM7,3,BOT1,2,0,False,2,0.3333333333333333,0,False,0.6808510638297872,0.6808510638297872,0.3164893617021276,0.9973404255319148,0,0.0,0.0
rabbit,CM7,3,BOT2,1,0,False,2,0.3333333333333333,0,False,0.6595744680851063,0.6595744680851063,0.3297872340425531,0.9893617021276596,0,0.0,0.0
rabbit,CM7,3,BOT3,1,0,False,0,0.0,0,False,0.0,0.0,0.0,0.0,0,0.0,0.0
rabbit,CM7,3,COR1,1,0,False,0,0.0,0,False,0.0,0.0,0.0,0.0,0,0.0,0.0
rabbit,CM7,3,COR1,2,0,False,0,0.0,0,False,0.0,0.0,0.0,0.0,0,0.0,0.0
rabbit,CM7,3,COR2,1,0,False,0,0.0,0,False,0.0,0.0,0.0,0.0,0,0.0,0.0
rabbit,CM7,3,COR3,1,0,False,0,0.0,0,False,0.0,0.0,0.0,0.0,0,0.0,0.0
rabbit,CM7,3,MUL1,1,0,False,0,0.0,0,False,0.0,0.0,0.0,0.0,0,0.0,0.0
rabbit,CM7,3,MUL1,2,0,False,0,0.0,0,False,0.0,0.0,0.0,0.0,0,0.0,0.0
rabbit,CM7,3,MUL2,1,0,False,0,0.0,0,False,0.0,0.0,0.0,0.0,0,0.0,0.0
rabbit,CM7,3,SPB3,1,0,False,0,0.0,0,False,0.0,0.0,0.0,0.0,0,0.0,0.0
rabbit,CM7,3,SPL1,1,0,False,0,0.0,0,False,0.0,0.0,0.0,0.0,0,0.0,0.0
rabbit,CM7,3,SPL1,2,0,False,0,0.0,0,False,0.0,0.0,0.0,0.0,0,0.0,0.0
rabbit,CM7,3,SPL2,1,0,False,0,0.0,0,False,0.0,0.0,0.0,0.0,0,0.0,0.0
rabbit,CM7,3,SPL3,1,0,False,0,0.0,0,False,0.0,0.0,0.0,0.0,0,0.0,0.0
rabbit,CM7,4,BOT1,1,0,False,3,0.25,0,False,0.7659574468085106,0.7659574468085106,0.2234042553191489,0.9893617021276596,0,0.0,0.0
rabbit,CM7,4,BOT3,1,0,False,0,0.0,0,False,0.0,0.0,0.0,0.0,0,0.0,0.0
rabbit,CM7,4,COR1,1,0,False,0,0.0,0,False,0.0,0.0,0.0,0.0,0,0.0,0.0
rabbit,CM7,3,MUL3,1,0,False,0,0.0,0,False,0.0,0.0,0.0,0.0,0,0.0,0.0
rabbit,CM7,3,MUL4,1,0,False,0,0.0,0,False,0.0,0.0,0.0,0.0,0,0.0,0.0
rabbit,CM7,3,MUL5,1,0,False,0,0.0,0,False,0.0,0.0,0.0,0.0,0,0.0,0.0
rabbit,CM7,3,OPEN,1,0,False,0,0.0,0,False,0.0,0.0,0.0,0.0,0,0.0,0.0
rabbit,CM7,3,OPEN,2,0,False,0,0.0,0,False,0.0,0.0,0.0,0.0,0,0.0,0.0
rabbit,CM7,3,SPB1,1,0,False,0,0.0,0,False,0.0,0.0,0.0,0.0,0,0.0,0.0
rabbit,CM7,3,SPB1,2,0,False,0,0.0,0,False,0.0,0.0,0.0,0.0,0,0.0,0.0
rabbit,CM7,3,SPB2,1,0,False,0,0.0,0,False,0.0,0.0,0.0,0.0,0,0.0,0.0
rabbit,CM7,4,MUL1,1,0,False,0,0.0,0,False,0.0,0.0,0.0,0.0,0,0.0,0.0
rabbit,CM7,4,MUL4,1,0,False,0,0.0,0,False,0.0,0.0,0.0,0.0,0,0.0,0.0
rabbit,CM7,4,OPEN,1,0,False,0,0.0,0,False,0.0,0.0,0.0,0.0,0,0.0,0.0
rabbit,CM7,4,SPB1,1,0,False,0,0.0,0,False,0.0,0.0,0.0,0.0,0,0.0,0.0
rabbit,CM7,4,SPB3,1,0,False,0,0.0,0,False,0.0,0.0,0.0,0.0,0,0.0,0.0
rabbit,CM7,4,SPL1,1,0,False,0,0.0,0,False,0.0,0.0,0.0,0.0,0,0.0,0.0
rabbit,CM8,3,BOT1,1,0,False,2,0.3333333333333333,0,False,0.6702127659574468,0.6702127659574468,0.3191489361702128,0.9893617021276596,0,0.0,0.0
rabbit,CM8,3,BOT1,2,0,False,2,0.3333333333333333,0,False,0.6702127659574468,0.6702127659574468,0.3271276595744681,0.9973404255319148,0,0.0,0.0
rabbit,CM8,4,COR1,1,0,False,0,0.0,0,False,0.0,0.0,0.0,0.0,1,0.041666666666666664,0.25
rabbit,CM8,4,MUL1,1,0,False,0,0.0,0,False,0.0,0.0,0.0,0.0,2,0.08333333333333333,0.25
rabbit,CM8,4,MUL4,1,0,False,0,0.0,0,False,0.0,0.0,0.0,0.0,2,0.08333333333333333,0.25
rabbit,CM8,4,OPEN,1,0,False,0,0.0,0,False,0.0,0.0,0.0,0.0,2,0.08333333333333333,0.25
rabbit,CM8,4,SPB1,1,0,False,0,0.0,0,False,0.0,0.0,0.0,0.0,2,0.08333333333333333,0.25
rabbit,CM8,4,SPB3,1,0,False,0,0.0,0,False,0.0,0.0,0.0,0.0,2,0.08333333333333333,0.25
rabbit,CM8,4,SPL1,1,0,False,0,0.0,0,False,0.0,0.0,0.0,0.0,2,0.08333333333333333,0.25
rabbit,CM9,3,BOT1,1,0,False,2,0.3333333333333333,0,False,0.6702127659574468,0.6702127659574468,0.3191489361702128,0.9893617021276596,2,0.3333333333333333,0.6666666666666666
rabbit,CM9,3,BOT2,1,0,False,2,0.3333333333333333,0,False,0.6595744680851063,0.6595744680851063,0.3297872340425531,0.9893617021276596,2,0.3333333333333333,0.6666666666666666
rabbit,CM9,3,BOT3,1,0,False,0,0.0,0,False,0.0,0.0,0.0,0.0,6,1.0,1.0
rabbit,CM9,3,COR1,1,0,False,0,0.0,0,False,0.0,0.0,0.0,0.0,2,0.3333333333333333,0.6666666666666666
rabbit,CM9,3,COR2,1,0,False,0,0.0,0,False,0.0,0.0,0.0,0.0,6,1.0,1.0
rabbit,CM9,3,COR3,1,0,False,0,0.0,0,False,0.0,0.0,0.0,0.0,6,1.0,1.0
rabbit,CM9,3,MUL1,1,0,False,0,0.0,0,False,0.0,0.0,0.0,0.0,6,1.0,1.0
rabbit,CM9,3,MUL2,1,0,False,0,0.0,0,False,0.0,0.0,0.0,0.0,6,1.0,1.0
rabbit,CM9,3,MUL3,1,0,False,0,0.0,0,False,0.0,0.0,0.0,0.0,6,1.0,1.0
rabbit,CM8,3,SPB2,1,0,False,0,0.0,0,False,0.0,0.0,0.0,0.0,1,0.16666666666666666,0.3333333333333333
rabbit,CM8,3,SPB3,1,0,False,0,0.0,0,False,0.0,0.0,0.0,0.0,1,0.16666666666666666,0.3333333333333333
rabbit,CM8,3,SPL1,1,0,False,0,0.0,0,False,0.0,0.0,0.0,0.0,1,0.16666666666666666,0.3333333333333333
rabbit,CM8,3,SPL1,2,0,False,0,0.0,0,False,0.0,0.0,0.0,0.0,1,0.16666666666666666,0.3333333333333333
rabbit,CM8,3,SPL2,1,0,False,0,0.0,0,False,0.0,0.0,0.0,0.0,1,0.16666666666666666,0.3333333333333333
rabbit,CM8,3,SPL3,1,0,False,0,0.0,0,False,0.0,0.0,0.0,0.0,1,0.16666666666666666,0.3333333333333333
rabbit,CM8,4,BOT1,1,0,False,3,0.25,0,False,0.7553191489361702,0.7553191489361702,0.2340425531914893,0.9893617021276596,1,0.041666666666666664,0.25
rabbit,CM8,4,BOT3,1,0,False,0,0.0,0,False,0.0,0.0,0.0,0.0,2,0.08333333333333333,0.25
rabbit,CM9,3,MUL4,1,0,False,0,0.0,0,False,0.0,0.0,0.0,0.0,6,1.0,1.0
rabbit,CM9,3,MUL5,1,0,False,0,0.0,0,False,0.0,0.0,0.0,0.0,6,1.0,1.0
rabbit,CM9,3,OPEN,1,0,False,0,0.0,0,False,0.0,0.0,0.0,0.0,6,1.0,1.0
rabbit,CM9,3,SPB1,1,0,False,0,0.0,0,False,0.0,0.0,0.0,0.0,4,0.6666666666666666,1.0
rabbit,CM9,3,SPB2,1,0,False,0,0.0,0,False,0.0,0.0,0.0,0.0,6,1.0,1.0
rabbit,CM9,3,SPB3,1,0,False,0,0.0,0,False,0.0,0.0,0.0,0.0,6,1.0,1.0
rabbit,CM9,3,SPL1,1,0,False,0,0.0,0,False,0.0,0.0,0.0,0.0,6,1.0,1.0
rabbit,CM9,3,SPL2,1,0,False,0,0.0,0,False,0.0,0.0,0.0,0.0,6,1.0,1.0
rabbit,CM8,3,BOT2,1,0,False,2,0.3333333333333333,0,False,0.6595744680851063,0.6595744680851063,0.3297872340425531,0.9893617021276596,1,0.16666666666666666,0.3333333333333333
rabbit,CM8,3,BOT3,1,0,False,0,0.0,0,False,0.0,0.0,0.0,0.0,1,0.16666666666666666,0.3333333333333333
rabbit,CM8,3,COR1,1,0,False,0,0.0,0,False,0.0,0.0,0.0,0.0,0,0.0,0.0
rabbit,CM8,3,COR1,2,0,False,0,0.0,0,False,0.0,0.0,0.0,0.0,0,0.0,0.0
rabbit,CM8,3,COR2,1,0,False,0,0.0,0,False,0.0,0.0,0.0,0.0,1,0.16666666666666666,0.3333333333333333
rabbit,CM8,3,COR3,1,0,False,0,0.0,0,False,0.0,0.0,0.0,0.0,1,0.16666666666666666,0.3333333333333333
rabbit,CM8,3,MUL1,1,0,False,0,0.0,0,False,0.0,0.0,0.0,0.0,1,0.16666666666666666,0.3333333333333333
rabbit,CM8,3,MUL1,2,0,False,0,0.0,0,False,0.0,0.0,0.0,0.0,1,0.16666666666666666,0.3333333333333333
rabbit,CM9,4,SPB3,1,0,False,0,0.0,0,False,0.0,0.0,0.0,0.0,12,0.5,0.75
rabbit,CM9,4,SPL1,1,0,False,0,0.0,0,False,0.0,0.0,0.0,0.0,24,1.0,1.0
reg:bird:10:0,REG,3,BOT1,1,0,False,0,0.0,0,False,0.0,0.0,0.0,0.0,2,0.3333333333333333,0.6666666666666666
reg:bird:10:0,REG,3,COR1,1,0,False,0,0.0,0,False,0.0,0.0,0.0,0.0,2,0.3333333333333333,0.6666666666666666
reg:bird:10:0,REG,3,MUL1,1,0,False,0,0.0,0,False,0.0,0.0,0.0,0.0,2,0.3333333333333333,0.6666666666666666
reg:bird:10:0,REG,3,OPEN,1,0,False,0,0.0,0,False,0.0,0.0,0.0,0.0,4,0.6666666666666666,1.0
reg:bird:10:0,REG,3,SPB1,1,0,False,0,0.0,0,False,0.0,0.0,0.0,0.0,2,0.3333333333333333,0.6666666666666666
reg:bird:10:0,REG,3,SPL1,1,0,False,0,0.0,0,False,0.0,0.0,0.0,0.0,4,0.6666666666666666,1.0
rabbit,CM9,3,SPL3,1,0,False,0,0.0,0,False,0.0,0.0,0.0,0.0,6,1.0,1.0
rabbit,CM9,4,BOT1,1,0,False,3,0.25,0,False,0.7553191489361702,0.7553191489361702,0.2340425531914893,0.9893617021276596,2,0.08333333333333333,0.5
rabbit,CM9,4,BOT3,1,0,False,0,0.0,0,False,0.0,0.0,0.0,0.0,12,0.5,0.75
rabbit,CM9,4,COR1,1,0,False,0,0.0,0,False,0.0,0.0,0.0,0.0,8,0.3333333333333333,0.75
rabbit,CM9,4,MUL1,1,0,False,0,0.0,0,False,0.0,0.0,0.0,0.0,24,1.0,1.0
rabbit,CM9,4,MUL4,1,0,False,0,0.0,0,False,0.0,0.0,0.0,0.0,24,1.0,1.0
rabbit,CM9,4,OPEN,1,0,False,0,0.0,0,False,0.0,0.0,0.0,0.0,24,1.0,1.0
rabbit,CM9,4,SPB1,1,0,False,0,0.0,0,False,0.0,0.0,0.0,0.0,10,0.4166666666666667,1.0
rabbit,CM8,3,MUL2,1,0,False,0,0.0,0,False,0.0,0.0,0.0,0.0,1,0.16666666666666666,0.3333333333333333
rabbit,CM8,3,MUL3,1,0,False,0,0.0,0,False,0.0,0.0,0.0,0.0,1,0.16666666666666666,0.3333333333333333
rabbit,CM8,3,MUL4,1,0,False,0,0.0,0,False,0.0,0.0,0.0,0.0,1,0.16666666666666666,0.3333333333333333
rabbit,CM8,3,MUL5,1,0,False,0,0.0,0,False,0.0,0.0,0.0,0.0,1,0.16666666666666666,0.3333333333333333
rabbit,CM8,3,OPEN,1,0,False,0,0.0,0,False,0.0,0.0,0.0,0.0,1,0.16666666666666666,0.3333333333333333
rabbit,CM8,3,OPEN,2,0,False,0,0.0,0,False,0.0,0.0,0.0,0.0,1,0.16666666666666666,0.3333333333333333
rabbit,CM8,3,SPB1,1,0,False,0,0.0,0,False,0.0,0.0,0.0,0.0,1,0.16666666666666666,0.3333333333333333
rabbit,CM8,3,SPB1,2,0,False,0,0.0,0,False,0.0,0.0,0.0,0.0,1,0.16666666666666666,0.3333333333333333
reg:bird:10:1,REG,3,BOT1,1,0,False,0,0.0,0,False,0.0,0.0,0.0,0.0,2,0.3333333333333333,0.6666666666666666
reg:bird:10:1,REG,3,COR1,1,0,False,0,0.0,0,False,0.0,0.0,0.0,0.0,2,0.3333333333333333,0.6666666666666666
reg:bird:10:1,REG,3,MUL1,1,0,False,0,0.0,0,False,0.0,0.0,0.0,0.0,2,0.3333333333333333,0.6666666666666666
reg:bird:10:1,REG,3,OPEN,1,0,False,0,0.0,0,False,0.0,0.0,0.0,0.0,4,0.6666666666666666,1.0
reg:bird:10:1,REG,3,SPB1,1,0,False,0,0.0,0,False,0.0,0.0,0.0,0.0,2,0.3333333333333333,0.6666666666666666
reg:bird:10:1,REG,3,SPL1,1,0,False,0,0.0,0,False,0.0,0.0,0.0,0.0,4,0.6666666666666666,1.0
reg:bird:12:0,REG,3,BOT1,1,0,False,0,0.0,0,False,0.0,0.0,0.0,0.0,0,0.0,0.0
reg:bird:12:0,REG,3,COR1,1,0,False,0,0.0,0,False,0.0,0.0,0.0,0.0,2,0.3333333333333333,0.6666666666666666
reg:bird:12:1,REG,3,SPB1,1,0,False,0,0.0,0,False,0.0,0.0,0.0,0.0,0,0.0,0.0
reg:bird:12:1,REG,3,SPL1,1,0,False,0,0.0,0,False,0.0,0.0,0.0,0.0,2,0.3333333333333333,0.6666666666666666
reg:bird:12:2,REG,3,BOT1,1,0,False,0,0.0,0,False,0.0,0.0,0.0,0.0,0,0.0,0.0
reg:bird:12:2,REG,3,COR1,1,0,False,0,0.0,0,False,0.0,0.0,0.0,0.0,2,0.3333333333333333,0.6666666666666666
reg:bird:12:2,REG,3,MUL1,1,0,False,0,0.0,0,False,0.0,0.0,0.0,0.0,2,0.3333333333333333,0.6666666666666666
reg:bird:12:2,REG,3,OPEN,1,0,False,0,0.0,0,False,0.0,0.0,0.0,0.0,2,0.3333333333333333,0.6666666666666666
reg:bird:12:2,REG,3,SPB1,1,0,False,0,0.0,0,False,0.0,0.0,0.0,0.0,2,0.3333333333333333,0.6666666666666666
reg:bird:12:2,REG,3,SPL1,1,0,False,0,0.0,0,False,0.0,0.0,0.0,0.0,2,0.3333333333333333,0.6666666666666666
reg:bird:12:0,REG,3,MUL1,1,0,False,0,0.0,0,False,0.0,0.0,0.0,0.0,2,0.3333333333333333,0.6666666666666666
reg:bird:12:0,REG,3,OPEN,1,0,False,0,0.0,0,False,0.0,0.0,0.0,0.0,2,0.3333333333333333,0.6666666666666666
reg:bird:12:0,REG,3,SPB1,1,0,False,0,0.0,0,False,0.0,0.0,0.0,0.0,2,0.3333333333333333,0.6666666666666666
reg:bird:12:0,REG,3,SPL1,1,0,False,0,0.0,0,False,0.0,0.0,0.0,0.0,2,0.3333333333333333,0.6666666666666666
reg:bird:12:1,REG,3,BOT1,1,0,False,0,0.0,0,False,0.0,0.0,0.0,0.0,0,0.0,0.0
reg:bird:12:1,REG,3,COR1,1,0,False,0,0.0,0,False,0.0,0.0,0.0,0.0,0,0.0,0.0
reg:bird:12:1,REG,3,MUL1,1,0,False,0,0.0,0,False,0.0,0.0,0.0,0.0,2,0.3333333333333333,0.6666666666666666
reg:bird:12:1,REG,3,OPEN,1,0,False,0,0.0,0,False,0.0,0.0,0.0,0.0,2,0.3333333333333333,0.6666666666666666
reg:bird:12:3,REG,3,BOT1,1,0,False,0,0.0,0,False,0.0,0.0,0.0,0.0,0,0.0,0.0
reg:bird:12:3,REG,3,COR1,1,0,False,0,0.0,0,False,0.0,0.0,0.0,0.0,0,0.0,0.0
reg:bird:12:3,REG,3,MUL1,1,0,False,0,0.0,0,False,0.0,0.0,0.0,0.0,2,0.3333333333333333,0.6666666666666666
reg:bird:12:3,REG,3,OPEN,1,0,False,0,0.0,0,False,0.0,0.0,0.0,0.0,2,0.3333333333333333,0.6666666666666666
reg:bird:12:3,REG,3,SPB1,1,0,False,0,0.0,0,False,0.0,0.0,0.0,0.0,0,0.0,0.0
reg:bird:12:3,REG,3,SPL1,1,0,False,0,0.0,0,False,0.0,0.0,0.0,0.0,2,0.3333333333333333,0.6666666666666666
reg:bird:16:0,REG,3,BOT1,1,0,False,0,0.0,0,False,0.0,0.0,0.0,0.0,0,0.0,0.0
reg:bird:16:0,REG,3,COR1,1,0,False,0,0.0,0,False,0.0,0.0,0.0,0.0,0,0.0,0.0
reg:bird:16:0,REG,3,MUL1,1,0,False,0,0.0,0,False,0.0,0.0,0.0,0.0,0,0.0,0.0
reg:bird:16:0,REG,3,OPEN,1,0,False,0,0.0,0,False,0.0,0.0,0.0,0.0,2,0.3333333333333333,0.6666666666666666
reg:bird:16:0,REG,3,SPB1,1,0,False,0,0.0,0,False,0.0,0.0,0.0,0.0,0,0.0,0.0
reg:bird:16:0,REG,3,SPL1,1,0,False,0,0.0,0,False,0.0,0.0,0.0,0.0,2,0.3333333333333333,0.6666666666666666
reg:bird:16:1,REG,3,BOT1,1,0,False,0,0.0,0,False,0.0,0.0,0.0,0.0,0,0.0,0.0
reg:bird:16:1,REG,3,COR1,1,0,False,0,0.0,0,False,0.0,0.0,0.0,0.0,0,0.0,0.0
reg:bird:16:1,REG,3,MUL1,1,0,False,0,0.0,0,False,0.0,0.0,0.0,0.0,0,0.0,0.0
reg:bird:16:1,REG,3,OPEN,1,0,False,0,0.0,0,False,0.0,0.0,0.0,0.0,2,0.3333333333333333,0.6666666666666666
reg:bird:16:1,REG,3,SPB1,1,0,False,0,0.0,0,False,0.0,0.0,0.0,0.0,0,0.0,0.0
reg:bird:16:1,REG,3,SPL1,1,0,False,0,0.0,0,False,0.0,0.0,0.0,0.0,2,0.3333333333333333,0.6666666666666666
reg:bird:16:10,REG,3,BOT1,1,0,False,0,0.0,0,False,0.0,0.0,0.0,0.0,0,0.0,0.0
reg:bird:16:10,REG,3,COR1,1,0,False,0,0.0,0,False,0.0,0.0,0.0,0.0,0,0.0,0.0
reg:bird:16:10,REG,3,MUL1,1,0,False,0,0.0,0,False,0.0,0.0,0.0,0.0,0,0.0,0.0
reg:bird:16:10,REG,3,OPEN,1,0,False,0,0.0,0,False,0.0,0.0,0.0,0.0,2,0.3333333333333333,0.6666666666666666
reg:bird:16:10,REG,3,SPB1,1,0,False,0,0.0,0,False,0.0,0.0,0.0,0.0,0,0.0,0.0
reg:bird:16:10,REG,3,SPL1,1,0,False,0,0.0,0,False,0.0,0.0,0.0,0.0,2,0.3333333333333333,0.6666666666666666
reg:bird:16:11,REG,3,BOT1,1,0,False,0,0.0,0,False,0.0,0.0,0.0,0.0,0,0.0,0.0
reg:bird:16:11,REG,3,COR1,1,0,False,0,0.0,0,False,0.0,0.0,0.0,0.0,2,0.3333333333333333,0.6666666666666666
reg:bird:16:11,REG,3,MUL1,1,0,False,0,0.0,0,False,0.0,0.0,0.0,0.0,0,0.0,0.0
reg:bird:16:11,REG,3,OPEN,1,0,False,0,0.0,0,False,0.0,0.0,0.0,0.0,2,0.3333333333333333,0.6666666666666666
reg:bird:16:11,REG,3,SPB1,1,0,False,0,0.0,0,False,0.0,0.0,0.0,0.0,0,0.0,0.0
reg:bird:16:11,REG,3,SPL1,1,0,False,0,0.0,0,False,0.0,0.0,0.0,0.0,2,0.3333333333333333,0.6666666666666666
reg:bird:16:12,REG,3,BOT1,1,0,False,0,0.0,0,False,0.0,0.0,0.0,0.0,0,0.0,0.0
reg:bird:16:12,REG,3,COR1,1,0,False,0,0.0,0,False,0.0,0.0,0.0,0.0,2,0.3333333333333333,0.6666666666666666
reg:bird:16:12,REG,3,MUL1,1,0,False,0,0.0,0,False,0.0,0.0,0.0,0.0,0,0.0,0.0
reg:bird:16:12,REG,3,OPEN,1,0,False,0,0.0,0,False,0.0,0.0,0.0,0.0,2,0.3333333333333333,0.6666666666666666
reg:bird:16:12,REG,3,SPB1,1,0,False,0,0.0,0,False,0.0,0.0,0.0,0.0,0,0.0,0.0
reg:bird:16:12,REG,3,SPL1,1,0,False,0,0.0,0,False,0.0,0.0,0.0,0.0,2,0.3333333333333333,0.6666666666666666
reg:bird:16:13,REG,3,BOT1,1,0,False,0,0.0,0,False,0.0,0.0,0.0,0.0,0,0.0,0.0
reg:bird:16:13,REG,3,COR1,1,0,False,0,0.0,0,False,0.0,0.0,0.0,0.0,2,0.3333333333333333,0.6666666666666666
reg:bird:16:13,REG,3,MUL1,1,0,False,0,0.0,0,False,0.0,0.0,0.0,0.0,0,0.0,0.0
reg:bird:16:13,REG,3,OPEN,1,0,False,0,0.0,0,False,0.0,0.0,0.0,0.0,2,0.3333333333333333,0.6666666666666666
reg:bird:16:13,REG,3,SPB1,1,0,False,0,0.0,0,False,0.0,0.0,0.0,0.0,0,0.0,0.0
reg:bird:16:13,REG,3,SPL1,1,0,False,0,0.0,0,False,0.0,0.0,0.0,0.0,2,0.3333333333333333,0.6666666666666666
reg:bird:16:14,REG,3,BOT1,1,0,False,0,0.0,0,False,0.0,0.0,0.0,0.0,0,0.0,0.0
reg:bird:16:14,REG,3,COR1,1,0,False,0,0.0,0,False,0.0,0.0,0.0,0.0,0,0.0,0.0
reg:bird:16:14,REG,3,MUL1,1,0,False,0,0.0,0,False,0.0,0.0,0.0,0.0,0,0.0,0.0
reg:bird:16:14,REG,3,OPEN,1,0,False,0,0.0,0,False,0.0,0.0,0.0,0.0,2,0.3333333333333333,0.6666666666666666
reg:bird:16:14,REG,3,SPB1,1,0,False,0,0.0,0,False,0.0,0.0,0.0,0.0,0,0.0,0.0
reg:bird:16:14,REG,3,SPL1,1,0,False,0,0.0,0,False,0.0,0.0,0.0,0.0,2,0.3333333333333333,0.6666666666666666
reg:bird:16:15,REG,3,BOT1,1,0,False,0,0.0,0,False,0.0,0.0,0.0,0.0,0,0.0,0.0
reg:bird:16:15,REG,3,COR1,1,0,False,0,0.0,0,False,0.0,0.0,0.0,0.0,0,0.0,0.0
reg:bird:16:15,REG,3,MUL1,1,0,False,0,0.0,0,False,0.0,0.0,0.0,0.0,0,0.0,0.0
reg:bird:16:15,REG,3,OPEN,1,0,False,0,0.0,0,False,0.0,0.0,0.0,0.0,2,0.3333333333333333,0.6666666666666666
reg:bird:16:15,REG,3,SPB1,1,0,False,0,0.0,0,False,0.0,0.0,0.0,0.0,0,0.0,0.0
reg:bird:16:15,REG,3,SPL1,1,0,False,0,0.0,0,False,0.0,0.0,0.0,0.0,2,0.3333333333333333,0.6666666666666666
reg:bird:16:16,REG,3,BOT1,1,0,False,0,0.0,0,False,0.0,0.0,0.0,0.0,0,0.0,0.0
reg:bird:16:16,REG,3,COR1,1,0,False,0,0.0,0,False,0.0,0.0,0.0,0.0,0,0.0,0.0
reg:bird:16:17,REG,3,SPB1,1,0,False,0,0.0,0,False,0.0,0.0,0.0,0.0,0,0.0,0.0
reg:bird:16:17,REG,3,SPL1,1,0,False,0,0.0,0,False,0.0,0.0,0.0,0.0,2,0.3333333333333333,0.6666666666666666
reg:bird:16:18,REG,3,BOT1,1,0,False,0,0.0,0,False,0.0,0.0,0.0,0.0,0,0.0,0.0
reg:bird:16:18,REG,3,COR1,1,0,False,0,0.0,0,False,0.0,0.0,0.0,0.0,2,0.3333333333333333,0.6666666666666666
reg:bird:16:18,REG,3,MUL1,1,0,False,0,0.0,0,False,0.0,0.0,0.0,0.0,0,0.0,0.0
reg:bird:16:18,REG,3,OPEN,1,0,False,0,0.0,0,False,0.0,0.0,0.0,0.0,2,0.3333333333333333,0.6666666666666666
reg:bird:16:18,REG,3,SPB1,1,0,False,0,0.0,0,False,0.0,0.0,0.0,0.0,0,0.0,0.0
reg:bird:16:18,REG,3,SPL1,1,0,False,0,0.0,0,False,0.0,0.0,0.0,0.0,2,0.3333333333333333,0.6666666666666666
reg:bird:16:16,REG,3,MUL1,1,0,False,0,0.0,0,False,0.0,0.0,0.0,0.0,0,0.0,0.0
reg:bird:16:16,REG,3,OPEN,1,0,False,0,0.0,0,False,0.0,0.0,0.0,0.0,2,0.3333333333333333,0.6666666666666666
reg:bird:16:16,REG,3,SPB1,1,0,False,0,0.0,0,False,0.0,0.0,0.0,0.0,0,0.0,0.0
reg:bird:16:16,REG,3,SPL1,1,0,False,0,0.0,0,False,0.0,0.0,0.0,0.0,2,0.3333333333333333,0.6666666666666666
reg:bird:16:17,REG,3,BOT1,1,0,False,0,0.0,0,False,0.0,0.0,0.0,0.0,0,0.0,0.0
reg:bird:16:17,REG,3,COR1,1,0,False,0,0.0,0,False,0.0,0.0,0.0,0.0,2,0.3333333333333333,0.6666666666666666
reg:bird:16:17,REG,3,MUL1,1,0,False,0,0.0,0,False,0.0,0.0,0.0,0.0,0,0.0,0.0
reg:bird:16:17,REG,3,OPEN,1,0,False,0,0.0,0,False,0.0,0.0,0.0,0.0,2,0.3333333333333333,0.6666666666666666
reg:bird:16:19,REG,3,BOT1,1,0,False,0,0.0,0,False,0.0,0.0,0.0,0.0,0,0.0,0.0
reg:bird:16:19,REG,3,COR1,1,0,False,0,0.0,0,False,0.0,0.0,0.0,0.0,0,0.0,0.0
reg:bird:16:19,REG,3,MUL1,1,0,False,0,0.0,0,False,0.0,0.0,0.0,0.0,0,0.0,0.0
reg:bird:16:19,REG,3,OPEN,1,0,False,0,0.0,0,False,0.0,0.0,0.0,0.0,2,0.3333333333333333,0.6666666666666666
reg:bird:16:19,REG,3,SPB1,1,0,False,0,0.0,0,False,0.0,0.0,0.0,0.0,0,0.0,0.0
reg:bird:16:19,REG,3,SPL1,1,0,False,0,0.0,0,False,0.0,0.0,0.0,0.0,2,0.3333333333333333,0.6666666666666666
reg:bird:16:2,REG,3,BOT1,1,0,False,0,0.0,0,False,0.0,0.0,0.0,0.0,0,0.0,0.0
reg:bird:16:2,REG,3,COR1,1,0,False,0,0.0,0,False,0.0,0.0,0.0,0.0,0,0.0,0.0
reg:bird:16:2,REG,3,MUL1,1,0,False,0,0.0,0,False,0.0,0.0,0.0,0.0,0,0.0,0.0
reg:bird:16:2,REG,3,OPEN,1,0,False,0,0.0,0,False,0.0,0.0,0.0,0.0,2,0.3333333333333333,0.6666666666666666
reg:bird:16:2,REG,3,SPB1,1,0,False,0,0.0,0,False,0.0,0.0,0.0,0.0,0,0.0,0.0
reg:bird:16:2,REG,3,SPL1,1,0,False,0,0.0,0,False,0.0,0.0,0.0,0.0,2,0.3333333333333333,0.6666666666666666
reg:bird:16:20,REG,3,BOT1,1,0,False,0,0.0,0,False,0.0,0.0,0.0,0.0,0,0.0,0.0
reg:bird:16:20,REG,3,COR1,1,0,False,0,0.0,0,False,0.0,0.0,0.0,0.0,0,0.0,0.0
reg:bird:16:20,REG,3,MUL1,1,0,False,0,0.0,0,False,0.0,0.0,0.0,0.0,0,0.0,0.0
reg:bird:16:20,REG,3,OPEN,1,0,False,0,0.0,0,False,0.0,0.0,0.0,0.0,2,0.3333333333333333,0.6666666666666666
reg:bird:16:20,REG,3,SPB1,1,0,False,0,0.0,0,False,0.0,0.0,0.0,0.0,0,0.0,0.0
reg:bird:16:20,REG,3,SPL1,1,0,False,0,0.0,0,False,0.0,0.0,0.0,0.0,2,0.3333333333333333,0.6666666666666666
reg:bird:16:21,REG,3,BOT1,1,0,False,0,0.0,0,False,0.0,0.0,0.0,0.0,0,0.0,0.0
reg:bird:16:21,REG,3,COR1,1,0,False,0,0.0,0,False,0.0,0.0,0.0,0.0,2,0.3333333333333333,0.6666666666666666
reg:bird:16:21,REG,3,MUL1,1,0,False,0,0.0,0,False,0.0,0.0,0.0,0.0,0,0.0,0.0
reg:bird:16:21,REG,3,OPEN,1,0,False,0,0.0,0,False,0.0,0.0,0.0,0.0,2,0.3333333333333333,0.6666666666666666
reg:bird:16:21,REG,3,SPB1,1,0,False,0,0.0,0,False,0.0,0.0,0.0,0.0,0,0.0,0.0
reg:bird:16:21,REG,3,SPL1,1,0,False,0,0.0,0,False,0.0,0.0,0.0,0.0,2,0.3333333333333333,0.6666666666666666
reg:bird:16:22,REG,3,BOT1,1,0,False,0,0.0,0,False,0.0,0.0,0.0,0.0,0,0.0,0.0
reg:bird:16:22,REG,3,COR1,1,0,False,0,0.0,0,False,0.0,0.0,0.0,0.0,2,0.3333333333333333,0.6666666666666666
reg:bird:16:22,REG,3,MUL1,1,0,False,0,0.0,0,False,0.0,0.0,0.0,0.0,0,0.0,0.0
reg:bird:16:22,REG,3,OPEN,1,0,False,0,0.0,0,False,0.0,0.0,0.0,0.0,2,0.3333333333333333,0.6666666666666666
reg:bird:16:22,REG,3,SPB1,1,0,False,0,0.0,0,False,0.0,0.0,0.0,0.0,0,0.0,0.0
reg:bird:16:22,REG,3,SPL1,1,0,False,0,0.0,0,False,0.0,0.0,0.0,0.0,2,0.3333333333333333,0.6666666666666666
reg:bird:16:23,REG,3,BOT1,1,0,False,0,0.0,0,False,0.0,0.0,0.0,0.0,0,0.0,0.0
reg:bird:16:23,REG,3,COR1,1,0,False,0,0.0,0,False,0.0,0.0,0.0,0.0,0,0.0,0.0
reg:bird:16:23,REG,3,MUL1,1,0,False,0,0.0,0,False,0.0,0.0,0.0,0.0,0,0.0,0.0
reg:bird:16:23,REG,3,OPEN,1,0,False,0,0.0,0,False,0.0,0.0,0.0,0.0,2,0.3333333333333333,0.6666666666666666
reg:bird:16:23,REG,3,SPB1,1,0,False,0,0.0,0,False,0.0,0.0,0.0,0.0,0,0.0,0.0
reg:bird:16:23,REG,3,SPL1,1,0,False,0,0.0,0,False,0.0,0.0,0.0,0.0,2,0.3333333333333333,0.6666666666666666
reg:bird:16:24,REG,3,BOT1,1,0,False,0,0.0,0,False,0.0,0.0,0.0,0.0,0,0.0,0.0
reg:bird:16:24,REG,3,COR1,1,0,False,0,0.0,0,False,0.0,0.0,0.0,0.0,0,0.0,0.0
reg:bird:16:24,REG,3,MUL1,1,0,False,0,0.0,0,False,0.0,0.0,0.0,0.0,0,0.0,0.0
reg:bird:16:24,REG,3,OPEN,1,0,False,0,0.0,0,False,0.0,0.0,0.0,0.0,2,0.3333333333333333,0.6666666666666666
reg:bird:16:24,REG,3,SPB1,1,0,False,0,0.0,0,False,0.0,0.0,0.0,0.0,0,0.0,0.0
reg:bird:16:24,REG,3,SPL1,1,0,False,0,0.0,0,False,0.0,0.0,0.0,0.0,2,0.3333333333333333,0.6666666666666666
reg:bird:16:25,REG,3,BOT1,1,0,False,0,0.0,0,False,0.0,0.0,0.0,0.0,0,0.0,0.0
reg:bird:16:25,REG,3,COR1,1,0,False,0,0.0,0,False,0.0,0.0,0.0,0.0,2,0.3333333333333333,0.6666666666666666
reg:bird:16:25,REG,3,MUL1,1,0,False,0,0.0,0,False,0.0,0.0,0.0,0.0,0,0.0,0.0
reg:bird:16:25,REG,3,OPEN,1,0,False,0,0.0,0,False,0.0,0.0,0.0,0.0,2,0.3333333333333333,0.6666666666666666
reg:bird:16:25,REG,3,SPB1,1,0,False,0,0.0,0,False,0.0,0.0,0.0,0.0,0,0.0,0.0
reg:bird:16:25,REG,3,SPL1,1,0,False,0,0.0,0,False,0.0,0.0,0.0,0.0,2,0.3333333333333333,0.6666666666666666
reg:bird:16:26,REG,3,BOT1,1,0,False,0,0.0,0,False,0.0,0.0,0.0,0.0,0,0.0,0.0
reg:bird:16:26,REG,3,COR1,1,0,False,0,0.0,0,False,0.0,0.0,0.0,0.0,0,0.0,0.0
reg:bird:16:26,REG,3,MUL1,1,0,False,0,0.0,0,False,0.0,0.0,0.0,0.0,0,0.0,0.0
reg:bird:16:26,REG,3,OPEN,1,0,False,0,0.0,0,False,0.0,0.0,0.0,0.0,2,0.3333333333333333,0.6666666666666666
reg:bird:16:26,REG,3,SPB1,1,0,False,0,0.0,0,False,0.0,0.0,0.0,0.0,0,0.0,0.0
reg:bird:16:26,REG,3,SPL1,1,0,False,0,0.0,0,False,0.0,0.0,0.0,0.0,2,0.3333333333333333,0.6666666666666666
reg:bird:16:27,REG,3,BOT1,1,0,False,0,0.0,0,False,0.0,0.0,0.0,0.0,0,0.0,0.0
reg:bird:16:27,REG,3,COR1,1,0,False,0,0.0,0,False,0.0,0.0,0.0,0.0,0,0.0,0.0
reg:bird:16:27,REG,3,MUL1,1,0,False,0,0.0,0,False,0.0,0.0,0.0,0.0,0,0.0,0.0
reg:bird:16:27,REG,3,OPEN,1,0,False,0,0.0,0,False,0.0,0.0,0.0,0.0,2,0.3333333333333333,0.6666666666666666
reg:bird:16:27,REG,3,SPB1,1,0,False,0,0.0,0,False,0.0,0.0,0.0,0.0,0,0.0,0.0
reg:bird:16:27,REG,3,SPL1,1,0,False,0,0.0,0,False,0.0,0.0,0.0,0.0,2,0.3333333333333333,0.6666666666666666
reg:bird:16:28,REG,3,BOT1,1,0,False,0,0.0,0,False,0.0,0.0,0.0,0.0,0,0.0,0.0
reg:bird:16:28,REG,3,COR1,1,0,False,0,0.0,0,False,0.0,0.0,0.0,0.0,0,0.0,0.0
reg:bird:16:28,REG,3,MUL1,1,0,False,0,0.0,0,False,0.0,0.0,0.0,0.0,0,0.0,0.0
reg:bird:16:28,REG,3,OPEN,1,0,False,0,0.0,0,False,0.0,0.0,0.0,0.0,2,0.3333333333333333,0.6666666666666666
reg:bird:16:28,REG,3,SPB1,1,0,False,0,0.0,0,False,0.0,0.0,0.0,0.0,0,0.0,0.0
reg:bird:16:28,REG,3,SPL1,1,0,False,0,0.0,0,False,0.0,0.0,0.0,0.0,2,0.3333333333333333,0.6666666666666666
reg:bird:16:29,REG,3,BOT1,1,0,False,0,0.0,0,False,0.0,0.0,0.0,0.0,0,0.0,0.0
reg:bird:16:29,REG,3,COR1,1,0,False,0,0.0,0,False,0.0,0.0,0.0,0.0,0,0.0,0.0
reg:bird:16:29,REG,3,MUL1,1,0,False,0,0.0,0,False,0.0,0.0,0.0,0.0,0,0.0,0.0
reg:bird:16:29,REG,3,OPEN,1,0,False,0,0.0,0,False,0.0,0.0,0.0,0.0,2,0.3333333333333333,0.6666666666666666
reg:bird:16:29,REG,3,SPB1,1,0,False,0,0.0,0,False,0.0,0.0,0.0,0.0,0,0.0,0.0
reg:bird:16:29,REG,3,SPL1,1,0,False,0,0.0,0,False,0.0,0.0,0.0,0.0,2,0.3333333333333333,0.6666666666666666
reg:bird:16:3,REG,3,BOT1,1,0,False,0,0.0,0,False,0.0,0.0,0.0,0.0,0,0.0,0.0
reg:bird:16:3,REG,3,COR1,1,0,False,0,0.0,0,False,0.0,0.0,0.0,0.0,0,0.0,0.0
reg:bird:16:3,REG,3,MUL1,1,0,False,0,0.0,0,False,0.0,0.0,0.0,0.0,0,0.0,0.0
reg:bird:16:3,REG,3,OPEN,1,0,False,0,0.0,0,False,0.0,0.0,0.0,0.0,2,0.3333333333333333,0.6666666666666666
reg:bird:16:3,REG,3,SPB1,1,0,False,0,0.0,0,False,0.0,0.0,0.0,0.0,0,0.0,0.0
reg:bird:16:3,REG,3,SPL1,1,0,False,0,0.0,0,False,0.0,0.0,0.0,0.0,2,0.3333333333333333,0.6666666666666666
reg:bird:16:30,REG,3,BOT1,1,0,False,0,0.0,0,False,0.0,0.0,0.0,0.0,0,0.0,0.0
reg:bird:16:30,REG,3,COR1,1,0,False,0,0.0,0,False,0.0,0.0,0.0,0.0,2,0.3333333333333333,0.6666666666666666
reg:bird:16:30,REG,3,MUL1,1,0,False,0,0.0,0,False,0.0,0.0,0.0,0.0,0,0.0,0.0
reg:bird:16:30,REG,3,OPEN,1,0,False,0,0.0,0,False,0.0,0.0,0.0,0.0,2,0.3333333333333333,0.6666666666666666
reg:bird:16:30,REG,3,SPB1,1,0,False,0,0.0,0,False,0.0,0.0,0.0,0.0,0,0.0,0.0
reg:bird:16:30,REG,3,SPL1,1,0,False,0,0.0,0,False,0.0,0.0,0.0,0.0,2,0.3333333333333333,0.6666666666666666
reg:bird:16:31,REG,3,BOT1,1,0,False,0,0.0,0,False,0.0,0.0,0.0,0.0,0,0.0,0.0
reg:bird:16:31,REG,3,COR1,1,0,False,0,0.0,0,False,0.0,0.0,0.0,0.0,0,0.0,0.0
reg:bird:16:31,REG,3,MUL1,1,0,False,0,0.0,0,False,0.0,0.0,0.0,0.0,0,0.0,0.0
reg:bird:16:31,REG,3,OPEN,1,0,False,0,0.0,0,False,0.0,0.0,0.0,0.0,2,0.3333333333333333,0.6666666666666666
reg:bird:16:31,REG,3,SPB1,1,0,False,0,0.0,0,False,0.0,0.0,0.0,0.0,0,0.0,0.0
reg:bird:16:31,REG,3,SPL1,1,0,False,0,0.0,0,False,0.0,0.0,0.0,0.0,2,0.3333333333333333,0.6666666666666666
reg:bird:16:32,REG,3,BOT1,1,0,False,0,0.0,0,False,0.0,0.0,0.0,0.0,0,0.0,0.0
reg:bird:16:32,REG,3,COR1,1,0,False,0,0.0,0,False,0.0,0.0,0.0,0.0,0,0.0,0.0
reg:bird:16:32,REG,3,MUL1,1,0,False,0,0.0,0,False,0.0,0.0,0.0,0.0,0,0.0,0.0
reg:bird:16:32,REG,3,OPEN,1,0,False,0,0.0,0,False,0.0,0.0,0.0,0.0,2,0.3333333333333333,0.6666666666666666
reg:bird:16:32,REG,3,SPB1,1,0,False,0,0.0,0,False,0.0,0.0,0.0,0.0,0,0.0,0.0
reg:bird:16:32,REG,3,SPL1,1,0,False,0,0.0,0,False,0.0,0.0,0.0,0.0,2,0.3333333333333333,0.6666666666666666
reg:bird:16:35,REG,3,SPB1,1,0,False,0,0.0,0,False,0.0,0.0,0.0,0.0,0,0.0,0.0
reg:bird:16:35,REG,3,SPL1,1,0,False,0,0.0,0,False,0.0,0.0,0.0,0.0,2,0.3333333333333333,0.6666666666666666
reg:bird:16:36,REG,3,BOT1,1,0,False,0,0.0,0,False,0.0,0.0,0.0,0.0,0,0.0,0.0
reg:bird:16:36,REG,3,COR1,1,0,False,0,0.0,0,False,0.0,0.0,0.0,0.0,2,0.3333333333333333,0.6666666666666666
reg:bird:16:36,REG,3,MUL1,1,0,False,0,0.0,0,False,0.0,0.0,0.0,0.0,0,0.0,0.0
reg:bird:16:36,REG,3,OPEN,1,0,False,0,0.0,0,False,0.0,0.0,0.0,0.0,2,0.3333333333333333,0.6666666666666666
reg:bird:16:36,REG,3,SPB1,1,0,False,0,0.0,0,False,0.0,0.0,0.0,0.0,0,0.0,0.0
reg:bird:16:36,REG,3,SPL1,1,0,False,0,0.0,0,False,0.0,0.0,0.0,0.0,2,0.3333333333333333,0.6666666666666666
reg:bird:16:33,REG,3,BOT1,1,0,False,0,0.0,0,False,0.0,0.0,0.0,0.0,0,0.0,0.0
reg:bird:16:33,REG,3,COR1,1,0,False,0,0.0,0,False,0.0,0.0,0.0,0.0,2,0.3333333333333333,0.6666666666666666
reg:bird:16:33,REG,3,MUL1,1,0,False,0,0.0,0,False,0.0,0.0,0.0,0.0,0,0.0,0.0
reg:bird:16:33,REG,3,OPEN,1,0,False,0,0.0,0,False,0.0,0.0,0.0,0.0,2,0.3333333333333333,0.6666666666666666
reg:bird:16:33,REG,3,SPB1,1,0,False,0,0.0,0,False,0.0,0.0,0.0,0.0,0,0.0,0.0
reg:bird:16:33,REG,3,SPL1,1,0,False,0,0.0,0,False,0.0,0.0,0.0,0.0,2,0.3333333333333333,0.6666666666666666
reg:bird:16:34,REG,3,BOT1,1,0,False,0,0.0,0,False,0.0,0.0,0.0,0.0,0,0.0,0.0
reg:bird:16:34,REG,3,COR1,1,0,False,0,0.0,0,False,0.0,0.0,0.0,0.0,0,0.0,0.0
reg:bird:16:34,REG,3,MUL1,1,0,False,0,0.0,0,False,0.0,0.0,0.0,0.0,0,0.0,0.0
reg:bird:16:34,REG,3,OPEN,1,0,False,0,0.0,0,False,0.0,0.0,0.0,0.0,2,0.3333333333333333,0.6666666666666666
reg:bird:16:34,REG,3,SPB1,1,0,False,0,0.0,0,False,0.0,0.0,0.0,0.0,0,0.0,0.0
reg:bird:16:34,REG,3,SPL1,1,0,False,0,0.0,0,False,0.0,0.0,0.0,0.0,2,0.3333333333333333,0.6666666666666666
reg:bird:16:35,REG,3,BOT1,1,0,False,0,0.0,0,False,0.0,0.0,0.0,0.0,0,0.0,0.0
reg:bird:16:35,REG,3,COR1,1,0,False,0,0.0,0,False,0.0,0.0,0.0,0.0,2,0.3333333333333333,0.6666666666666666
reg:bird:16:35,REG,3,MUL1,1,0,False,0,0.0,0,False,0.0,0.0,0.0,0.0,0,0.0,0.0
reg:bird:16:35,REG,3,OPEN,1,0,False,0,0.0,0,False,0.0,0.0,0.0,0.0,2,0.3333333333333333,0.6666666666666666
reg:bird:16:38,REG,3,MUL1,1,0,False,0,0.0,0,False,0.0,0.0,0.0,0.0,0,0.0,0.0
reg:bird:16:38,REG,3,OPEN,1,0,False,0,0.0,0,False,0.0,0.0,0.0,0.0,2,0.3333333333333333,0.6666666666666666
reg:bird:16:38,REG,3,SPB1,1,0,False,0,0.0,0,False,0.0,0.0,0.0,0.0,0,0.0,0.0
reg:bird:16:38,REG,3,SPL1,1,0,False,0,0.0,0,False,0.0,0.0,0.0,0.0,2,0.3333333333333333,0.6666666666666666
reg:bird:16:39,REG,3,BOT1,1,0,False,0,0.0,0,False,0.0,0.0,0.0,0.0,0,0.0,0.0
reg:bird:16:39,REG,3,COR1,1,0,False,0,0.0,0,False,0.0,0.0,0.0,0.0,2,0.3333333333333333,0.6666666666666666
reg:bird:16:39,REG,3,MUL1,1,0,False,0,0.0,0,False,0.0,0.0,0.0,0.0,0,0.0,0.0
reg:bird:16:39,REG,3,OPEN,1,0,False,0,0.0,0,False,0.0,0.0,0.0,0.0,2,0.3333333333333333,0.6666666666666666
reg:bird:16:37,REG,3,BOT1,1,0,False,0,0.0,0,False,0.0,0.0,0.0,0.0,0,0.0,0.0
reg:bird:16:37,REG,3,COR1,1,0,False,0,0.0,0,False,0.0,0.0,0.0,0.0,0,0.0,0.0
reg:bird:16:37,REG,3,MUL1,1,0,False,0,0.0,0,False,0.0,0.0,0.0,0.0,0,0.0,0.0
reg:bird:16:37,REG,3,OPEN,1,0,False,0,0.0,0,False,0.0,0.0,0.0,0.0,2,0.3333333333333333,0.6666666666666666
reg:bird:16:37,REG,3,SPB1,1,0,False,0,0.0,0,False,0.0,0.0,0.0,0.0,0,0.0,0.0
reg:bird:16:37,REG,3,SPL1,1,0,False,0,0.0,0,False,0.0,0.0,0.0,0.0,2,0.3333333333333333,0.6666666666666666
reg:bird:16:38,REG,3,BOT1,1,0,False,0,0.0,0,False,0.0,0.0,0.0,0.0,0,0.0,0.0
reg:bird:16:38,REG,3,COR1,1,0,False,0,0.0,0,False,0.0,0.0,0.0,0.0,2,0.3333333333333333,0.6666666666666666
reg:bird:16:39,REG,3,SPB1,1,0,False,0,0.0,0,False,0.0,0.0,0.0,0.0,0,0.0,0.0
reg:bird:16:39,REG,3,SPL1,1,0,False,0,0.0,0,False,0.0,0.0,0.0,0.0,2,0.3333333333333333,0.6666666666666666
reg:bird:16:4,REG,3,BOT1,1,0,False,0,0.0,0,False,0.0,0.0,0.0,0.0,0,0.0,0.0
reg:bird:16:4,REG,3,COR1,1,0,False,0,0.0,0,False,0.0,0.0,0.0,0.0,2,0.3333333333333333,0.6666666666666666
reg:bird:16:4,REG,3,MUL1,1,0,False,0,0.0,0,False,0.0,0.0,0.0,0.0,0,0.0,0.0
reg:bird:16:4,REG,3,OPEN,1,0,False,0,0.0,0,False,0.0,0.0,0.0,0.0,2,0.3333333333333333,0.6666666666666666
reg:bird:16:4,REG,3,SPB1,1,0,False,0,0.0,0,False,0.0,0.0,0.0,0.0,0,0.0,0.0
reg:bird:16:4,REG,3,SPL1,1,0,False,0,0.0,0,False,0.0,0.0,0.0,0.0,2,0.3333333333333333,0.6666666666666666
reg:bird:16:5,REG,3,BOT1,1,0,False,0,0.0,0,False,0.0,0.0,0.0,0.0,0,0.0,0.0
reg:bird:16:5,REG,3,COR1,1,0,False,0,0.0,0,False,0.0,0.0,0.0,0.0,0,0.0,0.0
reg:bird:16:5,REG,3,MUL1,1,0,False,0,0.0,0,False,0.0,0.0,0.0,0.0,0,0.0,0.0
reg:bird:16:5,REG,3,OPEN,1,0,False,0,0.0,0,False,0.0,0.0,0.0,0.0,2,0.3333333333333333,0.6666666666666666
reg:bird:16:5,REG,3,SPB1,1,0,False,0,0.0,0,False,0.0,0.0,0.0,0.0,0,0.0,0.0
reg:bird:16:5,REG,3,SPL1,1,0,False,0,0.0,0,False,0.0,0.0,0.0,0.0,2,0.3333333333333333,0.6666666666666666
reg:bird:16:6,REG,3,BOT1,1,0,False,0,0.0,0,False,0.0,0.0,0.0,0.0,0,0.0,0.0
reg:bird:16:6,REG,3,COR1,1,0,False,0,0.0,0,False,0.0,0.0,0.0,0.0,2,0.3333333333333333,0.6666666666666666
reg:bird:16:6,REG,3,MUL1,1,0,False,0,0.0,0,False,0.0,0.0,0.0,0.0,0,0.0,0.0
reg:bird:16:6,REG,3,OPEN,1,0,False,0,0.0,0,False,0.0,0.0,0.0,0.0,2,0.3333333333333333,0.6666666666666666
reg:bird:16:6,REG,3,SPB1,1,0,False,0,0.0,0,False,0.0,0.0,0.0,0.0,0,0.0,0.0
reg:bird:16:6,REG,3,SPL1,1,0,False,0,0.0,0,False,0.0,0.0,0.0,0.0,2,0.3333333333333333,0.6666666666666666
reg:bird:16:7,REG,3,BOT1,1,0,False,0,0.0,0,False,0.0,0.0,0.0,0.0,0,0.0,0.0
reg:bird:16:7,REG,3,COR1,1,0,False,0,0.0,0,False,0.0,0.0,0.0,0.0,0,0.0,0.0
reg:bird:16:7,REG,3,MUL1,1,0,False,0,0.0,0,False,0.0,0.0,0.0,0.0,0,0.0,0.0
reg:bird:16:7,REG,3,OPEN,1,0,False,0,0.0,0,False,0.0,0.0,0.0,0.0,2,0.3333333333333333,0.6666666666666666
reg:bird:16:7,REG,3,SPB1,1,0,False,0,0.0,0,False,0.0,0.0,0.0,0.0,0,0.0,0.0
reg:bird:16:7,REG,3,SPL1,1,0,False,0,0.0,0,False,0.0,0.0,0.0,0.0,2,0.3333333333333333,0.6666666666666666
reg:bird:16:8,REG,3,BOT1,1,0,False,0,0.0,0,False,0.0,0.0,0.0,0.0,0,0.0,0.0
reg:bird:16:8,REG,3,COR1,1,0,False,0,0.0,0,False,0.0,0.0,0.0,0.0,0,0.0,0.0
reg:bird:16:8,REG,3,MUL1,1,0,False,0,0.0,0,False,0.0,0.0,0.0,0.0,0,0.0,0.0
reg:bird:16:8,REG,3,OPEN,1,0,False,0,0.0,0,False,0.0,0.0,0.0,0.0,2,0.3333333333333333,0.6666666666666666
reg:bird:16:8,REG,3,SPB1,1,0,False,0,0.0,0,False,0.0,0.0,0.0,0.0,0,0.0,0.0
reg:bird:16:8,REG,3,SPL1,1,0,False,0,0.0,0,False,0.0,0.0,0.0,0.0,2,0.3333333333333333,0.6666666666666666
reg:bird:3:0,REG,3,MUL1,1,0,False,0,0.0,0,False,0.0,0.0,0.0,0.0,6,1.0,1.0
reg:bird:3:0,REG,3,OPEN,1,0,False,0,0.0,0,False,0.0,0.0,0.0,0.0,6,1.0,1.0
reg:bird:3:0,REG,3,SPB1,1,0,False,0,0.0,0,False,0.0,0.0,0.0,0.0,6,1.0,1.0
reg:bird:3:0,REG,3,SPL1,1,0,False,0,0.0,0,False,0.0,0.0,0.0,0.0,6,1.0,1.0
reg:bird:4:0,REG,3,BOT1,1,0,False,0,0.0,0,False,0.0,0.0,0.0,0.0,2,0.3333333333333333,0.6666666666666666
reg:bird:4:0,REG,3,COR1,1,0,False,0,0.0,0,False,0.0,0.0,0.0,0.0,4,0.6666666666666666,1.0
reg:bird:4:0,REG,3,MUL1,1,0,False,0,0.0,0,False,0.0,0.0,0.0,0.0,6,1.0,1.0
reg:bird:4:0,REG,3,OPEN,1,0,False,0,0.0,0,False,0.0,0.0,0.0,0.0,6,1.0,1.0
reg:bird:16:9,REG,3,BOT1,1,0,False,0,0.0,0,False,0.0,0.0,0.0,0.0,0,0.0,0.0
reg:bird:16:9,REG,3,COR1,1,0,False,0,0.0,0,False,0.0,0.0,0.0,0.0,0,0.0,0.0
reg:bird:16:9,REG,3,MUL1,1,0,False,0,0.0,0,False,0.0,0.0,0.0,0.0,0,0.0,0.0
reg:bird:16:9,REG,3,OPEN,1,0,False,0,0.0,0,False,0.0,0.0,0.0,0.0,2,0.3333333333333333,0.6666666666666666
reg:bird:16:9,REG,3,SPB1,1,0,False,0,0.0,0,False,0.0,0.0,0.0,0.0,0,0.0,0.0
reg:bird:16:9,REG,3,SPL1,1,0,False,0,0.0,0,False,0.0,0.0,0.0,0.0,2,0.3333333333333333,0.6666666666666666
reg:bird:3:0,REG,3,BOT1,1,0,False,0,0.0,0,False,0.0,0.0,0.0,0.0,4,0.6666666666666666,1.0
reg:bird:3:0,REG,3,COR1,1,0,False,0,0.0,0,False,0.0,0.0,0.0,0.0,6,1.0,1.0
reg:bird:4:0,REG,3,SPB1,1,0,False,0,0.0,0,False,0.0,0.0,0.0,0.0,6,1.0,1.0
reg:bird:4:0,REG,3,SPL1,1,0,False,0,0.0,0,False,0.0,0.0,0.0,0.0,6,1.0,1.0
reg:bird:5:0,REG,3,BOT1,1,0,False,0,0.0,0,False,0.0,0.0,0.0,0.0,2,0.3333333333333333,0.6666666666666666
reg:bird:5:0,REG,3,COR1,1,0,False,0,0.0,0,False,0.0,0.0,0.0,0.0,4,0.6666666666666666,1.0
reg:bird:5:0,REG,3,MUL1,1,0,False,0,0.0,0,False,0.0,0.0,0.0,0.0,6,1.0,1.0
reg:bird:5:0,REG,3,OPEN,1,0,False,0,0.0,0,False,0.0,0.0,0.0,0.0,6,1.0,1.0
reg:bird:5:0,REG,3,SPB1,1,0,False,0,0.0,0,False,0.0,0.0,0.0,0.0,6,1.0,1.0
reg:bird:5:0,REG,3,SPL1,1,0,False,0,0.0,0,False,0.0,0.0,0.0,0.0,6,1.0,1.0
reg:bird:5:1,REG,3,BOT1,1,0,False,0,0.0,0,False,0.0,0.0,0.0,0.0,2,0.3333333333333333,0.6666666666666666
reg:bird:5:1,REG,3,COR1,1,0,False,0,0.0,0,False,0.0,0.0,0.0,0.0,6,1.0,1.0
reg:bird:5:1,REG,3,MUL1,1,0,False,0,0.0,0,False,0.0,0.0,0.0,0.0,6,1.0,1.0
reg:bird:5:1,REG,3,OPEN,1,0,False,0,0.0,0,False,0.0,0.0,0.0,0.0,6,1.0,1.0
reg:bird:5:1,REG,3,SPB1,1,0,False,0,0.0,0,False,0.0,0.0,0.0,0.0,6,1.0,1.0
reg:bird:5:1,REG,3,SPL1,1,0,False,0,0.0,0,False,0.0,0.0,0.0,0.0,6,1.0,1.0
reg:bird:6:0,REG,3,BOT1,1,0,False,0,0.0,0,False,0.0,0.0,0.0,0.0,0,0.0,0.0
reg:bird:6:0,REG,3,COR1,1,0,False,0,0.0,0,False,0.0,0.0,0.0,0.0,4,0.6666666666666666,1.0
reg:bird:6:1,REG,3,SPB1,1,0,False,0,0.0,0,False,0.0,0.0,0.0,0.0,4,0.6666666666666666,1.0
reg:bird:6:1,REG,3,SPL1,1,0,False,0,0.0,0,False,0.0,0.0,0.0,0.0,6,1.0,1.0
reg:bird:6:2,REG,3,BOT1,1,0,False,0,0.0,0,False,0.0,0.0,0.0,0.0,4,0.6666666666666666,1.0
reg:bird:6:2,REG,3,COR1,1,0,False,0,0.0,0,False,0.0,0.0,0.0,0.0,6,1.0,1.0
reg:bird:6:2,REG,3,MUL1,1,0,False,0,0.0,0,False,0.0,0.0,0.0,0.0,6,1.0,1.0
reg:bird:6:2,REG,3,OPEN,1,0,False,0,0.0,0,False,0.0,0.0,0.0,0.0,6,1.0,1.0
reg:bird:6:2,REG,3,SPB1,1,0,False,0,0.0,0,False,0.0,0.0,0.0,0.0,4,0.6666666666666666,1.0
reg:bird:6:2,REG,3,SPL1,1,0,False,0,0.0,0,False,0.0,0.0,0.0,0.0,6,1.0,1.0
reg:bird:6:0,REG,3,MUL1,1,0,False,0,0.0,0,False,0.0,0.0,0.0,0.0,6,1.0,1.0
reg:bird:6:0,REG,3,OPEN,1,0,False,0,0.0,0,False,0.0,0.0,0.0,0.0,6,1.0,1.0
reg:bird:6:0,REG,3,SPB1,1,0,False,0,0.0,0,False,0.0,0.0,0.0,0.0,4,0.6666666666666666,1.0
reg:bird:6:0,REG,3,SPL1,1,0,False,0,0.0,0,False,0.0,0.0,0.0,0.0,6,1.0,1.0
reg:bird:6:1,REG,3,BOT1,1,0,False,0,0.0,0,False,0.0,0.0,0.0,0.0,4,0.6666666666666666,1.0
reg:bird:6:1,REG,3,COR1,1,0,False,0,0.0,0,False,0.0,0.0,0.0,0.0,6,1.0,1.0
reg:bird:6:1,REG,3,MUL1,1,0,False,0,0.0,0,False,0.0,0.0,0.0,0.0,6,1.0,1.0
reg:bird:6:1,REG,3,OPEN,1,0,False,0,0.0,0,False,0.0,0.0,0.0,0.0,6,1.0,1.0
reg:bird:6:3,REG,3,BOT1,1,0,False,0,0.0,0,False,0.0,0.0,0.0,0.0,2,0.3333333333333333,0.6666666666666666
reg:bird:6:3,REG,3,COR1,1,0,False,0,0.0,0,False,0.0,0.0,0.0,0.0,6,1.0,1.0
reg:bird:6:3,REG,3,MUL1,1,0,False,0,0.0,0,False,0.0,0.0,0.0,0.0,6,1.0,1.0
reg:bird:6:3,REG,3,OPEN,1,0,False,0,0.0,0,False,0.0,0.0,0.0,0.0,6,1.0,1.0
reg:bird:6:3,REG,3,SPB1,1,0,False,0,0.0,0,False,0.0,0.0,0.0,0.0,4,0.6666666666666666,1.0
reg:bird:6:3,REG,3,SPL1,1,0,False,0,0.0,0,False,0.0,0.0,0.0,0.0,6,1.0,1.0
reg:bird:8:0,REG,3,BOT1,1,0,False,0,0.0,0,False,0.0,0.0,0.0,0.0,2,0.3333333333333333,0.6666666666666666
reg:bird:8:0,REG,3,COR1,1,0,False,0,0.0,0,False,0.0,0.0,0.0,0.0,2,0.3333333333333333,0.6666666666666666
reg:bird:8:0,REG,3,MUL1,1,0,False,0,0.0,0,False,0.0,0.0,0.0,0.0,4,0.6666666666666666,1.0
reg:bird:8:0,REG,3,OPEN,1,0,False,0,0.0,0,False,0.0,0.0,0.0,0.0,6,1.0,1.0
reg:bird:8:0,REG,3,SPB1,1,0,False,0,0.0,0,False,0.0,0.0,0.0,0.0,4,0.6666666666666666,1.0
reg:bird:8:0,REG,3,SPL1,1,0,False,0,0.0,0,False,0.0,0.0,0.0,0.0,6,1.0,1.0
reg:car:10:0,REG,3,BOT1,1,0,False,2,0.3333333333333333,0,False,0.6857142857142857,0.6857142857142857,0.3,0.9857142857142858,0,0.0,0.0
reg:car:10:0,REG,3,COR1,1,0,False,0,0.0,0,False,0.0,0.0,0.0,0.0,0,0.0,0.0
reg:car:10:0,REG,3,MUL1,1,0,False,0,0.0,0,False,0.0,0.0,0.0,0.0,0,0.0,0.0
reg:car:10:0,REG,3,OPEN,1,0,False,0,0.0,0,False,0.0,0.0,0.0,0.0,6,1.0,1.0
reg:car:10:0,REG,3,SPB1,1,0,False,0,0.0,0,False,0.0,0.0,0.0,0.0,0,0.0,0.0
reg:car:10:0,REG,3,SPL1,1,0,False,0,0.0,0,False,0.0,0.0,0.0,0.0,6,1.0,1.0
reg:car:10:1,REG,3,BOT1,1,0,False,2,0.3333333333333333,0,False,0.6857142857142857,0.6857142857142857,0.3,0.9857142857142858,0,0.0,0.0
reg:car:10:1,REG,3,COR1,1,0,False,0,0.0,0,False,0.0,0.0,0.0,0.0,2,0.3333333333333333,0.6666666666666666
reg:car:10:1,REG,3,MUL1,1,0,False,0,0.0,0,False,0.0,0.0,0.0,0.0,0,0.0,0.0
reg:car:10:1,REG,3,OPEN,1,0,False,0,0.0,0,False,0.0,0.0,0.0,0.0,6,1.0,1.0
reg:car:10:1,REG,3,SPB1,1,0,False,0,0.0,0,False,0.0,0.0,0.0,0.0,0,0.0,0.0
reg:car:10:1,REG,3,SPL1,1,0,False,0,0.0,0,False,0.0,0.0,0.0,0.0,6,1.0,1.0
reg:car:10:3,REG,3,MUL1,1,0,False,0,0.0,0,False,0.0,0.0,0.0,0.0,2,0.3333333333333333,0.6666666666666666
reg:car:10:3,REG,3,OPEN,1,0,False,0,0.0,0,False,0.0,0.0,0.0,0.0,6,1.0,1.0
reg:car:10:3,REG,3,SPB1,1,0,False,0,0.0,0,False,0.0,0.0,0.0,0.0,0,0.0,0.0
reg:car:10:3,REG,3,SPL1,1,0,False,0,0.0,0,False,0.0,0.0,0.0,0.0,6,1.0,1.0
reg:car:12:0,REG,3,BOT1,1,0,False,2,0.3333333333333333,0,False,0.6714285714285714,0.6714285714285714,0.3142857142857143,0.9857142857142858,0,0.0,0.0
reg:car:12:0,REG,3,COR1,1,0,False,0,0.0,0,False,0.0,0.0,0.0,0.0,0,0.0,0.0
reg:car:12:0,REG,3,MUL1,1,0,False,0,0.0,0,False,0.0,0.0,0.0,0.0,0,0.0,0.0
reg:car:12:0,REG,3,OPEN,1,0,False,0,0.0,0,False,0.0,0.0,0.0,0.0,6,1.0,1.0
reg:car:10:2,REG,3,BOT1,1,0,False,2,0.3333333333333333,0,False,0.6857142857142857,0.6857142857142857,0.3,0.9857142857142858,0,0.0,0.0
reg:car:10:2,REG,3,COR1,1,0,False,0,0.0,0,False,0.0,0.0,0.0,0.0,0,0.0,0.0
reg:car:10:2,REG,3,MUL1,1,0,False,0,0.0,0,False,0.0,0.0,0.0,0.0,0,0.0,0.0
reg:car:10:2,REG,3,OPEN,1,0,False,0,0.0,0,False,0.0,0.0,0.0,0.0,6,1.0,1.0
reg:car:10:2,REG,3,SPB1,1,0,False,0,0.0,0,False,0.0,0.0,0.0,0.0,0,0.0,0.0
reg:car:10:2,REG,3,SPL1,1,0,False,0,0.0,0,False,0.0,0.0,0.0,0.0,6,1.0,1.0
reg:car:10:3,REG,3,BOT1,1,0,False,2,0.3333333333333333,0,False,0.6857142857142857,0.6857142857142857,0.3,0.9857142857142858,0,0.0,0.0
reg:car:10:3,REG,3,COR1,1,0,False,0,0.0,0,False,0.0,0.0,0.0,0.0,2,0.3333333333333333,0.6666666666666666
reg:car:12:0,REG,3,SPB1,1,0,False,0,0.0,0,False,0.0,0.0,0.0,0.0,0,0.0,0.0
reg:car:12:0,REG,3,SPL1,1,0,False,0,0.0,0,False,0.0,0.0,0.0,0.0,6,1.0,1.0
reg:car:12:1,REG,3,BOT1,1,0,False,2,0.3333333333333333,0,False,0.7142857142857143,0.7142857142857143,0.2714285714285714,0.9857142857142858,0,0.0,0.0
reg:car:12:1,REG,3,COR1,1,0,False,0,0.0,0,False,0.0,0.0,0.0,0.0,0,0.0,0.0
reg:car:12:1,REG,3,MUL1,1,0,False,0,0.0,0,False,0.0,0.0,0.0,0.0,0,0.0,0.0
reg:car:12:1,REG,3,OPEN,1,0,False,0,0.0,0,False,0.0,0.0,0.0,0.0,6,1.0,1.0
reg:car:12:1,REG,3,SPB1,1,0,False,0,0.0,0,False,0.0,0.0,0.0,0.0,0,0.0,0.0
reg:car:12:1,REG,3,SPL1,1,0,False,0,0.0,0,False,0.0,0.0,0.0,0.0,6,1.0,1.0
reg:car:16:0,REG,3,BOT1,1,0,False,2,0.3333333333333333,0,False,0.5428571428571428,0.5428571428571428,0.4428571428571428,0.9857142857142858,0,0.0,0.0
reg:car:16:0,REG,3,COR1,1,0,False,0,0.0,0,False,0.0,0.0,0.0,0.0,0,0.0,0.0
reg:car:16:0,REG,3,MUL1,1,0,False,0,0.0,0,False,0.0,0.0,0.0,0.0,0,0.0,0.0
reg:car:16:0,REG,3,OPEN,1,0,False,0,0.0,0,False,0.0,0.0,0.0,0.0,4,0.6666666666666666,1.0
reg:car:16:0,REG,3,SPB1,1,0,False,0,0.0,0,False,0.0,0.0,0.0,0.0,0,0.0,0.0
reg:car:16:0,REG,3,SPL1,1,0,False,0,0.0,0,False,0.0,0.0,0.0,0.0,4,0.6666666666666666,1.0
reg:car:16:1,REG,3,BOT1,1,0,False,2,0.3333333333333333,0,False,0.5428571428571428,0.5428571428571428,0.4428571428571428,0.9857142857142858,0,0.0,0.0
reg:car:16:1,REG,3,COR1,1,0,False,0,0.0,0,False,0.0,0.0,0.0,0.0,0,0.0,0.0
reg:car:16:1,REG,3,MUL1,1,0,False,0,0.0,0,False,0.0,0.0,0.0,0.0,0,0.0,0.0
reg:car:16:1,REG,3,OPEN,1,0,False,0,0.0,0,False,0.0,0.0,0.0,0.0,4,0.6666666666666666,1.0
reg:car:16:1,REG,3,SPB1,1,0,False,0,0.0,0,False,0.0,0.0,0.0,0.0,0,0.0,0.0
reg:car:16:1,REG,3,SPL1,1,0,False,0,0.0,0,False,0.0,0.0,0.0,0.0,4,0.6666666666666666,1.0
reg:car:16:2,REG,3,BOT1,1,0,False,2,0.3333333333333333,0,False,0.5857142857142857,0.5857142857142857,0.4,0.9857142857142858,0,0.0,0.0
reg:car:16:2,REG,3,COR1,1,0,False,0,0.0,0,False,0.0,0.0,0.0,0.0,0,0.0,0.0
reg:car:16:2,REG,3,MUL1,1,0,False,0,0.0,0,False,0.0,0.0,0.0,0.0,0,0.0,0.0
reg:car:16:2,REG,3,OPEN,1,0,False,0,0.0,0,False,0.0,0.0,0.0,0.0,4,0.6666666666666666,1.0
reg:car:16:2,REG,3,SPB1,1,0,False,0,0.0,0,False,0.0,0.0,0.0,0.0,0,0.0,0.0
reg:car:16:2,REG,3,SPL1,1,0,False,0,0.0,0,False,0.0,0.0,0.0,0.0,4,0.6666666666666666,1.0
reg:car:16:3,REG,3,BOT1,1,0,False,2,0.3333333333333333,0,False,0.5857142857142857,0.5857142857142857,0.4,0.9857142857142858,0,0.0,0.0
reg:car:16:3,REG,3,COR1,1,0,False,0,0.0,0,False,0.0,0.0,0.0,0.0,0,0.0,0.0
reg:car:16:3,REG,3,MUL1,1,0,False,0,0.0,0,False,0.0,0.0,0.0,0.0,0,0.0,0.0
reg:car:16:3,REG,3,OPEN,1,0,False,0,0.0,0,False,0.0,0.0,0.0,0.0,4,0.6666666666666666,1.0
reg:car:16:3,REG,3,SPB1,1,0,False,0,0.0,0,False,0.0,0.0,0.0,0.0,0,0.0,0.0
reg:car:16:3,REG,3,SPL1,1,0,False,0,0.0,0,False,0.0,0.0,0.0,0.0,4,0.6666666666666666,1.0
reg:car:16:4,REG,3,BOT1,1,0,False,2,0.3333333333333333,0,False,0.5428571428571428,0.5428571428571428,0.4428571428571428,0.9857142857142858,0,0.0,0.0
reg:car:16:4,REG,3,COR1,1,0,False,0,0.0,0,False,0.0,0.0,0.0,0.0,0,0.0,0.0
reg:car:16:4,REG,3,MUL1,1,0,False,0,0.0,0,False,0.0,0.0,0.0,0.0,0,0.0,0.0
reg:car:16:4,REG,3,OPEN,1,0,False,0,0.0,0,False,0.0,0.0,0.0,0.0,4,0.6666666666666666,1.0
reg:car:16:4,REG,3,SPB1,1,0,False,0,0.0,0,False,0.0,0.0,0.0,0.0,0,0.0,0.0
reg:car:16:4,REG,3,SPL1,1,0,False,0,0.0,0,False,0.0,0.0,0.0,0.0,4,0.6666666666666666,1.0
reg:car:16:5,REG,3,BOT1,1,0,False,2,0.3333333333333333,0,False,0.5428571428571428,0.5428571428571428,0.4428571428571428,0.9857142857142858,0,0.0,0.0
reg:car:16:5,REG,3,COR1,1,0,False,0,0.0,0,False,0.0,0.0,0.0,0.0,0,0.0,0.0
reg:car:16:6,REG,3,SPB1,1,0,False,0,0.0,0,False,0.0,0.0,0.0,0.0,0,0.0,0.0
reg:car:16:6,REG,3,SPL1,1,0,False,0,0.0,0,False,0.0,0.0,0.0,0.0,4,0.6666666666666666,1.0
reg:car:16:7,REG,3,BOT1,1,0,False,2,0.3333333333333333,0,False,0.6,0.6,0.3857142857142857,0.9857142857142858,0,0.0,0.0
reg:car:16:7,REG,3,COR1,1,0,False,0,0.0,0,False,0.0,0.0,0.0,0.0,0,0.0,0.0
reg:car:16:7,REG,3,MUL1,1,0,False,0,0.0,0,False,0.0,0.0,0.0,0.0,0,0.0,0.0
reg:car:16:7,REG,3,OPEN,1,0,False,0,0.0,0,False,0.0,0.0,0.0,0.0,4,0.6666666666666666,1.0
reg:car:16:7,REG,3,SPB1,1,0,False,0,0.0,0,False,0.0,0.0,0.0,0.0,0,0.0,0.0
reg:car:16:7,REG,3,SPL1,1,0,False,0,0.0,0,False,0.0,0.0,0.0,0.0,4,0.6666666666666666,1.0
reg:car:16:9,REG,3,MUL1,1,0,False,0,0.0,0,False,0.0,0.0,0.0,0.0,0,0.0,0.0
reg:car:16:9,REG,3,OPEN,1,0,False,0,0.0,0,False,0.0,0.0,0.0,0.0,4,0.6666666666666666,1.0
reg:car:16:9,REG,3,SPB1,1,0,False,0,0.0,0,False,0.0,0.0,0.0,0.0,0,0.0,0.0
reg:car:16:9,REG,3,SPL1,1,0,False,0,0.0,0,False,0.0,0.0,0.0,0.0,4,0.6666666666666666,1.0
reg:car:3:0,REG,3,BOT1,1,0,False,2,0.3333333333333333,0,False,0.7285714285714285,0.7285714285714285,0.2571428571428571,0.9857142857142858,2,0.3333333333333333,0.6666666666666666
reg:car:3:0,REG,3,COR1,1,0,False,0,0.0,0,False,0.0,0.0,0.0,0.0,6,1.0,1.0
reg:car:3:0,REG,3,MUL1,1,0,False,0,0.0,0,False,0.0,0.0,0.0,0.0,6,1.0,1.0
reg:car:3:0,REG,3,OPEN,1,0,False,0,0.0,0,False,0.0,0.0,0.0,0.0,6,1.0,1.0
reg:car:16:5,REG,3,MUL1,1,0,False,0,0.0,0,False,0.0,0.0,0.0,0.0,0,0.0,0.0
reg:car:16:5,REG,3,OPEN,1,0,False,0,0.0,0,False,0.0,0.0,0.0,0.0,4,0.6666666666666666,1.0
reg:car:16:5,REG,3,SPB1,1,0,False,0,0.0,0,False,0.0,0.0,0.0,0.0,0,0.0,0.0
reg:car:16:5,REG,3,SPL1,1,0,False,0,0.0,0,False,0.0,0.0,0.0,0.0,4,0.6666666666666666,1.0
reg:car:16:6,REG,3,BOT1,1,0,False,2,0.3333333333333333,0,False,0.6428571428571429,0.6428571428571429,0.3428571428571428,0.9857142857142858,0,0.0,0.0
reg:car:16:6,REG,3,COR1,1,0,False,0,0.0,0,False,0.0,0.0,0.0,0.0,0,0.0,0.0
reg:car:16:6,REG,3,MUL1,1,0,False,0,0.0,0,False,0.0,0.0,0.0,0.0,0,0.0,0.0
reg:car:16:6,REG,3,OPEN,1,0,False,0,0.0,0,False,0.0,0.0,0.0,0.0,4,0.6666666666666666,1.0
reg:car:16:8,REG,3,BOT1,1,0,False,2,0.3333333333333333,0,False,0.5857142857142857,0.5857142857142857,0.4,0.9857142857142858,0,0.0,0.0
reg:car:16:8,REG,3,COR1,1,0,False,0,0.0,0,False,0.0,0.0,0.0,0.0,0,0.0,0.0
reg:car:16:8,REG,3,MUL1,1,0,False,0,0.0,0,False,0.0,0.0,0.0,0.0,0,0.0,0.0
reg:car:16:8,REG,3,OPEN,1,0,False,0,0.0,0,False,0.0,0.0,0.0,0.0,4,0.6666666666666666,1.0
reg:car:16:8,REG,3,SPB1,1,0,False,0,0.0,0,False,0.0,0.0,0.0,0.0,0,0.0,0.0
reg:car:16:8,REG,3,SPL1,1,0,False,0,0.0,0,False,0.0,0.0,0.0,0.0,4,0.6666666666666666,1.0
reg:car:16:9,REG,3,BOT1,1,0,False,2,0.3333333333333333,0,False,0.5857142857142857,0.5857142857142857,0.4,0.9857142857142858,0,0.0,0.0
reg:car:16:9,REG,3,COR1,1,0,False,0,0.0,0,False,0.0,0.0,0.0,0.0,0,0.0,0.0
reg:car:3:0,REG,3,SPB1,1,0,False,0,0.0,0,False,0.0,0.0,0.0,0.0,4,0.6666666666666666,1.0
reg:car:3:0,REG,3,SPL1,1,0,False,0,0.0,0,False,0.0,0.0,0.0,0.0,6,1.0,1.0
reg:car:4:0,REG,3,BOT1,1,0,False,2,0.3333333333333333,0,False,0.5428571428571428,0.5428571428571428,0.4428571428571428,0.9857142857142858,2,0.3333333333333333,0.6666666666666666
reg:car:4:0,REG,3,COR1,1,0,False,0,0.0,0,False,0.0,0.0,0.0,0.0,6,1.0,1.0
reg:car:4:0,REG,3,MUL1,1,0,False,0,0.0,0,False,0.0,0.0,0.0,0.0,6,1.0,1.0
reg:car:4:0,REG,3,OPEN,1,0,False,0,0.0,0,False,0.0,0.0,0.0,0.0,6,1.0,1.0
reg:car:4:0,REG,3,SPB1,1,0,False,0,0.0,0,False,0.0,0.0,0.0,0.0,4,0.6666666666666666,1.0
reg:car:4:0,REG,3,SPL1,1,0,False,0,0.0,0,False,0.0,0.0,0.0,0.0,6,1.0,1.0
reg:car:4:1,REG,3,BOT1,1,0,False,2,0.3333333333333333,0,False,0.5428571428571428,0.5428571428571428,0.4428571428571428,0.9857142857142858,0,0.0,0.0
reg:car:4:1,REG,3,COR1,1,0,False,0,0.0,0,False,0.0,0.0,0.0,0.0,6,1.0,1.0
reg:car:4:1,REG,3,MUL1,1,0,False,0,0.0,0,False,0.0,0.0,0.0,0.0,6,1.0,1.0
reg:car:4:1,REG,3,OPEN,1,0,False,0,0.0,0,False,0.0,0.0,0.0,0.0,6,1.0,1.0
reg:car:4:1,REG,3,SPB1,1,0,False,0,0.0,0,False,0.0,0.0,0.0,0.0,4,0.6666666666666666,1.0
reg:car:4:1,REG,3,SPL1,1,0,False,0,0.0,0,False,0.0,0.0,0.0,0.0,6,1.0,1.0
reg:car:5:0,REG,3,BOT1,1,0,False,2,0.3333333333333333,0,False,0.6714285714285714,0.6714285714285714,0.3142857142857143,0.9857142857142858,0,0.0,0.0
reg:car:5:0,REG,3,COR1,1,0,False,0,0.0,0,False,0.0,0.0,0.0,0.0,4,0.6666666666666666,1.0
reg:car:6:0,REG,3,SPB1,1,0,False,0,0.0,0,False,0.0,0.0,0.0,0.0,0,0.0,0.0
reg:car:6:0,REG,3,SPL1,1,0,False,0,0.0,0,False,0.0,0.0,0.0,0.0,6,1.0,1.0
reg:car:8:0,REG,3,BOT1,1,0,False,2,0.3333333333333333,0,False,0.6571428571428571,0.6571428571428571,0.3285714285714285,0.9857142857142858,0,0.0,0.0
reg:car:8:0,REG,3,COR1,1,0,False,0,0.0,0,False,0.0,0.0,0.0,0.0,2,0.3333333333333333,0.6666666666666666
reg:car:8:0,REG,3,MUL1,1,0,False,0,0.0,0,False,0.0,0.0,0.0,0.0,2,0.3333333333333333,0.6666666666666666
reg:car:8:0,REG,3,OPEN,1,0,False,0,0.0,0,False,0.0,0.0,0.0,0.0,6,1.0,1.0
reg:car:8:0,REG,3,SPB1,1,0,False,0,0.0,0,False,0.0,0.0,0.0,0.0,2,0.3333333333333333,0.6666666666666666
reg:car:8:0,REG,3,SPL1,1,0,False,0,0.0,0,False,0.0,0.0,0.0,0.0,6,1.0,1.0
reg:car:5:0,REG,3,MUL1,1,0,False,0,0.0,0,False,0.0,0.0,0.0,0.0,6,1.0,1.0
reg:car:5:0,REG,3,OPEN,1,0,False,0,0.0,0,False,0.0,0.0,0.0,0.0,6,1.0,1.0
reg:car:5:0,REG,3,SPB1,1,0,False,0,0.0,0,False,0.0,0.0,0.0,0.0,2,0.3333333333333333,0.6666666666666666
reg:car:5:0,REG,3,SPL1,1,0,False,0,0.0,0,False,0.0,0.0,0.0,0.0,6,1.0,1.0
reg:car:6:0,REG,3,BOT1,1,0,False,2,0.3333333333333333,0,False,0.7571428571428571,0.7571428571428571,0.2285714285714285,0.9857142857142858,0,0.0,0.0
reg:car:6:0,REG,3,COR1,1,0,False,0,0.0,0,False,0.0,0.0,0.0,0.0,2,0.3333333333333333,0.6666666666666666
reg:car:6:0,REG,3,MUL1,1,0,False,0,0.0,0,False,0.0,0.0,0.0,0.0,4,0.6666666666666666,1.0
reg:car:6:0,REG,3,OPEN,1,0,False,0,0.0,0,False,0.0,0.0,0.0,0.0,6,1.0,1.0
reg:cat:10:0,REG,3,BOT1,1,0,False,2,0.3333333333333333,0,False,0.6851851851851852,0.6851851851851852,0.2962962962962963,0.9814814814814816,0,0.0,0.0
reg:cat:10:0,REG,3,COR1,1,0,False,0,0.0,0,False,0.0,0.0,0.0,0.0,0,0.0,0.0
reg:cat:10:0,REG,3,MUL1,1,0,False,0,0.0,0,False,0.0,0.0,0.0,0.0,2,0.3333333333333333,0.6666666666666666
reg:cat:10:0,REG,3,OPEN,1,0,False,0,0.0,0,False,0.0,0.0,0.0,0.0,4,0.6666666666666666,1.0
reg:cat:10:0,REG,3,SPB1,1,0,False,0,0.0,0,False,0.0,0.0,0.0,0.0,0,0.0,0.0
reg:cat:10:0,REG,3,SPL1,1,0,False,0,0.0,0,False,0.0,0.0,0.0,0.0,4,0.6666666666666666,1.0
reg:cat:12:0,REG,3,BOT1,1,0,False,2,0.3333333333333333,0,False,0.5925925925925926,0.5925925925925926,0.3888888888888889,0.9814814814814816,0,0.0,0.0
reg:cat:12:0,REG,3,COR1,1,0,False,0,0.0,0,False,0.0,0.0,0.0,0.0,0,0.0,0.0
reg:cat:12:0,REG,3,MUL1,1,0,False,0,0.0,0,False,0.0,0.0,0.0,0.0,0,0.0,0.0
reg:cat:12:0,REG,3,OPEN,1,0,False,0,0.0,0,False,0.0,0.0,0.0,0.0,0,0.0,0.0
reg:cat:12:0,REG,3,SPB1,1,0,False,0,0.0,0,False,0.0,0.0,0.0,0.0,0,0.0,0.0
reg:cat:12:0,REG,3,SPL1,1,0,False,0,0.0,0,False,0.0,0.0,0.0,0.0,0,0.0,0.0
reg:cat:12:1,REG,3,BOT1,1,0,False,2,0.3333333333333333,0,False,0.6481481481481481,0.6481481481481481,0.3333333333333333,0.9814814814814816,0,0.0,0.0
reg:cat:12:1,REG,3,COR1,1,0,False,0,0.0,0,False,0.0,0.0,0.0,0.0,0,0.0,0.0
reg:cat:12:1,REG,3,MUL1,1,0,False,0,0.0,0,False,0.0,0.0,0.0,0.0,0,0.0,0.0
reg:cat:12:1,REG,3,OPEN,1,0,False,0,0.0,0,False,0.0,0.0,0.0,0.0,0,0.0,0.0
reg:cat:12:1,REG,3,SPB1,1,0,False,0,0.0,0,False,0.0,0.0,0.0,0.0,0,0.0,0.0
reg:cat:12:1,REG,3,SPL1,1,0,False,0,0.0,0,False,0.0,0.0,0.0,0.0,0,0.0,0.0
reg:cat:16:0,REG,3,BOT1,1,0,False,2,0.3333333333333333,0,False,0.6111111111111112,0.6111111111111112,0.3703703703703703,0.9814814814814816,0,0.0,0.0
reg:cat:16:0,REG,3,COR1,1,0,False,0,0.0,0,False,0.0,0.0,0.0,0.0,0,0.0,0.0
reg:cat:16:0,REG,3,MUL1,1,0,False,0,0.0,0,False,0.0,0.0,0.0,0.0,0,0.0,0.0
reg:cat:16:0,REG,3,OPEN,1,0,False,0,0.0,0,False,0.0,0.0,0.0,0.0,0,0.0,0.0
reg:cat:16:0,REG,3,SPB1,1,0,False,0,0.0,0,False,0.0,0.0,0.0,0.0,0,0.0,0.0
reg:cat:16:0,REG,3,SPL1,1,0,False,0,0.0,0,False,0.0,0.0,0.0,0.0,0,0.0,0.0
reg:cat:16:1,REG,3,BOT1,1,0,False,2,0.3333333333333333,0,False,0.5555555555555556,0.5555555555555556,0.4259259259259259,0.9814814814814816,0,0.0,0.0
reg:cat:16:1,REG,3,COR1,1,0,False,0,0.0,0,False,0.0,0.0,0.0,0.0,0,0.0,0.0
reg:cat:16:1,REG,3,MUL1,1,0,False,0,0.0,0,False,0.0,0.0,0.0,0.0,0,0.0,0.0
reg:cat:16:1,REG,3,OPEN,1,0,False,0,0.0,0,False,0.0,0.0,0.0,0.0,0,0.0,0.0
reg:cat:16:1,REG,3,SPB1,1,0,False,0,0.0,0,False,0.0,0.0,0.0,0.0,0,0.0,0.0
reg:cat:16:1,REG,3,SPL1,1,0,False,0,0.0,0,False,0.0,0.0,0.0,0.0,0,0.0,0.0
reg:cat:16:10,REG,3,BOT1,1,0,False,2,0.3333333333333333,0,False,0.6111111111111112,0.6111111111111112,0.3703703703703703,0.9814814814814816,0,0.0,0.0
reg:cat:16:10,REG,3,COR1,1,0,False,0,0.0,0,False,0.0,0.0,0.0,0.0,0,0.0,0.0
reg:cat:16:10,REG,3,MUL1,1,0,False,0,0.0,0,False,0.0,0.0,0.0,0.0,0,0.0,0.0
reg:cat:16:10,REG,3,OPEN,1,0,False,0,0.0,0,False,0.0,0.0,0.0,0.0,0,0.0,0.0
reg:cat:16:10,REG,3,SPB1,1,0,False,0,0.0,0,False,0.0,0.0,0.0,0.0,0,0.0,0.0
reg:cat:16:10,REG,3,SPL1,1,0,False,0,0.0,0,False,0.0,0.0,0.0,0.0,0,0.0,0.0
reg:cat:16:11,REG,3,BOT1,1,0,False,2,0.3333333333333333,0,False,0.5555555555555556,0.5555555555555556,0.4259259259259259,0.9814814814814816,0,0.0,0.0
reg:cat:16:11,REG,3,COR1,1,0,False,0,0.0,0,False,0.0,0.0,0.0,0.0,0,0.0,0.0
reg:cat:16:11,REG,3,MUL1,1,0,False,0,0.0,0,False,0.0,0.0,0.0,0.0,0,0.0,0.0
reg:cat:16:11,REG,3,OPEN,1,0,False,0,0.0,0,False,0.0,0.0,0.0,0.0,0,0.0,0.0
reg:cat:16:3,REG,3,BOT1,1,0,False,2,0.3333333333333333,0,False,0.5555555555555556,0.5555555555555556,0.4259259259259259,0.9814814814814816,0,0.0,0.0
reg:cat:16:3,REG,3,COR1,1,0,False,0,0.0,0,False,0.0,0.0,0.0,0.0,0,0.0,0.0
reg:cat:16:3,REG,3,MUL1,1,0,False,0,0.0,0,False,0.0,0.0,0.0,0.0,0,0.0,0.0
reg:cat:16:3,REG,3,OPEN,1,0,False,0,0.0,0,False,0.0,0.0,0.0,0.0,0,0.0,0.0
reg:cat:16:3,REG,3,SPB1,1,0,False,0,0.0,0,False,0.0,0.0,0.0,0.0,0,0.0,0.0
reg:cat:16:3,REG,3,SPL1,1,0,False,0,0.0,0,False,0.0,0.0,0.0,0.0,0,0.0,0.0
reg:cat:16:4,REG,3,BOT1,1,0,False,2,0.3333333333333333,0,False,0.6111111111111112,0.6111111111111112,0.3703703703703703,0.9814814814814816,0,0.0,0.0
reg:cat:16:4,REG,3,COR1,1,0,False,0,0.0,0,False,0.0,0.0,0.0,0.0,0,0.0,0.0
reg:cat:16:11,REG,3,SPB1,1,0,False,0,0.0,0,False,0.0,0.0,0.0,0.0,0,0.0,0.0
reg:cat:16:11,REG,3,SPL1,1,0,False,0,0.0,0,False,0.0,0.0,0.0,0.0,0,0.0,0.0
reg:cat:16:2,REG,3,BOT1,1,0,False,2,0.3333333333333333,0,False,0.6111111111111112,0.6111111111111112,0.3703703703703703,0.9814814814814816,0,0.0,0.0
reg:cat:16:2,REG,3,COR1,1,0,False,0,0.0,0,False,0.0,0.0,0.0,0.0,0,0.0,0.0
reg:cat:16:2,REG,3,MUL1,1,0,False,0,0.0,0,False,0.0,0.0,0.0,0.0,0,0.0,0.0
reg:cat:16:2,REG,3,OPEN,1,0,False,0,0.0,0,False,0.0,0.0,0.0,0.0,0,0.0,0.0
reg:cat:16:2,REG,3,SPB1,1,0,False,0,0.0,0,False,0.0,0.0,0.0,0.0,0,0.0,0.0
reg:cat:16:2,REG,3,SPL1,1,0,False,0,0.0,0,False,0.0,0.0,0.0,0.0,0,0.0,0.0
reg:cat:16:4,REG,3,MUL1,1,0,False,0,0.0,0,False,0.0,0.0,0.0,0.0,0,0.0,0.0
reg:cat:16:4,REG,3,OPEN,1,0,False,0,0.0,0,False,0.0,0.0,0.0,0.0,0,0.0,0.0
reg:cat:16:4,REG,3,SPB1,1,0,False,0,0.0,0,False,0.0,0.0,0.0,0.0,0,0.0,0.0
reg:cat:16:4,REG,3,SPL1,1,0,False,0,0.0,0,False,0.0,0.0,0.0,0.0,0,0.0,0.0
reg:cat:16:5,REG,3,BOT1,1,0,False,2,0.3333333333333333,0,False,0.6296296296296297,0.6296296296296297,0.3518518518518518,0.9814814814814816,0,0.0,0.0
reg:cat:16:5,REG,3,COR1,1,0,False,0,0.0,0,False,0.0,0.0,0.0,0.0,0,0.0,0.0
reg:cat:16:5,REG,3,MUL1,1,0,False,0,0.0,0,False,0.0,0.0,0.0,0.0,0,0.0,0.0
reg:cat:16:5,REG,3,OPEN,1,0,False,0,0.0,0,False,0.0,0.0,0.0,0.0,0,0.0,0.0
reg:cat:16:5,REG,3,SPB1,1,0,False,0,0.0,0,False,0.0,0.0,0.0,0.0,0,0.0,0.0
reg:cat:16:5,REG,3,SPL1,1,0,False,0,0.0,0,False,0.0,0.0,0.0,0.0,0,0.0,0.0
reg:cat:16:6,REG,3,BOT1,1,0,False,2,0.3333333333333333,0,False,0.6666666666666666,0.6666666666666666,0.3148148148148148,0.9814814814814816,0,0.0,0.0
reg:cat:16:6,REG,3,COR1,1,0,False,0,0.0,0,False,0.0,0.0,0.0,0.0,0,0.0,0.0
reg:cat:16:6,REG,3,MUL1,1,0,False,0,0.0,0,False,0.0,0.0,0.0,0.0,0,0.0,0.0
reg:cat:16:6,REG,3,OPEN,1,0,False,0,0.0,0,False,0.0,0.0,0.0,0.0,0,0.0,0.0
reg:cat:16:6,REG,3,SPB1,1,0,False,0,0.0,0,False,0.0,0.0,0.0,0.0,0,0.0,0.0
reg:cat:16:6,REG,3,SPL1,1,0,False,0,0.0,0,False,0.0,0.0,0.0,0.0,0,0.0,0.0
reg:cat:16:9,REG,3,SPB1,1,0,False,0,0.0,0,False,0.0,0.0,0.0,0.0,0,0.0,0.0
reg:cat:16:9,REG,3,SPL1,1,0,False,0,0.0,0,False,0.0,0.0,0.0,0.0,0,0.0,0.0
reg:cat:3:0,REG,3,BOT1,1,0,False,2,0.3333333333333333,0,False,0.5740740740740741,0.5740740740740741,0.4074074074074074,0.9814814814814816,2,0.3333333333333333,0.6666666666666666
reg:cat:3:0,REG,3,COR1,1,0,False,0,0.0,0,False,0.0,0.0,0.0,0.0,4,0.6666666666666666,1.0
reg:cat:3:0,REG,3,MUL1,1,0,False,0,0.0,0,False,0.0,0.0,0.0,0.0,6,1.0,1.0
reg:cat:3:0,REG,3,OPEN,1,0,False,0,0.0,0,False,0.0,0.0,0.0,0.0,6,1.0,1.0
reg:cat:3:0,REG,3,SPB1,1,0,False,0,0.0,0,False,0.0,0.0,0.0,0.0,4,0.6666666666666666,1.0
reg:cat:3:0,REG,3,SPL1,1,0,False,0,0.0,0,False,0.0,0.0,0.0,0.0,6,1.0,1.0
reg:cat:4:0,REG,3,BOT1,1,0,False,2,0.3333333333333333,0,False,0.4814814814814814,0.4814814814814814,0.5,0.9814814814814816,0,0.0,0.0
reg:cat:4:0,REG,3,COR1,1,0,False,0,0.0,0,False,0.0,0.0,0.0,0.0,1,0.16666666666666666,0.3333333333333333
reg:cat:4:0,REG,3,MUL1,1,0,False,0,0.0,0,False,0.0,0.0,0.0,0.0,6,1.0,1.0
reg:cat:4:0,REG,3,OPEN,1,0,False,0,0.0,0,False,0.0,0.0,0.0,0.0,6,1.0,1.0
reg:cat:4:0,REG,3,SPB1,1,0,False,0,0.0,0,False,0.0,0.0,0.0,0.0,4,0.6666666666666666,1.0
reg:cat:4:0,REG,3,SPL1,1,0,False,0,0.0,0,False,0.0,0.0,0.0,0.0,6,1.0,1.0
reg:cat:4:1,REG,3,BOT1,1,0,False,2,0.3333333333333333,0,False,0.7222222222222222,0.7222222222222222,0.2592592592592592,0.9814814814814816,1,0.16666666666666666,0.3333333333333333
reg:cat:4:1,REG,3,COR1,1,0,False,0,0.0,0,False,0.0,0.0,0.0,0.0,1,0.16666666666666666,0.3333333333333333
reg:cat:16:7,REG,3,BOT1,1,0,False,2,0.3333333333333333,0,False,0.6111111111111112,0.6111111111111112,0.3703703703703703,0.9814814814814816,0,0.0,0.0
reg:cat:16:7,REG,3,COR1,1,0,False,0,0.0,0,False,0.0,0.0,0.0,0.0,0,0.0,0.0
reg:cat:16:7,REG,3,MUL1,1,0,False,0,0.0,0,False,0.0,0.0,0.0,0.0,0,0.0,0.0
reg:cat:16:7,REG,3,OPEN,1,0,False,0,0.0,0,False,0.0,0.0,0.0,0.0,0,0.0,0.0
reg:cat:16:7,REG,3,SPB1,1,0,False,0,0.0,0,False,0.0,0.0,0.0,0.0,0,0.0,0.0
reg:cat:16:7,REG,3,SPL1,1,0,False,0,0.0,0,False,0.0,0.0,0.0,0.0,0,0.0,0.0
reg:cat:16:8,REG,3,BOT1,1,0,False,2,0.3333333333333333,0,False,0.6851851851851852,0.6851851851851852,0.2962962962962963,0.9814814814814816,0,0.0,0.0
reg:cat:16:8,REG,3,COR1,1,0,False,0,0.0,0,False,0.0,0.0,0.0,0.0,0,0.0,0.0
reg:cat:5:0,REG,3,SPB1,1,0,False,0,0.0,0,False,0.0,0.0,0.0,0.0,2,0.3333333333333333,0.6666666666666666
reg:cat:5:0,REG,3,SPL1,1,0,False,0,0.0,0,False,0.0,0.0,0.0,0.0,6,1.0,1.0
reg:cat:6:0,REG,3,BOT1,1,0,False,2,0.3333333333333333,0,False,0.6851851851851852,0.6851851851851852,0.2962962962962963,0.9814814814814816,0,0.0,0.0
reg:cat:6:0,REG,3,COR1,1,0,False,0,0.0,0,False,0.0,0.0,0.0,0.0,2,0.3333333333333333,0.6666666666666666
reg:cat:6:0,REG,3,MUL1,1,0,False,0,0.0,0,False,0.0,0.0,0.0,0.0,6,1.0,1.0
reg:cat:6:0,REG,3,OPEN,1,0,False,0,0.0,0,False,0.0,0.0,0.0,0.0,6,1.0,1.0
reg:cat:6:0,REG,3,SPB1,1,0,False,0,0.0,0,False,0.0,0.0,0.0,0.0,2,0.3333333333333333,0.6666666666666666
reg:cat:6:0,REG,3,SPL1,1,0,False,0,0.0,0,False,0.0,0.0,0.0,0.0,6,1.0,1.0
reg:cat:16:8,REG,3,MUL1,1,0,False,0,0.0,0,False,0.0,0.0,0.0,0.0,0,0.0,0.0
reg:cat:16:8,REG,3,OPEN,1,0,False,0,0.0,0,False,0.0,0.0,0.0,0.0,0,0.0,0.0
reg:cat:16:8,REG,3,SPB1,1,0,False,0,0.0,0,False,0.0,0.0,0.0,0.0,0,0.0,0.0
reg:cat:16:8,REG,3,SPL1,1,0,False,0,0.0,0,False,0.0,0.0,0.0,0.0,0,0.0,0.0
reg:cat:16:9,REG,3,BOT1,1,0,False,2,0.3333333333333333,0,False,0.5555555555555556,0.5555555555555556,0.4259259259259259,0.9814814814814816,0,0.0,0.0
reg:cat:16:9,REG,3,COR1,1,0,False,0,0.0,0,False,0.0,0.0,0.0,0.0,0,0.0,0.0
reg:cat:16:9,REG,3,MUL1,1,0,False,0,0.0,0,False,0.0,0.0,0.0,0.0,0,0.0,0.0
reg:cat:16:9,REG,3,OPEN,1,0,False,0,0.0,0,False,0.0,0.0,0.0,0.0,0,0.0,0.0
reg:cat:4:1,REG,3,MUL1,1,0,False,0,0.0,0,False,0.0,0.0,0.0,0.0,6,1.0,1.0
reg:cat:4:1,REG,3,OPEN,1,0,False,0,0.0,0,False,0.0,0.0,0.0,0.0,6,1.0,1.0
reg:cat:4:1,REG,3,SPB1,1,0,False,0,0.0,0,False,0.0,0.0,0.0,0.0,2,0.3333333333333333,0.6666666666666666
reg:cat:4:1,REG,3,SPL1,1,0,False,0,0.0,0,False,0.0,0.0,0.0,0.0,6,1.0,1.0
reg:cat:5:0,REG,3,BOT1,1,0,False,2,0.3333333333333333,0,False,0.6296296296296297,0.6296296296296297,0.3518518518518518,0.9814814814814816,0,0.0,0.0
reg:cat:5:0,REG,3,COR1,1,0,False,0,0.0,0,False,0.0,0.0,0.0,0.0,0,0.0,0.0
reg:cat:5:0,REG,3,MUL1,1,0,False,0,0.0,0,False,0.0,0.0,0.0,0.0,6,1.0,1.0
reg:cat:5:0,REG,3,OPEN,1,0,False,0,0.0,0,False,0.0,0.0,0.0,0.0,6,1.0,1.0
reg:cat:8:0,REG,3,BOT1,1,0,False,2,0.3333333333333333,0,False,0.6296296296296297,0.6296296296296297,0.3518518518518518,0.9814814814814816,0,0.0,0.0
reg:cat:8:0,REG,3,COR1,1,0,False,0,0.0,0,False,0.0,0.0,0.0,0.0,0,0.0,0.0
reg:cat:8:0,REG,3,MUL1,1,0,False,0,0.0,0,False,0.0,0.0,0.0,0.0,4,0.6666666666666666,1.0
reg:cat:8:0,REG,3,OPEN,1,0,False,0,0.0,0,False,0.0,0.0,0.0,0.0,6,1.0,1.0
reg:cat:8:0,REG,3,SPB1,1,0,False,0,0.0,0,False,0.0,0.0,0.0,0.0,0,0.0,0.0
reg:cat:8:0,REG,3,SPL1,1,0,False,0,0.0,0,False,0.0,0.0,0.0,0.0,6,1.0,1.0
reg:cat:8:1,REG,3,BOT1,1,0,False,2,0.3333333333333333,0,False,0.6111111111111112,0.6111111111111112,0.3703703703703703,0.9814814814814816,0,0.0,0.0
reg:cat:8:1,REG,3,COR1,1,0,False,0,0.0,0,False,0.0,0.0,0.0,0.0,0,0.0,0.0
reg:cat:8:1,REG,3,MUL1,1,0,False,0,0.0,0,False,0.0,0.0,0.0,0.0,4,0.6666666666666666,1.0
reg:cat:8:1,REG,3,OPEN,1,0,False,0,0.0,0,False,0.0,0.0,0.0,0.0,6,1.0,1.0
reg:cat:8:1,REG,3,SPB1,1,0,False,0,0.0,0,False,0.0,0.0,0.0,0.0,0,0.0,0.0
reg:cat:8:1,REG,3,SPL1,1,0,False,0,0.0,0,False,0.0,0.0,0.0,0.0,6,1.0,1.0
reg:cat:8:2,REG,3,BOT1,1,0,False,2,0.3333333333333333,0,False,0.6296296296296297,0.6296296296296297,0.3518518518518518,0.9814814814814816,0,0.0,0.0
reg:cat:8:2,REG,3,COR1,1,0,False,0,0.0,0,False,0.0,0.0,0.0,0.0,0,0.0,0.0
reg:cat:8:2,REG,3,MUL1,1,0,False,0,0.0,0,False,0.0,0.0,0.0,0.0,4,0.6666666666666666,1.0
reg:cat:8:2,REG,3,OPEN,1,0,False,0,0.0,0,False,0.0,0.0,0.0,0.0,6,1.0,1.0
reg:cat:8:2,REG,3,SPB1,1,0,False,0,0.0,0,False,0.0,0.0,0.0,0.0,0,0.0,0.0
reg:cat:8:2,REG,3,SPL1,1,0,False,0,0.0,0,False,0.0,0.0,0.0,0.0,6,1.0,1.0
reg:house:3:0,REG,3,BOT1,1,0,False,2,0.3333333333333333,0,False,0.6172839506172839,0.6172839506172839,0.3703703703703703,0.9876543209876544,2,0.3333333333333333,0.6666666666666666
reg:house:3:0,REG,3,COR1,1,0,False,0,0.0,0,False,0.0,0.0,0.0,0.0,4,0.6666666666666666,1.0
reg:house:3:0,REG,3,MUL1,1,0,False,0,0.0,0,False,0.0,0.0,0.0,0.0,6,1.0,1.0
reg:house:3:0,REG,3,OPEN,1,0,False,0,0.0,0,False,0.0,0.0,0.0,0.0,6,1.0,1.0
reg:house:3:0,REG,3,SPB1,1,0,False,0,0.0,0,False,0.0,0.0,0.0,0.0,6,1.0,1.0
reg:house:3:0,REG,3,SPL1,1,0,False,0,0.0,0,False,0.0,0.0,0.0,0.0,6,1.0,1.0
reg:house:4:0,REG,3,BOT1,1,0,False,2,0.3333333333333333,0,False,0.6172839506172839,0.6172839506172839,0.3703703703703703,0.9876543209876544,0,0.0,0.0
reg:house:4:0,REG,3,COR1,1,0,False,0,0.0,0,False,0.0,0.0,0.0,0.0,2,0.3333333333333333,0.6666666666666666
reg:house:4:0,REG,3,MUL1,1,0,False,0,0.0,0,False,0.0,0.0,0.0,0.0,4,0.6666666666666666,1.0
reg:house:4:0,REG,3,OPEN,1,0,False,0,0.0,0,False,0.0,0.0,0.0,0.0,6,1.0,1.0
reg:house:4:0,REG,3,SPB1,1,0,False,0,0.0,0,False,0.0,0.0,0.0,0.0,4,0.6666666666666666,1.0
reg:house:4:0,REG,3,SPL1,1,0,False,0,0.0,0,False,0.0,0.0,0.0,0.0,6,1.0,1.0
reg:house:5:0,REG,3,BOT1,1,0,False,2,0.3333333333333333,0,False,0.7283950617283951,0.7283950617283951,0.2592592592592592,0.9876543209876544,0,0.0,0.0
reg:house:5:0,REG,3,COR1,1,0,False,0,0.0,0,False,0.0,0.0,0.0,0.0,0,0.0,0.0
reg:house:5:0,REG,3,MUL1,1,0,False,0,0.0,0,False,0.0,0.0,0.0,0.0,2,0.3333333333333333,0.6666666666666666
reg:house:5:0,REG,3,OPEN,1,0,False,0,0.0,0,False,0.0,0.0,0.0,0.0,6,1.0,1.0
reg:house:5:0,REG,3,SPB1,1,0,False,0,0.0,0,False,0.0,0.0,0.0,0.0,2,0.3333333333333333,0.6666666666666666
reg:house:5:0,REG,3,SPL1,1,0,False,0,0.0,0,False,0.0,0.0,0.0,0.0,6,1.0,1.0
reg:house:6:0,REG,3,BOT1,1,0,False,2,0.3333333333333333,0,False,0.654320987654321,0.654320987654321,0.3333333333333333,0.9876543209876544,0,0.0,0.0
reg:house:6:0,REG,3,COR1,1,0,False,0,0.0,0,False,0.0,0.0,0.0,0.0,0,0.0,0.0
reg:house:6:0,REG,3,MUL1,1,0,False,0,0.0,0,False,0.0,0.0,0.0,0.0,2,0.3333333333333333,0.6666666666666666
reg:house:6:0,REG,3,OPEN,1,0,False,0,0.0,0,False,0.0,0.0,0.0,0.0,6,1.0,1.0
reg:house:6:0,REG,3,SPB1,1,0,False,0,0.0,0,False,0.0,0.0,0.0,0.0,2,0.3333333333333333,0.6666666666666666
reg:house:6:0,REG,3,SPL1,1,0,False,0,0.0,0,False,0.0,0.0,0.0,0.0,6,1.0,1.0
reg:house:8:0,REG,3,BOT1,1,0,False,2,0.3333333333333333,0,False,0.691358024691358,0.691358024691358,0.2962962962962963,0.9876543209876544,0,0.0,0.0
reg:house:8:0,REG,3,COR1,1,0,False,0,0.0,0,False,0.0,0.0,0.0,0.0,0,0.0,0.0
reg:house:8:0,REG,3,MUL1,1,0,False,0,0.0,0,False,0.0,0.0,0.0,0.0,4,0.6666666666666666,1.0
reg:house:8:0,REG,3,OPEN,1,0,False,0,0.0,0,False,0.0,0.0,0.0,0.0,6,1.0,1.0
reg:house:8:0,REG,3,SPB1,1,0,False,0,0.0,0,False,0.0,0.0,0.0,0.0,2,0.3333333333333333,0.6666666666666666
reg:house:8:0,REG,3,SPL1,1,0,False,0,0.0,0,False,0.0,0.0,0.0,0.0,6,1.0,1.0
reg:house:8:1,REG,3,BOT1,1,0,False,2,0.3333333333333333,0,False,0.691358024691358,0.691358024691358,0.2962962962962963,0.9876543209876544,0,0.0,0.0
reg:house:8:1,REG,3,COR1,1,0,False,0,0.0,0,False,0.0,0.0,0.0,0.0,0,0.0,0.0
reg:house:8:1,REG,3,MUL1,1,0,False,0,0.0,0,False,0.0,0.0,0.0,0.0,4,0.6666666666666666,1.0
reg:house:8:1,REG,3,OPEN,1,0,False,0,0.0,0,False,0.0,0.0,0.0,0.0,6,1.0,1.0
reg:house:8:1,REG,3,SPB1,1,0,False,0,0.0,0,False,0.0,0.0,0.0,0.0,2,0.3333333333333333,0.6666666666666666
reg:house:8:1,REG,3,SPL1,1,0,False,0,0.0,0,False,0.0,0.0,0.0,0.0,6,1.0,1.0
reg:house:8:2,REG,3,BOT1,1,0,False,2,0.3333333333333333,0,False,0.6419753086419753,0.6419753086419753,0.345679012345679,0.9876543209876544,0,0.0,0.0
reg:house:8:2,REG,3,COR1,1,0,False,0,0.0,0,False,0.0,0.0,0.0,0.0,0,0.0,0.0
reg:house:8:3,REG,3,SPB1,1,0,False,0,0.0,0,False,0.0,0.0,0.0,0.0,2,0.3333333333333333,0.6666666666666666
reg:house:8:3,REG,3,SPL1,1,0,False,0,0.0,0,False,0.0,0.0,0.0,0.0,6,1.0,1.0
reg:house:8:4,REG,3,BOT1,1,0,False,2,0.3333333333333333,0,False,0.691358024691358,0.691358024691358,0.2962962962962963,0.9876543209876544,0,0.0,0.0
reg:house:8:4,REG,3,COR1,1,0,False,0,0.0,0,False,0.0,0.0,0.0,0.0,0,0.0,0.0
reg:house:8:4,REG,3,MUL1,1,0,False,0,0.0,0,False,0.0,0.0,0.0,0.0,2,0.3333333333333333,0.6666666666666666
reg:house:8:4,REG,3,OPEN,1,0,False,0,0.0,0,False,0.0,0.0,0.0,0.0,6,1.0,1.0
reg:house:8:4,REG,3,SPB1,1,0,False,0,0.0,0,False,0.0,0.0,0.0,0.0,2,0.3333333333333333,0.6666666666666666
reg:house:8:4,REG,3,SPL1,1,0,False,0,0.0,0,False,0.0,0.0,0.0,0.0,6,1.0,1.0
reg:house:8:2,REG,3,MUL1,1,0,False,0,0.0,0,False,0.0,0.0,0.0,0.0,4,0.6666666666666666,1.0
reg:house:8:2,REG,3,OPEN,1,0,False,0,0.0,0,False,0.0,0.0,0.0,0.0,6,1.0,1.0
reg:house:8:2,REG,3,SPB1,1,0,False,0,0.0,0,False,0.0,0.0,0.0,0.0,2,0.3333333333333333,0.6666666666666666
reg:house:8:2,REG,3,SPL1,1,0,False,0,0.0,0,False,0.0,0.0,0.0,0.0,6,1.0,1.0
reg:house:8:3,REG,3,BOT1,1,0,False,2,0.3333333333333333,0,False,0.691358024691358,0.691358024691358,0.2962962962962963,0.9876543209876544,0,0.0,0.0
reg:house:8:3,REG,3,COR1,1,0,False,0,0.0,0,False,0.0,0.0,0.0,0.0,0,0.0,0.0
reg:house:8:3,REG,3,MUL1,1,0,False,0,0.0,0,False,0.0,0.0,0.0,0.0,2,0.3333333333333333,0.6666666666666666
reg:house:8:3,REG,3,OPEN,1,0,False,0,0.0,0,False,0.0,0.0,0.0,0.0,6,1.0,1.0
reg:house:8:6,REG,3,MUL1,1,0,False,0,0.0,0,False,0.0,0.0,0.0,0.0,2,0.3333333333333333,0.6666666666666666
reg:house:8:6,REG,3,OPEN,1,0,False,0,0.0,0,False,0.0,0.0,0.0,0.0,6,1.0,1.0
reg:house:8:6,REG,3,SPB1,1,0,False,0,0.0,0,False,0.0,0.0,0.0,0.0,0,0.0,0.0
reg:house:8:6,REG,3,SPL1,1,0,False,0,0.0,0,False,0.0,0.0,0.0,0.0,6,1.0,1.0
reg:house:8:7,REG,3,BOT1,1,0,False,2,0.3333333333333333,0,False,0.6419753086419753,0.6419753086419753,0.345679012345679,0.9876543209876544,0,0.0,0.0
reg:house:8:7,REG,3,COR1,1,0,False,0,0.0,0,False,0.0,0.0,0.0,0.0,0,0.0,0.0
reg:house:8:7,REG,3,MUL1,1,0,False,0,0.0,0,False,0.0,0.0,0.0,0.0,4,0.6666666666666666,1.0
reg:house:8:7,REG,3,OPEN,1,0,False,0,0.0,0,False,0.0,0.0,0.0,0.0,6,1.0,1.0
reg:house:8:5,REG,3,BOT1,1,0,False,2,0.3333333333333333,0,False,0.7654320987654321,0.7654320987654321,0.2222222222222222,0.9876543209876544,0,0.0,0.0
reg:house:8:5,REG,3,COR1,1,0,False,0,0.0,0,False,0.0,0.0,0.0,0.0,0,0.0,0.0
reg:house:8:5,REG,3,MUL1,1,0,False,0,0.0,0,False,0.0,0.0,0.0,0.0,4,0.6666666666666666,1.0
reg:house:8:5,REG,3,OPEN,1,0,False,0,0.0,0,False,0.0,0.0,0.0,0.0,6,1.0,1.0
reg:house:8:5,REG,3,SPB1,1,0,False,0,0.0,0,False,0.0,0.0,0.0,0.0,2,0.3333333333333333,0.6666666666666666
reg:house:8:5,REG,3,SPL1,1,0,False,0,0.0,0,False,0.0,0.0,0.0,0.0,6,1.0,1.0
reg:house:8:6,REG,3,BOT1,1,0,False,2,0.3333333333333333,0,False,0.7160493827160493,0.7160493827160493,0.2716049382716049,0.9876543209876544,0,0.0,0.0
reg:house:8:6,REG,3,COR1,1,0,False,0,0.0,0,False,0.0,0.0,0.0,0.0,0,0.0,0.0
reg:house:8:7,REG,3,SPB1,1,0,False,0,0.0,0,False,0.0,0.0,0.0,0.0,2,0.3333333333333333,0.6666666666666666
reg:house:8:7,REG,3,SPL1,1,0,False,0,0.0,0,False,0.0,0.0,0.0,0.0,6,1.0,1.0
reg:house:8:8,REG,3,BOT1,1,0,False,2,0.3333333333333333,0,False,0.7654320987654321,0.7654320987654321,0.2222222222222222,0.9876543209876544,0,0.0,0.0
reg:house:8:8,REG,3,COR1,1,0,False,0,0.0,0,False,0.0,0.0,0.0,0.0,0,0.0,0.0
reg:house:8:8,REG,3,MUL1,1,0,False,0,0.0,0,False,0.0,0.0,0.0,0.0,4,0.6666666666666666,1.0
reg:house:8:8,REG,3,OPEN,1,0,False,0,0.0,0,False,0.0,0.0,0.0,0.0,6,1.0,1.0
reg:house:8:8,REG,3,SPB1,1,0,False,0,0.0,0,False,0.0,0.0,0.0,0.0,2,0.3333333333333333,0.6666666666666666
reg:house:8:8,REG,3,SPL1,1,0,False,0,0.0,0,False,0.0,0.0,0.0,0.0,6,1.0,1.0
reg:human:10:0,REG,3,BOT1,1,0,False,2,0.3333333333333333,0,False,0.5492957746478874,0.5492957746478874,0.4366197183098591,0.9859154929577464,2,0.3333333333333333,0.6666666666666666
reg:human:10:0,REG,3,COR1,1,0,False,0,0.0,0,False,0.0,0.0,0.0,0.0,2,0.3333333333333333,0.6666666666666666
reg:human:10:0,REG,3,MUL1,1,0,False,0,0.0,0,False,0.0,0.0,0.0,0.0,2,0.3333333333333333,0.6666666666666666
reg:human:10:0,REG,3,OPEN,1,0,False,0,0.0,0,False,0.0,0.0,0.0,0.0,6,1.0,1.0
reg:human:10:0,REG,3,SPB1,1,0,False,0,0.0,0,False,0.0,0.0,0.0,0.0,0,0.0,0.0
reg:human:10:0,REG,3,SPL1,1,0,False,0,0.0,0,False,0.0,0.0,0.0,0.0,6,1.0,1.0
reg:human:10:1,REG,3,BOT1,1,0,False,2,0.3333333333333333,0,False,0.5915492957746479,0.5915492957746479,0.3943661971830985,0.9859154929577464,0,0.0,0.0
reg:human:10:1,REG,3,COR1,1,0,False,0,0.0,0,False,0.0,0.0,0.0,0.0,2,0.3333333333333333,0.6666666666666666
reg:human:10:1,REG,3,MUL1,1,0,False,0,0.0,0,False,0.0,0.0,0.0,0.0,2,0.3333333333333333,0.6666666666666666
reg:human:10:1,REG,3,OPEN,1,0,False,0,0.0,0,False,0.0,0.0,0.0,0.0,6,1.0,1.0
reg:human:10:1,REG,3,SPB1,1,0,False,0,0.0,0,False,0.0,0.0,0.0,0.0,0,0.0,0.0
reg:human:10:1,REG,3,SPL1,1,0,False,0,0.0,0,False,0.0,0.0,0.0,0.0,6,1.0,1.0
reg:human:10:10,REG,3,BOT1,1,0,False,2,0.3333333333333333,0,False,0.8450704225352113,0.8450704225352113,0.1408450704225352,0.9859154929577464,0,0.0,0.0
reg:human:10:10,REG,3,COR1,1,0,False,0,0.0,0,False,0.0,0.0,0.0,0.0,2,0.3333333333333333,0.6666666666666666
reg:human:10:10,REG,3,MUL1,1,0,False,0,0.0,0,False,0.0,0.0,0.0,0.0,2,0.3333333333333333,0.6666666666666666
reg:human:10:10,REG,3,OPEN,1,0,False,0,0.0,0,False,0.0,0.0,0.0,0.0,6,1.0,1.0
reg:human:10:10,REG,3,SPB1,1,0,False,0,0.0,0,False,0.0,0.0,0.0,0.0,0,0.0,0.0
reg:human:10:10,REG,3,SPL1,1,0,False,0,0.0,0,False,0.0,0.0,0.0,0.0,6,1.0,1.0
reg:human:10:11,REG,3,BOT1,1,0,False,2,0.3333333333333333,0,False,0.6901408450704225,0.6901408450704225,0.2957746478873239,0.9859154929577464,2,0.3333333333333333,0.6666666666666666
reg:human:10:11,REG,3,COR1,1,0,False,0,0.0,0,False,0.0,0.0,0.0,0.0,2,0.3333333333333333,0.6666666666666666
reg:human:10:11,REG,3,MUL1,1,0,False,0,0.0,0,False,0.0,0.0,0.0,0.0,2,0.3333333333333333,0.6666666666666666
reg:human:10:11,REG,3,OPEN,1,0,False,0,0.0,0,False,0.0,0.0,0.0,0.0,6,1.0,1.0
reg:human:10:11,REG,3,SPB1,1,0,False,0,0.0,0,False,0.0,0.0,0.0,0.0,0,0.0,0.0
reg:human:10:11,REG,3,SPL1,1,0,False,0,0.0,0,False,0.0,0.0,0.0,0.0,6,1.0,1.0
reg:human:10:12,REG,3,BOT1,1,0,False,2,0.3333333333333333,0,False,0.5492957746478874,0.5492957746478874,0.4366197183098591,0.9859154929577464,2,0.3333333333333333,0.6666666666666666
reg:human:10:12,REG,3,COR1,1,0,False,0,0.0,0,False,0.0,0.0,0.0,0.0,2,0.3333333333333333,0.6666666666666666
reg:human:10:12,REG,3,MUL1,1,0,False,0,0.0,0,False,0.0,0.0,0.0,0.0,2,0.3333333333333333,0.6666666666666666
reg:human:10:12,REG,3,OPEN,1,0,False,0,0.0,0,False,0.0,0.0,0.0,0.0,6,1.0,1.0
reg:human:10:12,REG,3,SPB1,1,0,False,0,0.0,0,False,0.0,0.0,0.0,0.0,0,0.0,0.0
reg:human:10:12,REG,3,SPL1,1,0,False,0,0.0,0,False,0.0,0.0,0.0,0.0,6,1.0,1.0
reg:human:10:13,REG,3,BOT1,1,0,False,2,0.3333333333333333,0,False,0.5492957746478874,0.5492957746478874,0.4366197183098591,0.9859154929577464,2,0.3333333333333333,0.6666666666666666
reg:human:10:13,REG,3,COR1,1,0,False,0,0.0,0,False,0.0,0.0,0.0,0.0,4,0.6666666666666666,1.0
reg:human:10:14,REG,3,SPB1,1,0,False,0,0.0,0,False,0.0,0.0,0.0,0.0,0,0.0,0.0
reg:human:10:14,REG,3,SPL1,1,0,False,0,0.0,0,False,0.0,0.0,0.0,0.0,6,1.0,1.0
reg:human:10:15,REG,3,BOT1,1,0,False,2,0.3333333333333333,0,False,0.6619718309859155,0.6619718309859155,0.323943661971831,0.9859154929577464,0,0.0,0.0
reg:human:10:15,REG,3,COR1,1,0,False,0,0.0,0,False,0.0,0.0,0.0,0.0,4,0.6666666666666666,1.0
reg:human:10:15,REG,3,MUL1,1,0,False,0,0.0,0,False,0.0,0.0,0.0,0.0,4,0.6666666666666666,1.0
reg:human:10:15,REG,3,OPEN,1,0,False,0,0.0,0,False,0.0,0.0,0.0,0.0,6,1.0,1.0
reg:human:10:15,REG,3,SPB1,1,0,False,0,0.0,0,False,0.0,0.0,0.0,0.0,2,0.3333333333333333,0.6666666666666666
reg:human:10:15,REG,3,SPL1,1,0,False,0,0.0,0,False,0.0,0.0,0.0,0.0,6,1.0,1.0
reg:human:10:13,REG,3,MUL1,1,0,False,0,0.0,0,False,0.0,0.0,0.0,0.0,4,0.6666666666666666,1.0
reg:human:10:13,REG,3,OPEN,1,0,False,0,0.0,0,False,0.0,0.0,0.0,0.0,6,1.0,1.0
reg:human:10:13,REG,3,SPB1,1,0,False,0,0.0,0,False,0.0,0.0,0.0,0.0,2,0.3333333333333333,0.6666666666666666
reg:human:10:13,REG,3,SPL1,1,0,False,0,0.0,0,False,0.0,0.0,0.0,0.0,6,1.0,1.0
reg:human:10:14,REG,3,BOT1,1,0,False,2,0.3333333333333333,0,False,0.7183098591549296,0.7183098591549296,0.2676056338028169,0.9859154929577464,0,0.0,0.0
reg:human:10:14,REG,3,COR1,1,0,False,0,0.0,0,False,0.0,0.0,0.0,0.0,2,0.3333333333333333,0.6666666666666666
reg:human:10:14,REG,3,MUL1,1,0,False,0,0.0,0,False,0.0,0.0,0.0,0.0,2,0.3333333333333333,0.6666666666666666
reg:human:10:14,REG,3,OPEN,1,0,False,0,0.0,0,False,0.0,0.0,0.0,0.0,6,1.0,1.0
reg:human:10:16,REG,3,BOT1,1,0,False,2,0.3333333333333333,0,False,0.6338028169014085,0.6338028169014085,0.352112676056338,0.9859154929577464,2,0.3333333333333333,0.6666666666666666
reg:human:10:16,REG,3,COR1,1,0,False,0,0.0,0,False,0.0,0.0,0.0,0.0,4,0.6666666666666666,1.0
reg:human:10:16,REG,3,MUL1,1,0,False,0,0.0,0,False,0.0,0.0,0.0,0.0,4,0.6666666666666666,1.0
reg:human:10:16,REG,3,OPEN,1,0,False,0,0.0,0,False,0.0,0.0,0.0,0.0,6,1.0,1.0
reg:human:10:16,REG,3,SPB1,1,0,False,0,0.0,0,False,0.0,0.0,0.0,0.0,2,0.3333333333333333,0.6666666666666666
reg:human:10:16,REG,3,SPL1,1,0,False,0,0.0,0,False,0.0,0.0,0.0,0.0,6,1.0,1.0
reg:human:10:17,REG,3,BOT1,1,0,False,2,0.3333333333333333,0,False,0.676056338028169,0.676056338028169,0.3098591549295774,0.9859154929577464,0,0.0,0.0
reg:human:10:17,REG,3,COR1,1,0,False,0,0.0,0,False,0.0,0.0,0.0,0.0,2,0.3333333333333333,0.6666666666666666
reg:human:10:17,REG,3,MUL1,1,0,False,0,0.0,0,False,0.0,0.0,0.0,0.0,2,0.3333333333333333,0.6666666666666666
reg:human:10:17,REG,3,OPEN,1,0,False,0,0.0,0,False,0.0,0.0,0.0,0.0,6,1.0,1.0
reg:human:10:17,REG,3,SPB1,1,0,False,0,0.0,0,False,0.0,0.0,0.0,0.0,0,0.0,0.0
reg:human:10:17,REG,3,SPL1,1,0,False,0,0.0,0,False,0.0,0.0,0.0,0.0,6,1.0,1.0
reg:human:10:18,REG,3,BOT1,1,0,False,2,0.3333333333333333,0,False,0.5492957746478874,0.5492957746478874,0.4366197183098591,0.9859154929577464,2,0.3333333333333333,0.6666666666666666
reg:human:10:18,REG,3,COR1,1,0,False,0,0.0,0,False,0.0,0.0,0.0,0.0,2,0.3333333333333333,0.6666666666666666
reg:human:10:18,REG,3,MUL1,1,0,False,0,0.0,0,False,0.0,0.0,0.0,0.0,2,0.3333333333333333,0.6666666666666666
reg:human:10:18,REG,3,OPEN,1,0,False,0,0.0,0,False,0.0,0.0,0.0,0.0,6,1.0,1.0
reg:human:10:18,REG,3,SPB1,1,0,False,0,0.0,0,False,0.0,0.0,0.0,0.0,0,0.0,0.0
reg:human:10:18,REG,3,SPL1,1,0,False,0,0.0,0,False,0.0,0.0,0.0,0.0,6,1.0,1.0
reg:human:10:19,REG,3,BOT1,1,0,False,2,0.3333333333333333,0,False,0.7746478873239436,0.7746478873239436,0.2112676056338028,0.9859154929577464,2,0.3333333333333333,0.6666666666666666
reg:human:10:19,REG,3,COR1,1,0,False,0,0.0,0,False,0.0,0.0,0.0,0.0,4,0.6666666666666666,1.0
reg:human:10:19,REG,3,MUL1,1,0,False,0,0.0,0,False,0.0,0.0,0.0,0.0,4,0.6666666666666666,1.0
reg:human:10:19,REG,3,OPEN,1,0,False,0,0.0,0,False,0.0,0.0,0.0,0.0,6,1.0,1.0
reg:human:10:19,REG,3,SPB1,1,0,False,0,0.0,0,False,0.0,0.0,0.0,0.0,2,0.3333333333333333,0.6666666666666666
reg:human:10:19,REG,3,SPL1,1,0,False,0,0.0,0,False,0.0,0.0,0.0,0.0,6,1.0,1.0
reg:human:10:2,REG,3,BOT1,1,0,False,2,0.3333333333333333,0,False,0.8169014084507042,0.8169014084507042,0.1690140845070422,0.9859154929577464,0,0.0,0.0
reg:human:10:2,REG,3,COR1,1,0,False,0,0.0,0,False,0.0,0.0,0.0,0.0,2,0.3333333333333333,0.6666666666666666
reg:human:10:2,REG,3,MUL1,1,0,False,0,0.0,0,False,0.0,0.0,0.0,0.0,4,0.6666666666666666,1.0
reg:human:10:2,REG,3,OPEN,1,0,False,0,0.0,0,False,0.0,0.0,0.0,0.0,6,1.0,1.0
reg:human:10:2,REG,3,SPB1,1,0,False,0,0.0,0,False,0.0,0.0,0.0,0.0,0,0.0,0.0
reg:human:10:2,REG,3,SPL1,1,0,False,0,0.0,0,False,0.0,0.0,0.0,0.0,6,1.0,1.0
reg:human:10:20,REG,3,BOT1,1,0,False,2,0.3333333333333333,0,False,0.5492957746478874,0.5492957746478874,0.4366197183098591,0.9859154929577464,2,0.3333333333333333,0.6666666666666666
reg:human:10:20,REG,3,COR1,1,0,False,0,0.0,0,False,0.0,0.0,0.0,0.0,4,0.6666666666666666,1.0
reg:human:10:20,REG,3,MUL1,1,0,False,0,0.0,0,False,0.0,0.0,0.0,0.0,4,0.6666666666666666,1.0
reg:human:10:20,REG,3,OPEN,1,0,False,0,0.0,0,False,0.0,0.0,0.0,0.0,6,1.0,1.0
reg:human:10:20,REG,3,SPB1,1,0,False,0,0.0,0,False,0.0,0.0,0.0,0.0,2,0.3333333333333333,0.6666666666666666
reg:human:10:20,REG,3,SPL1,1,0,False,0,0.0,0,False,0.0,0.0,0.0,0.0,6,1.0,1.0
reg:human:10:21,REG,3,BOT1,1,0,False,2,0.3333333333333333,0,False,0.5492957746478874,0.5492957746478874,0.4366197183098591,0.9859154929577464,2,0.3333333333333333,0.6666666666666666
reg:human:10:21,REG,3,COR1,1,0,False,0,0.0,0,False,0.0,0.0,0.0,0.0,4,0.6666666666666666,1.0
reg:human:10:21,REG,3,MUL1,1,0,False,0,0.0,0,False,0.0,0.0,0.0,0.0,4,0.6666666666666666,1.0
reg:human:10:21,REG,3,OPEN,1,0,False,0,0.0,0,False,0.0,0.0,0.0,0.0,6,1.0,1.0
reg:human:10:21,REG,3,SPB1,1,0,False,0,0.0,0,False,0.0,0.0,0.0,0.0,2,0.3333333333333333,0.6666666666666666
reg:human:10:21,REG,3,SPL1,1,0,False,0,0.0,0,False,0.0,0.0,0.0,0.0,6,1.0,1.0
reg:human:10:22,REG,3,BOT1,1,0,False,2,0.3333333333333333,0,False,0.6619718309859155,0.6619718309859155,0.323943661971831,0.9859154929577464,0,0.0,0.0
reg:human:10:22,REG,3,COR1,1,0,False,0,0.0,0,False,0.0,0.0,0.0,0.0,2,0.3333333333333333,0.6666666666666666
reg:human:10:22,REG,3,MUL1,1,0,False,0,0.0,0,False,0.0,0.0,0.0,0.0,2,0.3333333333333333,0.6666666666666666
reg:human:10:22,REG,3,OPEN,1,0,False,0,0.0,0,False,0.0,0.0,0.0,0.0,6,1.0,1.0
reg:human:10:22,REG,3,SPB1,1,0,False,0,0.0,0,False,0.0,0.0,0.0,0.0,0,0.0,0.0
reg:human:10:22,REG,3,SPL1,1,0,False,0,0.0,0,False,0.0,0.0,0.0,0.0,6,1.0,1.0
reg:human:10:23,REG,3,BOT1,1,0,False,2,0.3333333333333333,0,False,0.5492957746478874,0.5492957746478874,0.4366197183098591,0.9859154929577464,2,0.3333333333333333,0.6666666666666666
reg:human:10:23,REG,3,COR1,1,0,False,0,0.0,0,False,0.0,0.0,0.0,0.0,2,0.3333333333333333,0.6666666666666666
reg:human:10:23,REG,3,MUL1,1,0,False,0,0.0,0,False,0.0,0.0,0.0,0.0,4,0.6666666666666666,1.0
reg:human:10:23,REG,3,OPEN,1,0,False,0,0.0,0,False,0.0,0.0,0.0,0.0,6,1.0,1.0
reg:human:10:23,REG,3,SPB1,1,0,False,0,0.0,0,False,0.0,0.0,0.0,0.0,2,0.3333333333333333,0.6666666666666666
reg:human:10:23,REG,3,SPL1,1,0,False,0,0.0,0,False,0.0,0.0,0.0,0.0,6,1.0,1.0
reg:human:10:24,REG,3,BOT1,1,0,False,2,0.3333333333333333,0,False,0.6056338028169014,0.6056338028169014,0.380281690140845,0.9859154929577464,2,0.3333333333333333,0.6666666666666666
reg:human:10:24,REG,3,COR1,1,0,False,0,0.0,0,False,0.0,0.0,0.0,0.0,4,0.6666666666666666,1.0
reg:human:10:24,REG,3,MUL1,1,0,False,0,0.0,0,False,0.0,0.0,0.0,0.0,4,0.6666666666666666,1.0
reg:human:10:24,REG,3,OPEN,1,0,False,0,0.0,0,False,0.0,0.0,0.0,0.0,6,1.0,1.0
reg:human:10:24,REG,3,SPB1,1,0,False,0,0.0,0,False,0.0,0.0,0.0,0.0,2,0.3333333333333333,0.6666666666666666
reg:human:10:24,REG,3,SPL1,1,0,False,0,0.0,0,False,0.0,0.0,0.0,0.0,6,1.0,1.0
reg:human:10:25,REG,3,BOT1,1,0,False,2,0.3333333333333333,0,False,0.5492957746478874,0.5492957746478874,0.4366197183098591,0.9859154929577464,2,0.3333333333333333,0.6666666666666666
reg:human:10:25,REG,3,COR1,1,0,False,0,0.0,0,False,0.0,0.0,0.0,0.0,2,0.3333333333333333,0.6666666666666666
reg:human:10:25,REG,3,MUL1,1,0,False,0,0.0,0,False,0.0,0.0,0.0,0.0,2,0.3333333333333333,0.6666666666666666
reg:human:10:25,REG,3,OPEN,1,0,False,0,0.0,0,False,0.0,0.0,0.0,0.0,6,1.0,1.0
reg:human:10:25,REG,3,SPB1,1,0,False,0,0.0,0,False,0.0,0.0,0.0,0.0,0,0.0,0.0
reg:human:10:25,REG,3,SPL1,1,0,False,0,0.0,0,False,0.0,0.0,0.0,0.0,6,1.0,1.0
reg:human:10:26,REG,3,BOT1,1,0,False,2,0.3333333333333333,0,False,0.5492957746478874,0.5492957746478874,0.4366197183098591,0.9859154929577464,2,0.3333333333333333,0.6666666666666666
reg:human:10:26,REG,3,COR1,1,0,False,0,0.0,0,False,0.0,0.0,0.0,0.0,2,0.3333333333333333,0.6666666666666666
reg:human:10:26,REG,3,MUL1,1,0,False,0,0.0,0,False,0.0,0.0,0.0,0.0,2,0.3333333333333333,0.6666666666666666
reg:human:10:26,REG,3,OPEN,1,0,False,0,0.0,0,False,0.0,0.0,0.0,0.0,6,1.0,1.0
reg:human:10:26,REG,3,SPB1,1,0,False,0,0.0,0,False,0.0,0.0,0.0,0.0,0,0.0,0.0
reg:human:10:26,REG,3,SPL1,1,0,False,0,0.0,0,False,0.0,0.0,0.0,0.0,6,1.0,1.0
reg:human:10:27,REG,3,BOT1,1,0,False,2,0.3333333333333333,0,False,0.5492957746478874,0.5492957746478874,0.4366197183098591,0.9859154929577464,2,0.3333333333333333,0.6666666666666666
reg:human:10:27,REG,3,COR1,1,0,False,0,0.0,0,False,0.0,0.0,0.0,0.0,2,0.3333333333333333,0.6666666666666666
reg:human:10:27,REG,3,MUL1,1,0,False,0,0.0,0,False,0.0,0.0,0.0,0.0,2,0.3333333333333333,0.6666666666666666
reg:human:10:27,REG,3,OPEN,1,0,False,0,0.0,0,False,0.0,0.0,0.0,0.0,6,1.0,1.0
reg:human:10:27,REG,3,SPB1,1,0,False,0,0.0,0,False,0.0,0.0,0.0,0.0,0,0.0,0.0
reg:human:10:27,REG,3,SPL1,1,0,False,0,0.0,0,False,0.0,0.0,0.0,0.0,6,1.0,1.0
reg:human:10:28,REG,3,BOT1,1,0,False,2,0.3333333333333333,0,False,0.7464788732394366,0.7464788732394366,0.2394366197183098,0.9859154929577464,0,0.0,0.0
reg:human:10:28,REG,3,COR1,1,0,False,0,0.0,0,False,0.0,0.0,0.0,0.0,4,0.6666666666666666,1.0
reg:human:10:29,REG,3,SPB1,1,0,False,0,0.0,0,False,0.0,0.0,0.0,0.0,0,0.0,0.0
reg:human:10:29,REG,3,SPL1,1,0,False,0,0.0,0,False,0.0,0.0,0.0,0.0,6,1.0,1.0
reg:human:10:3,REG,3,BOT1,1,0,False,2,0.3333333333333333,0,False,0.676056338028169,0.676056338028169,0.3098591549295774,0.9859154929577464,0,0.0,0.0
reg:human:10:3,REG,3,COR1,1,0,False,0,0.0,0,False,0.0,0.0,0.0,0.0,2,0.3333333333333333,0.6666666666666666
reg:human:10:3,REG,3,MUL1,1,0,False,0,0.0,0,False,0.0,0.0,0.0,0.0,4,0.6666666666666666,1.0
reg:human:10:3,REG,3,OPEN,1,0,False,0,0.0,0,False,0.0,0.0,0.0,0.0,6,1.0,1.0
reg:human:10:3,REG,3,SPB1,1,0,False,0,0.0,0,False,0.0,0.0,0.0,0.0,0,0.0,0.0
reg:human:10:3,REG,3,SPL1,1,0,False,0,0.0,0,False,0.0,0.0,0.0,0.0,6,1.0,1.0
reg:human:10:28,REG,3,MUL1,1,0,False,0,0.0,0,False,0.0,0.0,0.0,0.0,4,0.6666666666666666,1.0
reg:human:10:28,REG,3,OPEN,1,0,False,0,0.0,0,False,0.0,0.0,0.0,0.0,6,1.0,1.0
reg:human:10:28,REG,3,SPB1,1,0,False,0,0.0,0,False,0.0,0.0,0.0,0.0,2,0.3333333333333333,0.6666666666666666
reg:human:10:28,REG,3,SPL1,1,0,False,0,0.0,0,False,0.0,0.0,0.0,0.0,6,1.0,1.0
reg:human:10:29,REG,3,BOT1,1,0,False,2,0.3333333333333333,0,False,0.5492957746478874,0.5492957746478874,0.4366197183098591,0.9859154929577464,2,0.3333333333333333,0.6666666666666666
reg:human:10:29,REG,3,COR1,1,0,False,0,0.0,0,False,0.0,0.0,0.0,0.0,2,0.3333333333333333,0.6666666666666666
reg:human:10:29,REG,3,MUL1,1,0,False,0,0.0,0,False,0.0,0.0,0.0,0.0,2,0.3333333333333333,0.6666666666666666
reg:human:10:29,REG,3,OPEN,1,0,False,0,0.0,0,False,0.0,0.0,0.0,0.0,6,1.0,1.0
reg:human:10:30,REG,3,BOT1,1,0,False,2,0.3333333333333333,0,False,0.5492957746478874,0.5492957746478874,0.4366197183098591,0.9859154929577464,2,0.3333333333333333,0.6666666666666666
reg:human:10:30,REG,3,COR1,1,0,False,0,0.0,0,False,0.0,0.0,0.0,0.0,4,0.6666666666666666,1.0
reg:human:10:30,REG,3,MUL1,1,0,False,0,0.0,0,False,0.0,0.0,0.0,0.0,4,0.6666666666666666,1.0
reg:human:10:30,REG,3,OPEN,1,0,False,0,0.0,0,False,0.0,0.0,0.0,0.0,6,1.0,1.0
reg:human:10:30,REG,3,SPB1,1,0,False,0,0.0,0,False,0.0,0.0,0.0,0.0,2,0.3333333333333333,0.6666666666666666
reg:human:10:30,REG,3,SPL1,1,0,False,0,0.0,0,False,0.0,0.0,0.0,0.0,6,1.0,1.0
reg:human:10:31,REG,3,BOT1,1,0,False,2,0.3333333333333333,0,False,0.6901408450704225,0.6901408450704225,0.2957746478873239,0.9859154929577464,2,0.3333333333333333,0.6666666666666666
reg:human:10:31,REG,3,COR1,1,0,False,0,0.0,0,False,0.0,0.0,0.0,0.0,4,0.6666666666666666,1.0
reg:human:10:31,REG,3,MUL1,1,0,False,0,0.0,0,False,0.0,0.0,0.0,0.0,4,0.6666666666666666,1.0
reg:human:10:31,REG,3,OPEN,1,0,False,0,0.0,0,False,0.0,0.0,0.0,0.0,6,1.0,1.0
reg:human:10:31,REG,3,SPB1,1,0,False,0,0.0,0,False,0.0,0.0,0.0,0.0,0,0.0,0.0
reg:human:10:31,REG,3,SPL1,1,0,False,0,0.0,0,False,0.0,0.0,0.0,0.0,6,1.0,1.0
reg:human:10:32,REG,3,BOT1,1,0,False,2,0.3333333333333333,0,False,0.6338028169014085,0.6338028169014085,0.352112676056338,0.9859154929577464,2,0.3333333333333333,0.6666666666666666
reg:human:10:32,REG,3,COR1,1,0,False,0,0.0,0,False,0.0,0.0,0.0,0.0,4,0.6666666666666666,1.0
reg:human:10:32,REG,3,MUL1,1,0,False,0,0.0,0,False,0.0,0.0,0.0,0.0,4,0.6666666666666666,1.0
reg:human:10:32,REG,3,OPEN,1,0,False,0,0.0,0,False,0.0,0.0,0.0,0.0,6,1.0,1.0
reg:human:10:32,REG,3,SPB1,1,0,False,0,0.0,0,False,0.0,0.0,0.0,0.0,2,0.3333333333333333,0.6666666666666666
reg:human:10:32,REG,3,SPL1,1,0,False,0,0.0,0,False,0.0,0.0,0.0,0.0,6,1.0,1.0
reg:human:10:33,REG,3,BOT1,1,0,False,2,0.3333333333333333,0,False,0.6901408450704225,0.6901408450704225,0.2957746478873239,0.9859154929577464,2,0.3333333333333333,0.6666666666666666
reg:human:10:33,REG,3,COR1,1,0,False,0,0.0,0,False,0.0,0.0,0.0,0.0,2,0.3333333333333333,0.6666666666666666
reg:human:10:33,REG,3,MUL1,1,0,False,0,0.0,0,False,0.0,0.0,0.0,0.0,4,0.6666666666666666,1.0
reg:human:10:33,REG,3,OPEN,1,0,False,0,0.0,0,False,0.0,0.0,0.0,0.0,6,1.0,1.0
reg:human:10:33,REG,3,SPB1,1,0,False,0,0.0,0,False,0.0,0.0,0.0,0.0,0,0.0,0.0
reg:human:10:33,REG,3,SPL1,1,0,False,0,0.0,0,False,0.0,0.0,0.0,0.0,6,1.0,1.0
reg:human:10:34,REG,3,BOT1,1,0,False,2,0.3333333333333333,0,False,0.6197183098591549,0.6197183098591549,0.3661971830985915,0.9859154929577464,0,0.0,0.0
reg:human:10:34,REG,3,COR1,1,0,False,0,0.0,0,False,0.0,0.0,0.0,0.0,2,0.3333333333333333,0.6666666666666666
reg:human:10:34,REG,3,MUL1,1,0,False,0,0.0,0,False,0.0,0.0,0.0,0.0,4,0.6666666666666666,1.0
reg:human:10:34,REG,3,OPEN,1,0,False,0,0.0,0,False,0.0,0.0,0.0,0.0,6,1.0,1.0
reg:human:10:34,REG,3,SPB1,1,0,False,0,0.0,0,False,0.0,0.0,0.0,0.0,0,0.0,0.0
reg:human:10:34,REG,3,SPL1,1,0,False,0,0.0,0,False,0.0,0.0,0.0,0.0,6,1.0,1.0
reg:human:10:35,REG,3,BOT1,1,0,False,2,0.3333333333333333,0,False,0.6901408450704225,0.6901408450704225,0.2957746478873239,0.9859154929577464,2,0.3333333333333333,0.6666666666666666
reg:human:10:35,REG,3,COR1,1,0,False,0,0.0,0,False,0.0,0.0,0.0,0.0,4,0.6666666666666666,1.0
reg:human:10:35,REG,3,MUL1,1,0,False,0,0.0,0,False,0.0,0.0,0.0,0.0,4,0.6666666666666666,1.0
reg:human:10:35,REG,3,OPEN,1,0,False,0,0.0,0,False,0.0,0.0,0.0,0.0,6,1.0,1.0
reg:human:10:35,REG,3,SPB1,1,0,False,0,0.0,0,False,0.0,0.0,0.0,0.0,2,0.3333333333333333,0.6666666666666666
reg:human:10:35,REG,3,SPL1,1,0,False,0,0.0,0,False,0.0,0.0,0.0,0.0,6,1.0,1.0
reg:human:10:36,REG,3,BOT1,1,0,False,2,0.3333333333333333,0,False,0.7183098591549296,0.7183098591549296,0.2676056338028169,0.9859154929577464,0,0.0,0.0
reg:human:10:36,REG,3,COR1,1,0,False,0,0.0,0,False,0.0,0.0,0.0,0.0,2,0.3333333333333333,0.6666666666666666
reg:human:10:36,REG,3,MUL1,1,0,False,0,0.0,0,False,0.0,0.0,0.0,0.0,2,0.3333333333333333,0.6666666666666666
reg:human:10:36,REG,3,OPEN,1,0,False,0,0.0,0,False,0.0,0.0,0.0,0.0,6,1.0,1.0
reg:human:10:36,REG,3,SPB1,1,0,False,0,0.0,0,False,0.0,0.0,0.0,0.0,0,0.0,0.0
reg:human:10:36,REG,3,SPL1,1,0,False,0,0.0,0,False,0.0,0.0,0.0,0.0,6,1.0,1.0
reg:human:10:37,REG,3,BOT1,1,0,False,2,0.3333333333333333,0,False,0.5492957746478874,0.5492957746478874,0.4366197183098591,0.9859154929577464,2,0.3333333333333333,0.6666666666666666
reg:human:10:37,REG,3,COR1,1,0,False,0,0.0,0,False,0.0,0.0,0.0,0.0,2,0.3333333333333333,0.6666666666666666
reg:human:10:37,REG,3,MUL1,1,0,False,0,0.0,0,False,0.0,0.0,0.0,0.0,2,0.3333333333333333,0.6666666666666666
reg:human:10:37,REG,3,OPEN,1,0,False,0,0.0,0,False,0.0,0.0,0.0,0.0,6,1.0,1.0
reg:human:10:37,REG,3,SPB1,1,0,False,0,0.0,0,False,0.0,0.0,0.0,0.0,0,0.0,0.0
reg:human:10:37,REG,3,SPL1,1,0,False,0,0.0,0,False,0.0,0.0,0.0,0.0,6,1.0,1.0
reg:human:10:38,REG,3,BOT1,1,0,False,2,0.3333333333333333,0,False,0.7323943661971831,0.7323943661971831,0.2535211267605634,0.9859154929577464,0,0.0,0.0
reg:human:10:38,REG,3,COR1,1,0,False,0,0.0,0,False,0.0,0.0,0.0,0.0,2,0.3333333333333333,0.6666666666666666
reg:human:10:38,REG,3,MUL1,1,0,False,0,0.0,0,False,0.0,0.0,0.0,0.0,4,0.6666666666666666,1.0
reg:human:10:38,REG,3,OPEN,1,0,False,0,0.0,0,False,0.0,0.0,0.0,0.0,6,1.0,1.0
reg:human:10:38,REG,3,SPB1,1,0,False,0,0.0,0,False,0.0,0.0,0.0,0.0,2,0.3333333333333333,0.6666666666666666
reg:human:10:38,REG,3,SPL1,1,0,False,0,0.0,0,False,0.0,0.0,0.0,0.0,6,1.0,1.0
reg:human:10:39,REG,3,BOT1,1,0,False,2,0.3333333333333333,0,False,0.8028169014084507,0.8028169014084507,0.1830985915492957,0.9859154929577464,0,0.0,0.0
reg:human:10:39,REG,3,COR1,1,0,False,0,0.0,0,False,0.0,0.0,0.0,0.0,2,0.3333333333333333,0.6666666666666666
reg:human:10:4,REG,3,SPB1,1,0,False,0,0.0,0,False,0.0,0.0,0.0,0.0,2,0.3333333333333333,0.6666666666666666
reg:human:10:4,REG,3,SPL1,1,0,False,0,0.0,0,False,0.0,0.0,0.0,0.0,6,1.0,1.0
reg:human:10:5,REG,3,BOT1,1,0,False,2,0.3333333333333333,0,False,0.7605633802816901,0.7605633802816901,0.2253521126760563,0.9859154929577464,0,0.0,0.0
reg:human:10:5,REG,3,COR1,1,0,False,0,0.0,0,False,0.0,0.0,0.0,0.0,2,0.3333333333333333,0.6666666666666666
reg:human:10:5,REG,3,MUL1,1,0,False,0,0.0,0,False,0.0,0.0,0.0,0.0,2,0.3333333333333333,0.6666666666666666
reg:human:10:5,REG,3,OPEN,1,0,False,0,0.0,0,False,0.0,0.0,0.0,0.0,6,1.0,1.0
reg:human:10:5,REG,3,SPB1,1,0,False,0,0.0,0,False,0.0,0.0,0.0,0.0,0,0.0,0.0
reg:human:10:5,REG,3,SPL1,1,0,False,0,0.0,0,False,0.0,0.0,0.0,0.0,6,1.0,1.0
reg:human:10:39,REG,3,MUL1,1,0,False,0,0.0,0,False,0.0,0.0,0.0,0.0,2,0.3333333333333333,0.6666666666666666
reg:human:10:39,REG,3,OPEN,1,0,False,0,0.0,0,False,0.0,0.0,0.0,0.0,6,1.0,1.0
reg:human:10:39,REG,3,SPB1,1,0,False,0,0.0,0,False,0.0,0.0,0.0,0.0,0,0.0,0.0
reg:human:10:39,REG,3,SPL1,1,0,False,0,0.0,0,False,0.0,0.0,0.0,0.0,6,1.0,1.0
reg:human:10:4,REG,3,BOT1,1,0,False,2,0.3333333333333333,0,False,0.5492957746478874,0.5492957746478874,0.4366197183098591,0.9859154929577464,2,0.3333333333333333,0.6666666666666666
reg:human:10:4,REG,3,COR1,1,0,False,0,0.0,0,False,0.0,0.0,0.0,0.0,2,0.3333333333333333,0.6666666666666666
reg:human:10:4,REG,3,MUL1,1,0,False,0,0.0,0,False,0.0,0.0,0.0,0.0,4,0.6666666666666666,1.0
reg:human:10:4,REG,3,OPEN,1,0,False,0,0.0,0,False,0.0,0.0,0.0,0.0,6,1.0,1.0
reg:human:10:6,REG,3,BOT1,1,0,False,2,0.3333333333333333,0,False,0.704225352112676,0.704225352112676,0.2816901408450704,0.9859154929577464,0,0.0,0.0
reg:human:10:6,REG,3,COR1,1,0,False,0,0.0,0,False,0.0,0.0,0.0,0.0,2,0.3333333333333333,0.6666666666666666
reg:human:10:6,REG,3,MUL1,1,0,False,0,0.0,0,False,0.0,0.0,0.0,0.0,4,0.6666666666666666,1.0
reg:human:10:6,REG,3,OPEN,1,0,False,0,0.0,0,False,0.0,0.0,0.0,0.0,6,1.0,1.0
reg:human:10:6,REG,3,SPB1,1,0,False,0,0.0,0,False,0.0,0.0,0.0,0.0,2,0.3333333333333333,0.6666666666666666
reg:human:10:6,REG,3,SPL1,1,0,False,0,0.0,0,False,0.0,0.0,0.0,0.0,6,1.0,1.0
reg:human:10:7,REG,3,BOT1,1,0,False,2,0.3333333333333333,0,False,0.6056338028169014,0.6056338028169014,0.380281690140845,0.9859154929577464,2,0.3333333333333333,0.6666666666666666
reg:human:10:7,REG,3,COR1,1,0,False,0,0.0,0,False,0.0,0.0,0.0,0.0,2,0.3333333333333333,0.6666666666666666
reg:human:10:8,REG,3,SPB1,1,0,False,0,0.0,0,False,0.0,0.0,0.0,0.0,2,0.3333333333333333,0.6666666666666666
reg:human:10:8,REG,3,SPL1,1,0,False,0,0.0,0,False,0.0,0.0,0.0,0.0,6,1.0,1.0
reg:human:10:9,REG,3,BOT1,1,0,False,2,0.3333333333333333,0,False,0.5492957746478874,0.5492957746478874,0.4366197183098591,0.9859154929577464,2,0.3333333333333333,0.6666666666666666
reg:human:10:9,REG,3,COR1,1,0,False,0,0.0,0,False,0.0,0.0,0.0,0.0,2,0.3333333333333333,0.6666666666666666
reg:human:10:9,REG,3,MUL1,1,0,False,0,0.0,0,False,0.0,0.0,0.0,0.0,4,0.6666666666666666,1.0
reg:human:10:9,REG,3,OPEN,1,0,False,0,0.0,0,False,0.0,0.0,0.0,0.0,6,1.0,1.0
reg:human:10:9,REG,3,SPB1,1,0,False,0,0.0,0,False,0.0,0.0,0.0,0.0,0,0.0,0.0
reg:human:10:9,REG,3,SPL1,1,0,False,0,0.0,0,False,0.0,0.0,0.0,0.0,6,1.0,1.0
reg:human:10:7,REG,3,MUL1,1,0,False,0,0.0,0,False,0.0,0.0,0.0,0.0,2,0.3333333333333333,0.6666666666666666
reg:human:10:7,REG,3,OPEN,1,0,False,0,0.0,0,False,0.0,0.0,0.0,0.0,6,1.0,1.0
reg:human:10:7,REG,3,SPB1,1,0,False,0,0.0,0,False,0.0,0.0,0.0,0.0,2,0.3333333333333333,0.6666666666666666
reg:human:10:7,REG,3,SPL1,1,0,False,0,0.0,0,False,0.0,0.0,0.0,0.0,6,1.0,1.0
reg:human:10:8,REG,3,BOT1,1,0,False,2,0.3333333333333333,0,False,0.6056338028169014,0.6056338028169014,0.380281690140845,0.9859154929577464,2,0.3333333333333333,0.6666666666666666
reg:human:10:8,REG,3,COR1,1,0,False,0,0.0,0,False,0.0,0.0,0.0,0.0,2,0.3333333333333333,0.6666666666666666
reg:human:10:8,REG,3,MUL1,1,0,False,0,0.0,0,False,0.0,0.0,0.0,0.0,4,0.6666666666666666,1.0
reg:human:10:8,REG,3,OPEN,1,0,False,0,0.0,0,False,0.0,0.0,0.0,0.0,6,1.0,1.0
reg:human:12:0,REG,3,BOT1,1,0,False,2,0.3333333333333333,0,False,0.6197183098591549,0.6197183098591549,0.3661971830985915,0.9859154929577464,0,0.0,0.0
reg:human:12:0,REG,3,COR1,1,0,False,0,0.0,0,False,0.0,0.0,0.0,0.0,0,0.0,0.0
reg:human:12:0,REG,3,MUL1,1,0,False,0,0.0,0,False,0.0,0.0,0.0,0.0,0,0.0,0.0
reg:human:12:0,REG,3,OPEN,1,0,False,0,0.0,0,False,0.0,0.0,0.0,0.0,4,0.6666666666666666,1.0
reg:human:12:0,REG,3,SPB1,1,0,False,0,0.0,0,False,0.0,0.0,0.0,0.0,0,0.0,0.0
reg:human:12:0,REG,3,SPL1,1,0,False,0,0.0,0,False,0.0,0.0,0.0,0.0,4,0.6666666666666666,1.0
reg:human:12:1,REG,3,BOT1,1,0,False,2,0.3333333333333333,0,False,0.647887323943662,0.647887323943662,0.3380281690140845,0.9859154929577464,0,0.0,0.0
reg:human:12:1,REG,3,COR1,1,0,False,0,0.0,0,False,0.0,0.0,0.0,0.0,0,0.0,0.0
reg:human:12:1,REG,3,MUL1,1,0,False,0,0.0,0,False,0.0,0.0,0.0,0.0,0,0.0,0.0
reg:human:12:1,REG,3,OPEN,1,0,False,0,0.0,0,False,0.0,0.0,0.0,0.0,4,0.6666666666666666,1.0
reg:human:12:1,REG,3,SPB1,1,0,False,0,0.0,0,False,0.0,0.0,0.0,0.0,0,0.0,0.0
reg:human:12:1,REG,3,SPL1,1,0,False,0,0.0,0,False,0.0,0.0,0.0,0.0,4,0.6666666666666666,1.0
reg:human:12:10,REG,3,BOT1,1,0,False,2,0.3333333333333333,0,False,0.6901408450704225,0.6901408450704225,0.2957746478873239,0.9859154929577464,0,0.0,0.0
reg:human:12:10,REG,3,COR1,1,0,False,0,0.0,0,False,0.0,0.0,0.0,0.0,0,0.0,0.0
reg:human:12:10,REG,3,MUL1,1,0,False,0,0.0,0,False,0.0,0.0,0.0,0.0,0,0.0,0.0
reg:human:12:10,REG,3,OPEN,1,0,False,0,0.0,0,False,0.0,0.0,0.0,0.0,4,0.6666666666666666,1.0
reg:human:12:10,REG,3,SPB1,1,0,False,0,0.0,0,False,0.0,0.0,0.0,0.0,0,0.0,0.0
reg:human:12:10,REG,3,SPL1,1,0,False,0,0.0,0,False,0.0,0.0,0.0,0.0,4,0.6666666666666666,1.0
reg:human:12:11,REG,3,BOT1,1,0,False,2,0.3333333333333333,0,False,0.6901408450704225,0.6901408450704225,0.2957746478873239,0.9859154929577464,0,0.0,0.0
reg:human:12:11,REG,3,COR1,1,0,False,0,0.0,0,False,0.0,0.0,0.0,0.0,0,0.0,0.0
reg:human:12:11,REG,3,MUL1,1,0,False,0,0.0,0,False,0.0,0.0,0.0,0.0,0,0.0,0.0
reg:human:12:11,REG,3,OPEN,1,0,False,0,0.0,0,False,0.0,0.0,0.0,0.0,4,0.6666666666666666,1.0
reg:human:12:11,REG,3,SPB1,1,0,False,0,0.0,0,False,0.0,0.0,0.0,0.0,0,0.0,0.0
reg:human:12:11,REG,3,SPL1,1,0,False,0,0.0,0,False,0.0,0.0,0.0,0.0,4,0.6666666666666666,1.0
reg:human:12:12,REG,3,BOT1,1,0,False,2,0.3333333333333333,0,False,0.6338028169014085,0.6338028169014085,0.352112676056338,0.9859154929577464,0,0.0,0.0
reg:human:12:12,REG,3,COR1,1,0,False,0,0.0,0,False,0.0,0.0,0.0,0.0,0,0.0,0.0
reg:human:12:12,REG,3,MUL1,1,0,False,0,0.0,0,False,0.0,0.0,0.0,0.0,0,0.0,0.0
reg:human:12:12,REG,3,OPEN,1,0,False,0,0.0,0,False,0.0,0.0,0.0,0.0,4,0.6666666666666666,1.0
reg:human:12:12,REG,3,SPB1,1,0,False,0,0.0,0,False,0.0,0.0,0.0,0.0,0,0.0,0.0
reg:human:12:12,REG,3,SPL1,1,0,False,0,0.0,0,False,0.0,0.0,0.0,0.0,4,0.6666666666666666,1.0
reg:human:12:13,REG,3,BOT1,1,0,False,2,0.3333333333333333,0,False,0.7183098591549296,0.7183098591549296,0.2676056338028169,0.9859154929577464,0,0.0,0.0
reg:human:12:13,REG,3,COR1,1,0,False,0,0.0,0,False,0.0,0.0,0.0,0.0,0,0.0,0.0
reg:human:12:14,REG,3,SPB1,1,0,False,0,0.0,0,False,0.0,0.0,0.0,0.0,0,0.0,0.0
reg:human:12:14,REG,3,SPL1,1,0,False,0,0.0,0,False,0.0,0.0,0.0,0.0,4,0.6666666666666666,1.0
reg:human:12:15,REG,3,BOT1,1,0,False,2,0.3333333333333333,0,False,0.6197183098591549,0.6197183098591549,0.3661971830985915,0.9859154929577464,0,0.0,0.0
reg:human:12:15,REG,3,COR1,1,0,False,0,0.0,0,False,0.0,0.0,0.0,0.0,0,0.0,0.0
reg:human:12:15,REG,3,MUL1,1,0,False,0,0.0,0,False,0.0,0.0,0.0,0.0,0,0.0,0.0
reg:human:12:15,REG,3,OPEN,1,0,False,0,0.0,0,False,0.0,0.0,0.0,0.0,4,0.6666666666666666,1.0
reg:human:12:15,REG,3,SPB1,1,0,False,0,0.0,0,False,0.0,0.0,0.0,0.0,0,0.0,0.0
reg:human:12:15,REG,3,SPL1,1,0,False,0,0.0,0,False,0.0,0.0,0.0,0.0,4,0.6666666666666666,1.0
reg:human:12:13,REG,3,MUL1,1,0,False,0,0.0,0,False,0.0,0.0,0.0,0.0,0,0.0,0.0
reg:human:12:13,REG,3,OPEN,1,0,False,0,0.0,0,False,0.0,0.0,0.0,0.0,4,0.6666666666666666,1.0
reg:human:12:13,REG,3,SPB1,1,0,False,0,0.0,0,False,0.0,0.0,0.0,0.0,0,0.0,0.0
reg:human:12:13,REG,3,SPL1,1,0,False,0,0.0,0,False,0.0,0.0,0.0,0.0,4,0.6666666666666666,1.0
reg:human:12:14,REG,3,BOT1,1,0,False,2,0.3333333333333333,0,False,0.6197183098591549,0.6197183098591549,0.3661971830985915,0.9859154929577464,0,0.0,0.0
reg:human:12:14,REG,3,COR1,1,0,False,0,0.0,0,False,0.0,0.0,0.0,0.0,0,0.0,0.0
reg:human:12:14,REG,3,MUL1,1,0,False,0,0.0,0,False,0.0,0.0,0.0,0.0,0,0.0,0.0
reg:human:12:14,REG,3,OPEN,1,0,False,0,0.0,0,False,0.0,0.0,0.0,0.0,4,0.6666666666666666,1.0
reg:human:12:16,REG,3,BOT1,1,0,False,2,0.3333333333333333,0,False,0.6901408450704225,0.6901408450704225,0.2957746478873239,0.9859154929577464,0,0.0,0.0
reg:human:12:16,REG,3,COR1,1,0,False,0,0.0,0,False,0.0,0.0,0.0,0.0,0,0.0,0.0
reg:human:12:16,REG,3,MUL1,1,0,False,0,0.0,0,False,0.0,0.0,0.0,0.0,0,0.0,0.0
reg:human:12:16,REG,3,OPEN,1,0,False,0,0.0,0,False,0.0,0.0,0.0,0.0,4,0.6666666666666666,1.0
reg:human:12:16,REG,3,SPB1,1,0,False,0,0.0,0,False,0.0,0.0,0.0,0.0,0,0.0,0.0
reg:human:12:16,REG,3,SPL1,1,0,False,0,0.0,0,False,0.0,0.0,0.0,0.0,4,0.6666666666666666,1.0
reg:human:12:17,REG,3,BOT1,1,0,False,2,0.3333333333333333,0,False,0.7183098591549296,0.7183098591549296,0.2676056338028169,0.9859154929577464,0,0.0,0.0
reg:human:12:17,REG,3,COR1,1,0,False,0,0.0,0,False,0.0,0.0,0.0,0.0,0,0.0,0.0
reg:human:12:17,REG,3,MUL1,1,0,False,0,0.0,0,False,0.0,0.0,0.0,0.0,0,0.0,0.0
reg:human:12:17,REG,3,OPEN,1,0,False,0,0.0,0,False,0.0,0.0,0.0,0.0,4,0.6666666666666666,1.0
reg:human:12:17,REG,3,SPB1,1,0,False,0,0.0,0,False,0.0,0.0,0.0,0.0,0,0.0,0.0
reg:human:12:17,REG,3,SPL1,1,0,False,0,0.0,0,False,0.0,0.0,0.0,0.0,4,0.6666666666666666,1.0
reg:human:12:18,REG,3,BOT1,1,0,False,2,0.3333333333333333,0,False,0.6338028169014085,0.6338028169014085,0.352112676056338,0.9859154929577464,0,0.0,0.0
reg:human:12:18,REG,3,COR1,1,0,False,0,0.0,0,False,0.0,0.0,0.0,0.0,0,0.0,0.0
reg:human:12:18,REG,3,MUL1,1,0,False,0,0.0,0,False,0.0,0.0,0.0,0.0,0,0.0,0.0
reg:human:12:18,REG,3,OPEN,1,0,False,0,0.0,0,False,0.0,0.0,0.0,0.0,4,0.6666666666666666,1.0
reg:human:12:18,REG,3,SPB1,1,0,False,0,0.0,0,False,0.0,0.0,0.0,0.0,0,0.0,0.0
reg:human:12:18,REG,3,SPL1,1,0,False,0,0.0,0,False,0.0,0.0,0.0,0.0,4,0.6666666666666666,1.0
reg:human:12:19,REG,3,BOT1,1,0,False,2,0.3333333333333333,0,False,0.5774647887323944,0.5774647887323944,0.4084507042253521,0.9859154929577464,0,0.0,0.0
reg:human:12:19,REG,3,COR1,1,0,False,0,0.0,0,False,0.0,0.0,0.0,0.0,0,0.0,0.0
reg:human:12:19,REG,3,MUL1,1,0,False,0,0.0,0,False,0.0,0.0,0.0,0.0,0,0.0,0.0
reg:human:12:19,REG,3,OPEN,1,0,False,0,0.0,0,False,0.0,0.0,0.0,0.0,4,0.6666666666666666,1.0
reg:human:12:19,REG,3,SPB1,1,0,False,0,0.0,0,False,0.0,0.0,0.0,0.0,0,0.0,0.0
reg:human:12:19,REG,3,SPL1,1,0,False,0,0.0,0,False,0.0,0.0,0.0,0.0,4,0.6666666666666666,1.0
reg:human:12:2,REG,3,BOT1,1,0,False,2,0.3333333333333333,0,False,0.647887323943662,0.647887323943662,0.3380281690140845,0.9859154929577464,0,0.0,0.0
reg:human:12:2,REG,3,COR1,1,0,False,0,0.0,0,False,0.0,0.0,0.0,0.0,0,0.0,0.0
reg:human:12:2,REG,3,MUL1,1,0,False,0,0.0,0,False,0.0,0.0,0.0,0.0,0,0.0,0.0
reg:human:12:2,REG,3,OPEN,1,0,False,0,0.0,0,False,0.0,0.0,0.0,0.0,4,0.6666666666666666,1.0
reg:human:12:2,REG,3,SPB1,1,0,False,0,0.0,0,False,0.0,0.0,0.0,0.0,0,0.0,0.0
reg:human:12:2,REG,3,SPL1,1,0,False,0,0.0,0,False,0.0,0.0,0.0,0.0,4,0.6666666666666666,1.0
reg:human:12:20,REG,3,BOT1,1,0,False,2,0.3333333333333333,0,False,0.6056338028169014,0.6056338028169014,0.380281690140845,0.9859154929577464,0,0.0,0.0
reg:human:12:20,REG,3,COR1,1,0,False,0,0.0,0,False,0.0,0.0,0.0,0.0,0,0.0,0.0
reg:human:12:20,REG,3,MUL1,1,0,False,0,0.0,0,False,0.0,0.0,0.0,0.0,0,0.0,0.0
reg:human:12:20,REG,3,OPEN,1,0,False,0,0.0,0,False,0.0,0.0,0.0,0.0,4,0.6666666666666666,1.0
reg:human:12:20,REG,3,SPB1,1,0,False,0,0.0,0,False,0.0,0.0,0.0,0.0,0,0.0,0.0
reg:human:12:20,REG,3,SPL1,1,0,False,0,0.0,0,False,0.0,0.0,0.0,0.0,4,0.6666666666666666,1.0
reg:human:12:21,REG,3,BOT1,1,0,False,2,0.3333333333333333,0,False,0.647887323943662,0.647887323943662,0.3380281690140845,0.9859154929577464,0,0.0,0.0
reg:human:12:21,REG,3,COR1,1,0,False,0,0.0,0,False,0.0,0.0,0.0,0.0,0,0.0,0.0
reg:human:12:21,REG,3,MUL1,1,0,False,0,0.0,0,False,0.0,0.0,0.0,0.0,0,0.0,0.0
reg:human:12:21,REG,3,OPEN,1,0,False,0,0.0,0,False,0.0,0.0,0.0,0.0,4,0.6666666666666666,1.0
reg:human:12:21,REG,3,SPB1,1,0,False,0,0.0,0,False,0.0,0.0,0.0,0.0,0,0.0,0.0
reg:human:12:21,REG,3,SPL1,1,0,False,0,0.0,0,False,0.0,0.0,0.0,0.0,4,0.6666666666666666,1.0
reg:human:12:22,REG,3,BOT1,1,0,False,2,0.3333333333333333,0,False,0.647887323943662,0.647887323943662,0.3380281690140845,0.9859154929577464,0,0.0,0.0
reg:human:12:22,REG,3,COR1,1,0,False,0,0.0,0,False,0.0,0.0,0.0,0.0,0,0.0,0.0
reg:human:12:22,REG,3,MUL1,1,0,False,0,0.0,0,False,0.0,0.0,0.0,0.0,0,0.0,0.0
reg:human:12:22,REG,3,OPEN,1,0,False,0,0.0,0,False,0.0,0.0,0.0,0.0,4,0.6666666666666666,1.0
reg:human:12:22,REG,3,SPB1,1,0,False,0,0.0,0,False,0.0,0.0,0.0,0.0,0,0.0,0.0
reg:human:12:22,REG,3,SPL1,1,0,False,0,0.0,0,False,0.0,0.0,0.0,0.0,4,0.6666666666666666,1.0
reg:human:12:23,REG,3,BOT1,1,0,False,2,0.3333333333333333,0,False,0.647887323943662,0.647887323943662,0.3380281690140845,0.9859154929577464,0,0.0,0.0
reg:human:12:23,REG,3,COR1,1,0,False,0,0.0,0,False,0.0,0.0,0.0,0.0,0,0.0,0.0
reg:human:12:23,REG,3,MUL1,1,0,False,0,0.0,0,False,0.0,0.0,0.0,0.0,0,0.0,0.0
reg:human:12:23,REG,3,OPEN,1,0,False,0,0.0,0,False,0.0,0.0,0.0,0.0,4,0.6666666666666666,1.0
reg:human:12:23,REG,3,SPB1,1,0,False,0,0.0,0,False,0.0,0.0,0.0,0.0,0,0.0,0.0
reg:human:12:23,REG,3,SPL1,1,0,False,0,0.0,0,False,0.0,0.0,0.0,0.0,4,0.6666666666666666,1.0
reg:human:12:3,REG,3,BOT1,1,0,False,2,0.3333333333333333,0,False,0.6056338028169014,0.6056338028169014,0.380281690140845,0.9859154929577464,0,0.0,0.0
reg:human:12:3,REG,3,COR1,1,0,False,0,0.0,0,False,0.0,0.0,0.0,0.0,0,0.0,0.0
reg:human:12:3,REG,3,MUL1,1,0,False,0,0.0,0,False,0.0,0.0,0.0,0.0,0,0.0,0.0
reg:human:12:3,REG,3,OPEN,1,0,False,0,0.0,0,False,0.0,0.0,0.0,0.0,4,0.6666666666666666,1.0
reg:human:12:3,REG,3,SPB1,1,0,False,0,0.0,0,False,0.0,0.0,0.0,0.0,0,0.0,0.0
reg:human:12:3,REG,3,SPL1,1,0,False,0,0.0,0,False,0.0,0.0,0.0,0.0,4,0.6666666666666666,1.0
reg:human:12:4,REG,3,BOT1,1,0,False,2,0.3333333333333333,0,False,0.6619718309859155,0.6619718309859155,0.323943661971831,0.9859154929577464,0,0.0,0.0
reg:human:12:4,REG,3,COR1,1,0,False,0,0.0,0,False,0.0,0.0,0.0,0.0,0,0.0,0.0
reg:human:12:4,REG,3,MUL1,1,0,False,0,0.0,0,False,0.0,0.0,0.0,0.0,0,0.0,0.0
reg:human:12:4,REG,3,OPEN,1,0,False,0,0.0,0,False,0.0,0.0,0.0,0.0,4,0.6666666666666666,1.0
reg:human:12:4,REG,3,SPB1,1,0,False,0,0.0,0,False,0.0,0.0,0.0,0.0,0,0.0,0.0
reg:human:12:4,REG,3,SPL1,1,0,False,0,0.0,0,False,0.0,0.0,0.0,0.0,4,0.6666666666666666,1.0
reg:human:12:5,REG,3,BOT1,1,0,False,2,0.3333333333333333,0,False,0.647887323943662,0.647887323943662,0.3380281690140845,0.9859154929577464,0,0.0,0.0
reg:human:12:5,REG,3,COR1,1,0,False,0,0.0,0,False,0.0,0.0,0.0,0.0,0,0.0,0.0
reg:human:12:5,REG,3,MUL1,1,0,False,0,0.0,0,False,0.0,0.0,0.0,0.0,0,0.0,0.0
reg:human:12:5,REG,3,OPEN,1,0,False,0,0.0,0,False,0.0,0.0,0.0,0.0,4,0.6666666666666666,1.0
reg:human:12:5,REG,3,SPB1,1,0,False,0,0.0,0,False,0.0,0.0,0.0,0.0,0,0.0,0.0
reg:human:12:5,REG,3,SPL1,1,0,False,0,0.0,0,False,0.0,0.0,0.0,0.0,4,0.6666666666666666,1.0
reg:human:12:6,REG,3,BOT1,1,0,False,2,0.3333333333333333,0,False,0.6197183098591549,0.6197183098591549,0.3661971830985915,0.9859154929577464,0,0.0,0.0
reg:human:12:6,REG,3,COR1,1,0,False,0,0.0,0,False,0.0,0.0,0.0,0.0,0,0.0,0.0
reg:human:12:6,REG,3,MUL1,1,0,False,0,0.0,0,False,0.0,0.0,0.0,0.0,0,0.0,0.0
reg:human:12:6,REG,3,OPEN,1,0,False,0,0.0,0,False,0.0,0.0,0.0,0.0,4,0.6666666666666666,1.0
reg:human:12:6,REG,3,SPB1,1,0,False,0,0.0,0,False,0.0,0.0,0.0,0.0,0,0.0,0.0
reg:human:12:6,REG,3,SPL1,1,0,False,0,0.0,0,False,0.0,0.0,0.0,0.0,4,0.6666666666666666,1.0
reg:human:12:7,REG,3,BOT1,1,0,False,2,0.3333333333333333,0,False,0.647887323943662,0.647887323943662,0.3380281690140845,0.9859154929577464,0,0.0,0.0
reg:human:12:7,REG,3,COR1,1,0,False,0,0.0,0,False,0.0,0.0,0.0,0.0,0,0.0,0.0
reg:human:12:7,REG,3,MUL1,1,0,False,0,0.0,0,False,0.0,0.0,0.0,0.0,0,0.0,0.0
reg:human:12:7,REG,3,OPEN,1,0,False,0,0.0,0,False,0.0,0.0,0.0,0.0,4,0.6666666666666666,1.0
reg:human:12:7,REG,3,SPB1,1,0,False,0,0.0,0,False,0.0,0.0,0.0,0.0,0,0.0,0.0
reg:human:12:7,REG,3,SPL1,1,0,False,0,0.0,0,False,0.0,0.0,0.0,0.0,4,0.6666666666666666,1.0
reg:human:12:8,REG,3,BOT1,1,0,False,2,0.3333333333333333,0,False,0.6056338028169014,0.6056338028169014,0.380281690140845,0.9859154929577464,0,0.0,0.0
reg:human:12:8,REG,3,COR1,1,0,False,0,0.0,0,False,0.0,0.0,0.0,0.0,0,0.0,0.0
reg:human:12:8,REG,3,MUL1,1,0,False,0,0.0,0,False,0.0,0.0,0.0,0.0,0,0.0,0.0
reg:human:12:8,REG,3,OPEN,1,0,False,0,0.0,0,False,0.0,0.0,0.0,0.0,4,0.6666666666666666,1.0
reg:human:12:8,REG,3,SPB1,1,0,False,0,0.0,0,False,0.0,0.0,0.0,0.0,0,0.0,0.0
reg:human:12:8,REG,3,SPL1,1,0,False,0,0.0,0,False,0.0,0.0,0.0,0.0,4,0.6666666666666666,1.0
reg:human:12:9,REG,3,BOT1,1,0,False,2,0.3333333333333333,0,False,0.647887323943662,0.647887323943662,0.3380281690140845,0.9859154929577464,0,0.0,0.0
reg:human:12:9,REG,3,COR1,1,0,False,0,0.0,0,False,0.0,0.0,0.0,0.0,0,0.0,0.0
reg:human:12:9,REG,3,MUL1,1,0,False,0,0.0,0,False,0.0,0.0,0.0,0.0,0,0.0,0.0
reg:human:12:9,REG,3,OPEN,1,0,False,0,0.0,0,False,0.0,0.0,0.0,0.0,4,0.6666666666666666,1.0
reg:human:12:9,REG,3,SPB1,1,0,False,0,0.0,0,False,0.0,0.0,0.0,0.0,0,0.0,0.0
reg:human:12:9,REG,3,SPL1,1,0,False,0,0.0,0,False,0.0,0.0,0.0,0.0,4,0.6666666666666666,1.0
reg:human:16:0,REG,3,BOT1,1,0,False,2,0.3333333333333333,0,False,0.6056338028169014,0.6056338028169014,0.380281690140845,0.9859154929577464,0,0.0,0.0
reg:human:16:0,REG,3,COR1,1,0,False,0,0.0,0,False,0.0,0.0,0.0,0.0,0,0.0,0.0
reg:human:16:0,REG,3,MUL1,1,0,False,0,0.0,0,False,0.0,0.0,0.0,0.0,0,0.0,0.0
reg:human:16:0,REG,3,OPEN,1,0,False,0,0.0,0,False,0.0,0.0,0.0,0.0,2,0.3333333333333333,0.6666666666666666
reg:human:16:0,REG,3,SPB1,1,0,False,0,0.0,0,False,0.0,0.0,0.0,0.0,0,0.0,0.0
reg:human:16:0,REG,3,SPL1,1,0,False,0,0.0,0,False,0.0,0.0,0.0,0.0,2,0.3333333333333333,0.6666666666666666
reg:human:16:1,REG,3,BOT1,1,0,False,2,0.3333333333333333,0,False,0.6056338028169014,0.6056338028169014,0.380281690140845,0.9859154929577464,0,0.0,0.0
reg:human:16:1,REG,3,COR1,1,0,False,0,0.0,0,False,0.0,0.0,0.0,0.0,0,0.0,0.0
reg:human:16:1,REG,3,MUL1,1,0,False,0,0.0,0,False,0.0,0.0,0.0,0.0,0,0.0,0.0
reg:human:16:1,REG,3,OPEN,1,0,False,0,0.0,0,False,0.0,0.0,0.0,0.0,2,0.3333333333333333,0.6666666666666666
reg:human:16:1,REG,3,SPB1,1,0,False,0,0.0,0,False,0.0,0.0,0.0,0.0,0,0.0,0.0
reg:human:16:1,REG,3,SPL1,1,0,False,0,0.0,0,False,0.0,0.0,0.0,0.0,2,0.3333333333333333,0.6666666666666666
reg:human:16:10,REG,3,BOT1,1,0,False,2,0.3333333333333333,0,False,0.6056338028169014,0.6056338028169014,0.380281690140845,0.9859154929577464,0,0.0,0.0
reg:human:16:10,REG,3,COR1,1,0,False,0,0.0,0,False,0.0,0.0,0.0,0.0,0,0.0,0.0
reg:human:16:10,REG,3,MUL1,1,0,False,0,0.0,0,False,0.0,0.0,0.0,0.0,0,0.0,0.0
reg:human:16:10,REG,3,OPEN,1,0,False,0,0.0,0,False,0.0,0.0,0.0,0.0,2,0.3333333333333333,0.6666666666666666
reg:human:16:10,REG,3,SPB1,1,0,False,0,0.0,0,False,0.0,0.0,0.0,0.0,0,0.0,0.0
reg:human:16:10,REG,3,SPL1,1,0,False,0,0.0,0,False,0.0,0.0,0.0,0.0,2,0.3333333333333333,0.6666666666666666
reg:human:16:11,REG,3,BOT1,1,0,False,2,0.3333333333333333,0,False,0.5633802816901409,0.5633802816901409,0.4225352112676056,0.9859154929577464,0,0.0,0.0
reg:human:16:11,REG,3,COR1,1,0,False,0,0.0,0,False,0.0,0.0,0.0,0.0,0,0.0,0.0
reg:human:16:11,REG,3,MUL1,1,0,False,0,0.0,0,False,0.0,0.0,0.0,0.0,0,0.0,0.0
reg:human:16:11,REG,3,OPEN,1,0,False,0,0.0,0,False,0.0,0.0,0.0,0.0,2,0.3333333333333333,0.6666666666666666
reg:human:16:11,REG,3,SPB1,1,0,False,0,0.0,0,False,0.0,0.0,0.0,0.0,0,0.0,0.0
reg:human:16:11,REG,3,SPL1,1,0,False,0,0.0,0,False,0.0,0.0,0.0,0.0,2,0.3333333333333333,0.6666666666666666
reg:human:16:12,REG,3,BOT1,1,0,False,2,0.3333333333333333,0,False,0.6197183098591549,0.6197183098591549,0.3661971830985915,0.9859154929577464,0,0.0,0.0
reg:human:16:12,REG,3,COR1,1,0,False,0,0.0,0,False,0.0,0.0,0.0,0.0,0,0.0,0.0
reg:human:16:12,REG,3,MUL1,1,0,False,0,0.0,0,False,0.0,0.0,0.0,0.0,0,0.0,0.0
reg:human:16:12,REG,3,OPEN,1,0,False,0,0.0,0,False,0.0,0.0,0.0,0.0,2,0.3333333333333333,0.6666666666666666
reg:human:16:12,REG,3,SPB1,1,0,False,0,0.0,0,False,0.0,0.0,0.0,0.0,0,0.0,0.0
reg:human:16:12,REG,3,SPL1,1,0,False,0,0.0,0,False,0.0,0.0,0.0,0.0,2,0.3333333333333333,0.6666666666666666
reg:human:16:13,REG,3,BOT1,1,0,False,2,0.3333333333333333,0,False,0.5915492957746479,0.5915492957746479,0.3943661971830985,0.9859154929577464,0,0.0,0.0
reg:human:16:13,REG,3,COR1,1,0,False,0,0.0,0,False,0.0,0.0,0.0,0.0,0,0.0,0.0
reg:human:16:13,REG,3,MUL1,1,0,False,0,0.0,0,False,0.0,0.0,0.0,0.0,0,0.0,0.0
reg:human:16:13,REG,3,OPEN,1,0,False,0,0.0,0,False,0.0,0.0,0.0,0.0,2,0.3333333333333333,0.6666666666666666
reg:human:16:13,REG,3,SPB1,1,0,False,0,0.0,0,False,0.0,0.0,0.0,0.0,0,0.0,0.0
reg:human:16:13,REG,3,SPL1,1,0,False,0,0.0,0,False,0.0,0.0,0.0,0.0,2,0.3333333333333333,0.6666666666666666
reg:human:16:14,REG,3,BOT1,1,0,False,2,0.3333333333333333,0,False,0.5774647887323944,0.5774647887323944,0.4084507042253521,0.9859154929577464,0,0.0,0.0
reg:human:16:14,REG,3,COR1,1,0,False,0,0.0,0,False,0.0,0.0,0.0,0.0,0,0.0,0.0
reg:human:16:14,REG,3,MUL1,1,0,False,0,0.0,0,False,0.0,0.0,0.0,0.0,0,0.0,0.0
reg:human:16:14,REG,3,OPEN,1,0,False,0,0.0,0,False,0.0,0.0,0.0,0.0,2,0.3333333333333333,0.6666666666666666
reg:human:16:14,REG,3,SPB1,1,0,False,0,0.0,0,False,0.0,0.0,0.0,0.0,0,0.0,0.0
reg:human:16:14,REG,3,SPL1,1,0,False,0,0.0,0,False,0.0,0.0,0.0,0.0,2,0.3333333333333333,0.6666666666666666
reg:human:16:15,REG,3,BOT1,1,0,False,2,0.3333333333333333,0,False,0.6197183098591549,0.6197183098591549,0.3661971830985915,0.9859154929577464,0,0.0,0.0
reg:human:16:15,REG,3,COR1,1,0,False,0,0.0,0,False,0.0,0.0,0.0,0.0,0,0.0,0.0
reg:human:16:15,REG,3,MUL1,1,0,False,0,0.0,0,False,0.0,0.0,0.0,0.0,0,0.0,0.0
reg:human:16:15,REG,3,OPEN,1,0,False,0,0.0,0,False,0.0,0.0,0.0,0.0,2,0.3333333333333333,0.6666666666666666
reg:human:16:15,REG,3,SPB1,1,0,False,0,0.0,0,False,0.0,0.0,0.0,0.0,0,0.0,0.0
reg:human:16:15,REG,3,SPL1,1,0,False,0,0.0,0,False,0.0,0.0,0.0,0.0,2,0.3333333333333333,0.6666666666666666
reg:human:16:16,REG,3,BOT1,1,0,False,2,0.3333333333333333,0,False,0.5774647887323944,0.5774647887323944,0.4084507042253521,0.9859154929577464,0,0.0,0.0
reg:human:16:16,REG,3,COR1,1,0,False,0,0.0,0,False,0.0,0.0,0.0,0.0,0,0.0,0.0
reg:human:16:16,REG,3,MUL1,1,0,False,0,0.0,0,False,0.0,0.0,0.0,0.0,0,0.0,0.0
reg:human:16:16,REG,3,OPEN,1,0,False,0,0.0,0,False,0.0,0.0,0.0,0.0,2,0.3333333333333333,0.6666666666666666
reg:human:16:16,REG,3,SPB1,1,0,False,0,0.0,0,False,0.0,0.0,0.0,0.0,0,0.0,0.0
reg:human:16:16,REG,3,SPL1,1,0,False,0,0.0,0,False,0.0,0.0,0.0,0.0,2,0.3333333333333333,0.6666666666666666
reg:human:16:17,REG,3,BOT1,1,0,False,2,0.3333333333333333,0,False,0.647887323943662,0.647887323943662,0.3380281690140845,0.9859154929577464,0,0.0,0.0
reg:human:16:17,REG,3,COR1,1,0,False,0,0.0,0,False,0.0,0.0,0.0,0.0,0,0.0,0.0
reg:human:16:17,REG,3,MUL1,1,0,False,0,0.0,0,False,0.0,0.0,0.0,0.0,0,0.0,0.0
reg:human:16:17,REG,3,OPEN,1,0,False,0,0.0,0,False,0.0,0.0,0.0,0.0,2,0.3333333333333333,0.6666666666666666
reg:human:16:17,REG,3,SPB1,1,0,False,0,0.0,0,False,0.0,0.0,0.0,0.0,0,0.0,0.0
reg:human:16:17,REG,3,SPL1,1,0,False,0,0.0,0,False,0.0,0.0,0.0,0.0,2,0.3333333333333333,0.6666666666666666
reg:human:16:18,REG,3,BOT1,1,0,False,2,0.3333333333333333,0,False,0.647887323943662,0.647887323943662,0.3380281690140845,0.9859154929577464,0,0.0,0.0
reg:human:16:18,REG,3,COR1,1,0,False,0,0.0,0,False,0.0,0.0,0.0,0.0,0,0.0,0.0
reg:human:16:18,REG,3,MUL1,1,0,False,0,0.0,0,False,0.0,0.0,0.0,0.0,0,0.0,0.0
reg:human:16:18,REG,3,OPEN,1,0,False,0,0.0,0,False,0.0,0.0,0.0,0.0,2,0.3333333333333333,0.6666666666666666
reg:human:16:18,REG,3,SPB1,1,0,False,0,0.0,0,False,0.0,0.0,0.0,0.0,0,0.0,0.0
reg:human:16:18,REG,3,SPL1,1,0,False,0,0.0,0,False,0.0,0.0,0.0,0.0,2,0.3333333333333333,0.6666666666666666
reg:human:16:19,REG,3,BOT1,1,0,False,2,0.3333333333333333,0,False,0.6056338028169014,0.6056338028169014,0.380281690140845,0.9859154929577464,0,0.0,0.0
reg:human:16:19,REG,3,COR1,1,0,False,0,0.0,0,False,0.0,0.0,0.0,0.0,0,0.0,0.0
reg:human:16:19,REG,3,MUL1,1,0,False,0,0.0,0,False,0.0,0.0,0.0,0.0,0,0.0,0.0
reg:human:16:19,REG,3,OPEN,1,0,False,0,0.0,0,False,0.0,0.0,0.0,0.0,2,0.3333333333333333,0.6666666666666666
reg:human:16:19,REG,3,SPB1,1,0,False,0,0.0,0,False,0.0,0.0,0.0,0.0,0,0.0,0.0
reg:human:16:19,REG,3,SPL1,1,0,False,0,0.0,0,False,0.0,0.0,0.0,0.0,2,0.3333333333333333,0.6666666666666666
reg:human:16:2,REG,3,BOT1,1,0,False,2,0.3333333333333333,0,False,0.6056338028169014,0.6056338028169014,0.380281690140845,0.9859154929577464,0,0.0,0.0
reg:human:16:2,REG,3,COR1,1,0,False,0,0.0,0,False,0.0,0.0,0.0,0.0,0,0.0,0.0
reg:human:16:2,REG,3,MUL1,1,0,False,0,0.0,0,False,0.0,0.0,0.0,0.0,0,0.0,0.0
reg:human:16:2,REG,3,OPEN,1,0,False,0,0.0,0,False,0.0,0.0,0.0,0.0,2,0.3333333333333333,0.6666666666666666
reg:human:16:2,REG,3,SPB1,1,0,False,0,0.0,0,False,0.0,0.0,0.0,0.0,0,0.0,0.0
reg:human:16:2,REG,3,SPL1,1,0,False,0,0.0,0,False,0.0,0.0,0.0,0.0,2,0.3333333333333333,0.6666666666666666
reg:human:16:20,REG,3,BOT1,1,0,False,2,0.3333333333333333,0,False,0.6338028169014085,0.6338028169014085,0.352112676056338,0.9859154929577464,0,0.0,0.0
reg:human:16:20,REG,3,COR1,1,0,False,0,0.0,0,False,0.0,0.0,0.0,0.0,0,0.0,0.0
reg:human:16:20,REG,3,MUL1,1,0,False,0,0.0,0,False,0.0,0.0,0.0,0.0,0,0.0,0.0
reg:human:16:20,REG,3,OPEN,1,0,False,0,0.0,0,False,0.0,0.0,0.0,0.0,2,0.3333333333333333,0.6666666666666666
reg:human:16:20,REG,3,SPB1,1,0,False,0,0.0,0,False,0.0,0.0,0.0,0.0,0,0.0,0.0
reg:human:16:20,REG,3,SPL1,1,0,False,0,0.0,0,False,0.0,0.0,0.0,0.0,2,0.3333333333333333,0.6666666666666666
reg:human:16:21,REG,3,BOT1,1,0,False,2,0.3333333333333333,0,False,0.647887323943662,0.647887323943662,0.3380281690140845,0.9859154929577464,0,0.0,0.0
reg:human:16:21,REG,3,COR1,1,0,False,0,0.0,0,False,0.0,0.0,0.0,0.0,0,0.0,0.0
reg:human:16:21,REG,3,MUL1,1,0,False,0,0.0,0,False,0.0,0.0,0.0,0.0,0,0.0,0.0
reg:human:16:21,REG,3,OPEN,1,0,False,0,0.0,0,False,0.0,0.0,0.0,0.0,2,0.3333333333333333,0.6666666666666666
reg:human:16:21,REG,3,SPB1,1,0,False,0,0.0,0,False,0.0,0.0,0.0,0.0,0,0.0,0.0
reg:human:16:21,REG,3,SPL1,1,0,False,0,0.0,0,False,0.0,0.0,0.0,0.0,2,0.3333333333333333,0.6666666666666666
reg:human:16:22,REG,3,BOT1,1,0,False,2,0.3333333333333333,0,False,0.5774647887323944,0.5774647887323944,0.4084507042253521,0.9859154929577464,0,0.0,0.0
reg:human:16:22,REG,3,COR1,1,0,False,0,0.0,0,False,0.0,0.0,0.0,0.0,0,0.0,0.0
reg:human:16:22,REG,3,MUL1,1,0,False,0,0.0,0,False,0.0,0.0,0.0,0.0,0,0.0,0.0
reg:human:16:22,REG,3,OPEN,1,0,False,0,0.0,0,False,0.0,0.0,0.0,0.0,2,0.3333333333333333,0.6666666666666666
reg:human:16:22,REG,3,SPB1,1,0,False,0,0.0,0,False,0.0,0.0,0.0,0.0,0,0.0,0.0
reg:human:16:22,REG,3,SPL1,1,0,False,0,0.0,0,False,0.0,0.0,0.0,0.0,2,0.3333333333333333,0.6666666666666666
reg:human:16:23,REG,3,BOT1,1,0,False,2,0.3333333333333333,0,False,0.5774647887323944,0.5774647887323944,0.4084507042253521,0.9859154929577464,0,0.0,0.0
reg:human:16:23,REG,3,COR1,1,0,False,0,0.0,0,False,0.0,0.0,0.0,0.0,0,0.0,0.0
reg:human:16:23,REG,3,MUL1,1,0,False,0,0.0,0,False,0.0,0.0,0.0,0.0,0,0.0,0.0
reg:human:16:23,REG,3,OPEN,1,0,False,0,0.0,0,False,0.0,0.0,0.0,0.0,2,0.3333333333333333,0.6666666666666666
reg:human:16:23,REG,3,SPB1,1,0,False,0,0.0,0,False,0.0,0.0,0.0,0.0,0,0.0,0.0
reg:human:16:23,REG,3,SPL1,1,0,False,0,0.0,0,False,0.0,0.0,0.0,0.0,2,0.3333333333333333,0.6666666666666666
reg:human:16:24,REG,3,BOT1,1,0,False,2,0.3333333333333333,0,False,0.6056338028169014,0.6056338028169014,0.380281690140845,0.9859154929577464,0,0.0,0.0
reg:human:16:24,REG,3,COR1,1,0,False,0,0.0,0,False,0.0,0.0,0.0,0.0,0,0.0,0.0
reg:human:16:24,REG,3,MUL1,1,0,False,0,0.0,0,False,0.0,0.0,0.0,0.0,0,0.0,0.0
reg:human:16:24,REG,3,OPEN,1,0,False,0,0.0,0,False,0.0,0.0,0.0,0.0,2,0.3333333333333333,0.6666666666666666
reg:human:16:24,REG,3,SPB1,1,0,False,0,0.0,0,False,0.0,0.0,0.0,0.0,0,0.0,0.0
reg:human:16:24,REG,3,SPL1,1,0,False,0,0.0,0,False,0.0,0.0,0.0,0.0,2,0.3333333333333333,0.6666666666666666
reg:human:16:25,REG,3,BOT1,1,0,False,2,0.3333333333333333,0,False,0.647887323943662,0.647887323943662,0.3380281690140845,0.9859154929577464,0,0.0,0.0
reg:human:16:25,REG,3,COR1,1,0,False,0,0.0,0,False,0.0,0.0,0.0,0.0,0,0.0,0.0
reg:human:16:25,REG,3,MUL1,1,0,False,0,0.0,0,False,0.0,0.0,0.0,0.0,0,0.0,0.0
reg:human:16:25,REG,3,OPEN,1,0,False,0,0.0,0,False,0.0,0.0,0.0,0.0,2,0.3333333333333333,0.6666666666666666
reg:human:16:25,REG,3,SPB1,1,0,False,0,0.0,0,False,0.0,0.0,0.0,0.0,0,0.0,0.0
reg:human:16:25,REG,3,SPL1,1,0,False,0,0.0,0,False,0.0,0.0,0.0,0.0,2,0.3333333333333333,0.6666666666666666
reg:human:16:26,REG,3,BOT1,1,0,False,2,0.3333333333333333,0,False,0.6197183098591549,0.6197183098591549,0.3661971830985915,0.9859154929577464,0,0.0,0.0
reg:human:16:26,REG,3,COR1,1,0,False,0,0.0,0,False,0.0,0.0,0.0,0.0,0,0.0,0.0
reg:human:16:26,REG,3,MUL1,1,0,False,0,0.0,0,False,0.0,0.0,0.0,0.0,0,0.0,0.0
reg:human:16:26,REG,3,OPEN,1,0,False,0,0.0,0,False,0.0,0.0,0.0,0.0,2,0.3333333333333333,0.6666666666666666
reg:human:16:26,REG,3,SPB1,1,0,False,0,0.0,0,False,0.0,0.0,0.0,0.0,0,0.0,0.0
reg:human:16:26,REG,3,SPL1,1,0,False,0,0.0,0,False,0.0,0.0,0.0,0.0,2,0.3333333333333333,0.6666666666666666
reg:human:16:27,REG,3,BOT1,1,0,False,2,0.3333333333333333,0,False,0.5633802816901409,0.5633802816901409,0.4225352112676056,0.9859154929577464,0,0.0,0.0
reg:human:16:27,REG,3,COR1,1,0,False,0,0.0,0,False,0.0,0.0,0.0,0.0,0,0.0,0.0
reg:human:16:27,REG,3,MUL1,1,0,False,0,0.0,0,False,0.0,0.0,0.0,0.0,0,0.0,0.0
reg:human:16:27,REG,3,OPEN,1,0,False,0,0.0,0,False,0.0,0.0,0.0,0.0,2,0.3333333333333333,0.6666666666666666
reg:human:16:27,REG,3,SPB1,1,0,False,0,0.0,0,False,0.0,0.0,0.0,0.0,0,0.0,0.0
reg:human:16:27,REG,3,SPL1,1,0,False,0,0.0,0,False,0.0,0.0,0.0,0.0,2,0.3333333333333333,0.6666666666666666
reg:human:16:28,REG,3,BOT1,1,0,False,2,0.3333333333333333,0,False,0.6197183098591549,0.6197183098591549,0.3661971830985915,0.9859154929577464,0,0.0,0.0
reg:human:16:28,REG,3,COR1,1,0,False,0,0.0,0,False,0.0,0.0,0.0,0.0,0,0.0,0.0
reg:human:16:28,REG,3,MUL1,1,0,False,0,0.0,0,False,0.0,0.0,0.0,0.0,0,0.0,0.0
reg:human:16:28,REG,3,OPEN,1,0,False,0,0.0,0,False,0.0,0.0,0.0,0.0,2,0.3333333333333333,0.6666666666666666
reg:human:16:28,REG,3,SPB1,1,0,False,0,0.0,0,False,0.0,0.0,0.0,0.0,0,0.0,0.0
reg:human:16:28,REG,3,SPL1,1,0,False,0,0.0,0,False,0.0,0.0,0.0,0.0,2,0.3333333333333333,0.6666666666666666
reg:human:16:29,REG,3,BOT1,1,0,False,2,0.3333333333333333,0,False,0.6056338028169014,0.6056338028169014,0.380281690140845,0.9859154929577464,0,0.0,0.0
reg:human:16:29,REG,3,COR1,1,0,False,0,0.0,0,False,0.0,0.0,0.0,0.0,0,0.0,0.0
reg:human:16:29,REG,3,MUL1,1,0,False,0,0.0,0,False,0.0,0.0,0.0,0.0,0,0.0,0.0
reg:human:16:29,REG,3,OPEN,1,0,False,0,0.0,0,False,0.0,0.0,0.0,0.0,2,0.3333333333333333,0.6666666666666666
reg:human:16:29,REG,3,SPB1,1,0,False,0,0.0,0,False,0.0,0.0,0.0,0.0,0,0.0,0.0
reg:human:16:29,REG,3,SPL1,1,0,False,0,0.0,0,False,0.0,0.0,0.0,0.0,2,0.3333333333333333,0.6666666666666666
reg:human:16:3,REG,3,BOT1,1,0,False,2,0.3333333333333333,0,False,0.5915492957746479,0.5915492957746479,0.3943661971830985,0.9859154929577464,0,0.0,0.0
reg:human:16:3,REG,3,COR1,1,0,False,0,0.0,0,False,0.0,0.0,0.0,0.0,0,0.0,0.0
reg:human:16:3,REG,3,MUL1,1,0,False,0,0.0,0,False,0.0,0.0,0.0,0.0,0,0.0,0.0
reg:human:16:3,REG,3,OPEN,1,0,False,0,0.0,0,False,0.0,0.0,0.0,0.0,2,0.3333333333333333,0.6666666666666666
reg:human:16:3,REG,3,SPB1,1,0,False,0,0.0,0,False,0.0,0.0,0.0,0.0,0,0.0,0.0
reg:human:16:3,REG,3,SPL1,1,0,False,0,0.0,0,False,0.0,0.0,0.0,0.0,2,0.3333333333333333,0.6666666666666666
reg:human:16:30,REG,3,BOT1,1,0,False,2,0.3333333333333333,0,False,0.5774647887323944,0.5774647887323944,0.4084507042253521,0.9859154929577464,0,0.0,0.0
reg:human:16:30,REG,3,COR1,1,0,False,0,0.0,0,False,0.0,0.0,0.0,0.0,0,0.0,0.0
reg:human:16:30,REG,3,MUL1,1,0,False,0,0.0,0,False,0.0,0.0,0.0,0.0,0,0.0,0.0
reg:human:16:30,REG,3,OPEN,1,0,False,0,0.0,0,False,0.0,0.0,0.0,0.0,2,0.3333333333333333,0.6666666666666666
reg:human:16:30,REG,3,SPB1,1,0,False,0,0.0,0,False,0.0,0.0,0.0,0.0,0,0.0,0.0
reg:human:16:30,REG,3,SPL1,1,0,False,0,0.0,0,False,0.0,0.0,0.0,0.0,2,0.3333333333333333,0.6666666666666666
reg:human:16:31,REG,3,BOT1,1,0,False,2,0.3333333333333333,0,False,0.6056338028169014,0.6056338028169014,0.380281690140845,0.9859154929577464,0,0.0,0.0
reg:human:16:31,REG,3,COR1,1,0,False,0,0.0,0,False,0.0,0.0,0.0,0.0,0,0.0,0.0
reg:human:16:32,REG,3,SPB1,1,0,False,0,0.0,0,False,0.0,0.0,0.0,0.0,0,0.0,0.0
reg:human:16:32,REG,3,SPL1,1,0,False,0,0.0,0,False,0.0,0.0,0.0,0.0,2,0.3333333333333333,0.6666666666666666
reg:human:16:33,REG,3,BOT1,1,0,False,2,0.3333333333333333,0,False,0.5915492957746479,0.5915492957746479,0.3943661971830985,0.9859154929577464,0,0.0,0.0
reg:human:16:33,REG,3,COR1,1,0,False,0,0.0,0,False,0.0,0.0,0.0,0.0,0,0.0,0.0
reg:human:16:33,REG,3,MUL1,1,0,False,0,0.0,0,False,0.0,0.0,0.0,0.0,0,0.0,0.0
reg:human:16:33,REG,3,OPEN,1,0,False,0,0.0,0,False,0.0,0.0,0.0,0.0,2,0.3333333333333333,0.6666666666666666
reg:human:16:33,REG,3,SPB1,1,0,False,0,0.0,0,False,0.0,0.0,0.0,0.0,0,0.0,0.0
reg:human:16:33,REG,3,SPL1,1,0,False,0,0.0,0,False,0.0,0.0,0.0,0.0,2,0.3333333333333333,0.6666666666666666
reg:human:16:34,REG,3,BOT1,1,0,False,2,0.3333333333333333,0,False,0.6056338028169014,0.6056338028169014,0.380281690140845,0.9859154929577464,0,0.0,0.0
reg:human:16:34,REG,3,COR1,1,0,False,0,0.0,0,False,0.0,0.0,0.0,0.0,0,0.0,0.0
reg:human:16:34,REG,3,MUL1,1,0,False,0,0.0,0,False,0.0,0.0,0.0,0.0,0,0.0,0.0
reg:human:16:34,REG,3,OPEN,1,0,False,0,0.0,0,False,0.0,0.0,0.0,0.0,2,0.3333333333333333,0.6666666666666666
reg:human:16:34,REG,3,SPB1,1,0,False,0,0.0,0,False,0.0,0.0,0.0,0.0,0,0.0,0.0
reg:human:16:34,REG,3,SPL1,1,0,False,0,0.0,0,False,0.0,0.0,0.0,0.0,2,0.3333333333333333,0.6666666666666666
reg:human:16:35,REG,3,BOT1,1,0,False,2,0.3333333333333333,0,False,0.647887323943662,0.647887323943662,0.3380281690140845,0.9859154929577464,0,0.0,0.0
reg:human:16:35,REG,3,COR1,1,0,False,0,0.0,0,False,0.0,0.0,0.0,0.0,0,0.0,0.0
reg:human:16:31,REG,3,MUL1,1,0,False,0,0.0,0,False,0.0,0.0,0.0,0.0,0,0.0,0.0
reg:human:16:31,REG,3,OPEN,1,0,False,0,0.0,0,False,0.0,0.0,0.0,0.0,2,0.3333333333333333,0.6666666666666666
reg:human:16:31,REG,3,SPB1,1,0,False,0,0.0,0,False,0.0,0.0,0.0,0.0,0,0.0,0.0
reg:human:16:31,REG,3,SPL1,1,0,False,0,0.0,0,False,0.0,0.0,0.0,0.0,2,0.3333333333333333,0.6666666666666666
reg:human:16:32,REG,3,BOT1,1,0,False,2,0.3333333333333333,0,False,0.647887323943662,0.647887323943662,0.3380281690140845,0.9859154929577464,0,0.0,0.0
reg:human:16:32,REG,3,COR1,1,0,False,0,0.0,0,False,0.0,0.0,0.0,0.0,0,0.0,0.0
reg:human:16:32,REG,3,MUL1,1,0,False,0,0.0,0,False,0.0,0.0,0.0,0.0,0,0.0,0.0
reg:human:16:32,REG,3,OPEN,1,0,False,0,0.0,0,False,0.0,0.0,0.0,0.0,2,0.3333333333333333,0.6666666666666666
reg:human:16:35,REG,3,MUL1,1,0,False,0,0.0,0,False,0.0,0.0,0.0,0.0,0,0.0,0.0
reg:human:16:35,REG,3,OPEN,1,0,False,0,0.0,0,False,0.0,0.0,0.0,0.0,2,0.3333333333333333,0.6666666666666666
reg:human:16:35,REG,3,SPB1,1,0,False,0,0.0,0,False,0.0,0.0,0.0,0.0,0,0.0,0.0
reg:human:16:35,REG,3,SPL1,1,0,False,0,0.0,0,False,0.0,0.0,0.0,0.0,2,0.3333333333333333,0.6666666666666666
reg:human:16:36,REG,3,BOT1,1,0,False,2,0.3333333333333333,0,False,0.6056338028169014,0.6056338028169014,0.380281690140845,0.9859154929577464,0,0.0,0.0
reg:human:16:36,REG,3,COR1,1,0,False,0,0.0,0,False,0.0,0.0,0.0,0.0,0,0.0,0.0
reg:human:16:36,REG,3,MUL1,1,0,False,0,0.0,0,False,0.0,0.0,0.0,0.0,0,0.0,0.0
reg:human:16:36,REG,3,OPEN,1,0,False,0,0.0,0,False,0.0,0.0,0.0,0.0,2,0.3333333333333333,0.6666666666666666
reg:human:16:36,REG,3,SPB1,1,0,False,0,0.0,0,False,0.0,0.0,0.0,0.0,0,0.0,0.0
reg:human:16:36,REG,3,SPL1,1,0,False,0,0.0,0,False,0.0,0.0,0.0,0.0,2,0.3333333333333333,0.6666666666666666
reg:human:16:37,REG,3,BOT1,1,0,False,2,0.3333333333333333,0,False,0.647887323943662,0.647887323943662,0.3380281690140845,0.9859154929577464,0,0.0,0.0
reg:human:16:37,REG,3,COR1,1,0,False,0,0.0,0,False,0.0,0.0,0.0,0.0,0,0.0,0.0
reg:human:16:37,REG,3,MUL1,1,0,False,0,0.0,0,False,0.0,0.0,0.0,0.0,0,0.0,0.0
reg:human:16:37,REG,3,OPEN,1,0,False,0,0.0,0,False,0.0,0.0,0.0,0.0,2,0.3333333333333333,0.6666666666666666
reg:human:16:37,REG,3,SPB1,1,0,False,0,0.0,0,False,0.0,0.0,0.0,0.0,0,0.0,0.0
reg:human:16:37,REG,3,SPL1,1,0,False,0,0.0,0,False,0.0,0.0,0.0,0.0,2,0.3333333333333333,0.6666666666666666
reg:human:16:39,REG,3,MUL1,1,0,False,0,0.0,0,False,0.0,0.0,0.0,0.0,0,0.0,0.0
reg:human:16:39,REG,3,OPEN,1,0,False,0,0.0,0,False,0.0,0.0,0.0,0.0,2,0.3333333333333333,0.6666666666666666
reg:human:16:39,REG,3,SPB1,1,0,False,0,0.0,0,False,0.0,0.0,0.0,0.0,0,0.0,0.0
reg:human:16:39,REG,3,SPL1,1,0,False,0,0.0,0,False,0.0,0.0,0.0,0.0,2,0.3333333333333333,0.6666666666666666
reg:human:16:4,REG,3,BOT1,1,0,False,2,0.3333333333333333,0,False,0.6197183098591549,0.6197183098591549,0.3661971830985915,0.9859154929577464,0,0.0,0.0
reg:human:16:4,REG,3,COR1,1,0,False,0,0.0,0,False,0.0,0.0,0.0,0.0,0,0.0,0.0
reg:human:16:4,REG,3,MUL1,1,0,False,0,0.0,0,False,0.0,0.0,0.0,0.0,0,0.0,0.0
reg:human:16:4,REG,3,OPEN,1,0,False,0,0.0,0,False,0.0,0.0,0.0,0.0,2,0.3333333333333333,0.6666666666666666
reg:human:16:38,REG,3,BOT1,1,0,False,2,0.3333333333333333,0,False,0.6197183098591549,0.6197183098591549,0.3661971830985915,0.9859154929577464,0,0.0,0.0
reg:human:16:38,REG,3,COR1,1,0,False,0,0.0,0,False,0.0,0.0,0.0,0.0,0,0.0,0.0
reg:human:16:38,REG,3,MUL1,1,0,False,0,0.0,0,False,0.0,0.0,0.0,0.0,0,0.0,0.0
reg:human:16:38,REG,3,OPEN,1,0,False,0,0.0,0,False,0.0,0.0,0.0,0.0,2,0.3333333333333333,0.6666666666666666
reg:human:16:38,REG,3,SPB1,1,0,False,0,0.0,0,False,0.0,0.0,0.0,0.0,0,0.0,0.0
reg:human:16:38,REG,3,SPL1,1,0,False,0,0.0,0,False,0.0,0.0,0.0,0.0,2,0.3333333333333333,0.6666666666666666
reg:human:16:39,REG,3,BOT1,1,0,False,2,0.3333333333333333,0,False,0.5915492957746479,0.5915492957746479,0.3943661971830985,0.9859154929577464,0,0.0,0.0
reg:human:16:39,REG,3,COR1,1,0,False,0,0.0,0,False,0.0,0.0,0.0,0.0,0,0.0,0.0
reg:human:16:4,REG,3,SPB1,1,0,False,0,0.0,0,False,0.0,0.0,0.0,0.0,0,0.0,0.0
reg:human:16:4,REG,3,SPL1,1,0,False,0,0.0,0,False,0.0,0.0,0.0,0.0,2,0.3333333333333333,0.6666666666666666
reg:human:16:5,REG,3,BOT1,1,0,False,2,0.3333333333333333,0,False,0.647887323943662,0.647887323943662,0.3380281690140845,0.9859154929577464,0,0.0,0.0
reg:human:16:5,REG,3,COR1,1,0,False,0,0.0,0,False,0.0,0.0,0.0,0.0,0,0.0,0.0
reg:human:16:5,REG,3,MUL1,1,0,False,0,0.0,0,False,0.0,0.0,0.0,0.0,0,0.0,0.0
reg:human:16:5,REG,3,OPEN,1,0,False,0,0.0,0,False,0.0,0.0,0.0,0.0,2,0.3333333333333333,0.6666666666666666
reg:human:16:5,REG,3,SPB1,1,0,False,0,0.0,0,False,0.0,0.0,0.0,0.0,0,0.0,0.0
reg:human:16:5,REG,3,SPL1,1,0,False,0,0.0,0,False,0.0,0.0,0.0,0.0,2,0.3333333333333333,0.6666666666666666
reg:human:16:6,REG,3,BOT1,1,0,False,2,0.3333333333333333,0,False,0.6619718309859155,0.6619718309859155,0.323943661971831,0.9859154929577464,0,0.0,0.0
reg:human:16:6,REG,3,COR1,1,0,False,0,0.0,0,False,0.0,0.0,0.0,0.0,0,0.0,0.0
reg:human:16:6,REG,3,MUL1,1,0,False,0,0.0,0,False,0.0,0.0,0.0,0.0,0,0.0,0.0
reg:human:16:6,REG,3,OPEN,1,0,False,0,0.0,0,False,0.0,0.0,0.0,0.0,2,0.3333333333333333,0.6666666666666666
reg:human:16:6,REG,3,SPB1,1,0,False,0,0.0,0,False,0.0,0.0,0.0,0.0,0,0.0,0.0
reg:human:16:6,REG,3,SPL1,1,0,False,0,0.0,0,False,0.0,0.0,0.0,0.0,2,0.3333333333333333,0.6666666666666666
reg:human:16:7,REG,3,BOT1,1,0,False,2,0.3333333333333333,0,False,0.6619718309859155,0.6619718309859155,0.323943661971831,0.9859154929577464,0,0.0,0.0
reg:human:16:7,REG,3,COR1,1,0,False,0,0.0,0,False,0.0,0.0,0.0,0.0,0,0.0,0.0
reg:human:3:0,REG,3,BOT1,1,0,False,2,0.3333333333333333,0,False,0.704225352112676,0.704225352112676,0.2816901408450704,0.9859154929577464,2,0.3333333333333333,0.6666666666666666
reg:human:3:0,REG,3,COR1,1,0,False,0,0.0,0,False,0.0,0.0,0.0,0.0,6,1.0,1.0
reg:human:3:0,REG,3,MUL1,1,0,False,0,0.0,0,False,0.0,0.0,0.0,0.0,6,1.0,1.0
reg:human:3:0,REG,3,OPEN,1,0,False,0,0.0,0,False,0.0,0.0,0.0,0.0,6,1.0,1.0
reg:human:3:0,REG,3,SPB1,1,0,False,0,0.0,0,False,0.0,0.0,0.0,0.0,4,0.6666666666666666,1.0
reg:human:3:0,REG,3,SPL1,1,0,False,0,0.0,0,False,0.0,0.0,0.0,0.0,6,1.0,1.0
reg:human:4:0,REG,3,BOT1,1,0,False,2,0.3333333333333333,0,False,0.6197183098591549,0.6197183098591549,0.3661971830985915,0.9859154929577464,2,0.3333333333333333,0.6666666666666666
reg:human:4:0,REG,3,COR1,1,0,False,0,0.0,0,False,0.0,0.0,0.0,0.0,6,1.0,1.0
reg:human:16:7,REG,3,MUL1,1,0,False,0,0.0,0,False,0.0,0.0,0.0,0.0,0,0.0,0.0
reg:human:16:7,REG,3,OPEN,1,0,False,0,0.0,0,False,0.0,0.0,0.0,0.0,2,0.3333333333333333,0.6666666666666666
reg:human:16:7,REG,3,SPB1,1,0,False,0,0.0,0,False,0.0,0.0,0.0,0.0,0,0.0,0.0
reg:human:16:7,REG,3,SPL1,1,0,False,0,0.0,0,False,0.0,0.0,0.0,0.0,2,0.3333333333333333,0.6666666666666666
reg:human:16:8,REG,3,BOT1,1,0,False,2,0.3333333333333333,0,False,0.647887323943662,0.647887323943662,0.3380281690140845,0.9859154929577464,0,0.0,0.0
reg:human:16:8,REG,3,COR1,1,0,False,0,0.0,0,False,0.0,0.0,0.0,0.0,0,0.0,0.0
reg:human:16:8,REG,3,MUL1,1,0,False,0,0.0,0,False,0.0,0.0,0.0,0.0,0,0.0,0.0
reg:human:16:8,REG,3,OPEN,1,0,False,0,0.0,0,False,0.0,0.0,0.0,0.0,2,0.3333333333333333,0.6666666666666666
reg:human:5:0,REG,3,SPB1,1,0,False,0,0.0,0,False,0.0,0.0,0.0,0.0,2,0.3333333333333333,0.6666666666666666
reg:human:5:0,REG,3,SPL1,1,0,False,0,0.0,0,False,0.0,0.0,0.0,0.0,6,1.0,1.0
reg:human:6:0,REG,3,BOT1,1,0,False,2,0.3333333333333333,0,False,0.6197183098591549,0.6197183098591549,0.3661971830985915,0.9859154929577464,2,0.3333333333333333,0.6666666666666666
reg:human:6:0,REG,3,COR1,1,0,False,0,0.0,0,False,0.0,0.0,0.0,0.0,4,0.6666666666666666,1.0
reg:human:6:0,REG,3,MUL1,1,0,False,0,0.0,0,False,0.0,0.0,0.0,0.0,6,1.0,1.0
reg:human:6:0,REG,3,OPEN,1,0,False,0,0.0,0,False,0.0,0.0,0.0,0.0,6,1.0,1.0
reg:human:6:0,REG,3,SPB1,1,0,False,0,0.0,0,False,0.0,0.0,0.0,0.0,2,0.3333333333333333,0.6666666666666666
reg:human:6:0,REG,3,SPL1,1,0,False,0,0.0,0,False,0.0,0.0,0.0,0.0,6,1.0,1.0
reg:human:4:0,REG,3,MUL1,1,0,False,0,0.0,0,False,0.0,0.0,0.0,0.0,6,1.0,1.0
reg:human:4:0,REG,3,OPEN,1,0,False,0,0.0,0,False,0.0,0.0,0.0,0.0,6,1.0,1.0
reg:human:4:0,REG,3,SPB1,1,0,False,0,0.0,0,False,0.0,0.0,0.0,0.0,2,0.3333333333333333,0.6666666666666666
reg:human:4:0,REG,3,SPL1,1,0,False,0,0.0,0,False,0.0,0.0,0.0,0.0,6,1.0,1.0
reg:human:5:0,REG,3,BOT1,1,0,False,2,0.3333333333333333,0,False,0.7183098591549296,0.7183098591549296,0.2676056338028169,0.9859154929577464,2,0.3333333333333333,0.6666666666666666
reg:human:5:0,REG,3,COR1,1,0,False,0,0.0,0,False,0.0,0.0,0.0,0.0,4,0.6666666666666666,1.0
reg:human:5:0,REG,3,MUL1,1,0,False,0,0.0,0,False,0.0,0.0,0.0,0.0,6,1.0,1.0
reg:human:5:0,REG,3,OPEN,1,0,False,0,0.0,0,False,0.0,0.0,0.0,0.0,6,1.0,1.0
reg:human:8:0,REG,3,BOT1,1,0,False,2,0.3333333333333333,0,False,0.5633802816901409,0.5633802816901409,0.4225352112676056,0.9859154929577464,2,0.3333333333333333,0.6666666666666666
reg:human:8:0,REG,3,COR1,1,0,False,0,0.0,0,False,0.0,0.0,0.0,0.0,2,0.3333333333333333,0.6666666666666666
reg:human:8:0,REG,3,MUL1,1,0,False,0,0.0,0,False,0.0,0.0,0.0,0.0,4,0.6666666666666666,1.0
reg:human:8:0,REG,3,OPEN,1,0,False,0,0.0,0,False,0.0,0.0,0.0,0.0,6,1.0,1.0
reg:human:8:0,REG,3,SPB1,1,0,False,0,0.0,0,False,0.0,0.0,0.0,0.0,2,0.3333333333333333,0.6666666666666666
reg:human:8:0,REG,3,SPL1,1,0,False,0,0.0,0,False,0.0,0.0,0.0,0.0,6,1.0,1.0
reg:human:8:1,REG,3,BOT1,1,0,False,2,0.3333333333333333,0,False,0.7746478873239436,0.7746478873239436,0.2112676056338028,0.9859154929577464,0,0.0,0.0
reg:human:8:1,REG,3,COR1,1,0,False,0,0.0,0,False,0.0,0.0,0.0,0.0,2,0.3333333333333333,0.6666666666666666
reg:human:8:1,REG,3,MUL1,1,0,False,0,0.0,0,False,0.0,0.0,0.0,0.0,4,0.6666666666666666,1.0
reg:human:8:1,REG,3,OPEN,1,0,False,0,0.0,0,False,0.0,0.0,0.0,0.0,6,1.0,1.0
reg:human:8:1,REG,3,SPB1,1,0,False,0,0.0,0,False,0.0,0.0,0.0,0.0,0,0.0,0.0
reg:human:8:1,REG,3,SPL1,1,0,False,0,0.0,0,False,0.0,0.0,0.0,0.0,6,1.0,1.0
reg:human:8:10,REG,3,BOT1,1,0,False,2,0.3333333333333333,0,False,0.6338028169014085,0.6338028169014085,0.352112676056338,0.9859154929577464,0,0.0,0.0
reg:human:8:10,REG,3,COR1,1,0,False,0,0.0,0,False,0.0,0.0,0.0,0.0,2,0.3333333333333333,0.6666666666666666
reg:human:8:10,REG,3,MUL1,1,0,False,0,0.0,0,False,0.0,0.0,0.0,0.0,4,0.6666666666666666,1.0
reg:human:8:10,REG,3,OPEN,1,0,False,0,0.0,0,False,0.0,0.0,0.0,0.0,6,1.0,1.0
reg:human:8:10,REG,3,SPB1,1,0,False,0,0.0,0,False,0.0,0.0,0.0,0.0,0,0.0,0.0
reg:human:8:10,REG,3,SPL1,1,0,False,0,0.0,0,False,0.0,0.0,0.0,0.0,6,1.0,1.0
reg:human:8:11,REG,3,BOT1,1,0,False,2,0.3333333333333333,0,False,0.647887323943662,0.647887323943662,0.3380281690140845,0.9859154929577464,0,0.0,0.0
reg:human:8:11,REG,3,COR1,1,0,False,0,0.0,0,False,0.0,0.0,0.0,0.0,2,0.3333333333333333,0.6666666666666666
reg:human:8:11,REG,3,MUL1,1,0,False,0,0.0,0,False,0.0,0.0,0.0,0.0,4,0.6666666666666666,1.0
reg:human:8:11,REG,3,OPEN,1,0,False,0,0.0,0,False,0.0,0.0,0.0,0.0,6,1.0,1.0
reg:human:8:11,REG,3,SPB1,1,0,False,0,0.0,0,False,0.0,0.0,0.0,0.0,0,0.0,0.0
reg:human:8:11,REG,3,SPL1,1,0,False,0,0.0,0,False,0.0,0.0,0.0,0.0,6,1.0,1.0
reg:human:16:8,REG,3,SPB1,1,0,False,0,0.0,0,False,0.0,0.0,0.0,0.0,0,0.0,0.0
reg:human:16:8,REG,3,SPL1,1,0,False,0,0.0,0,False,0.0,0.0,0.0,0.0,2,0.3333333333333333,0.6666666666666666
reg:human:16:9,REG,3,BOT1,1,0,False,2,0.3333333333333333,0,False,0.6056338028169014,0.6056338028169014,0.380281690140845,0.9859154929577464,0,0.0,0.0
reg:human:16:9,REG,3,COR1,1,0,False,0,0.0,0,False,0.0,0.0,0.0,0.0,0,0.0,0.0
reg:human:16:9,REG,3,MUL1,1,0,False,0,0.0,0,False,0.0,0.0,0.0,0.0,0,0.0,0.0
reg:human:16:9,REG,3,OPEN,1,0,False,0,0.0,0,False,0.0,0.0,0.0,0.0,2,0.3333333333333333,0.6666666666666666
reg:human:16:9,REG,3,SPB1,1,0,False,0,0.0,0,False,0.0,0.0,0.0,0.0,0,0.0,0.0
reg:human:16:9,REG,3,SPL1,1,0,False,0,0.0,0,False,0.0,0.0,0.0,0.0,2,0.3333333333333333,0.6666666666666666
reg:human:8:2,REG,3,BOT1,1,0,False,2,0.3333333333333333,0,False,0.7323943661971831,0.7323943661971831,0.2535211267605634,0.9859154929577464,0,0.0,0.0
reg:human:8:2,REG,3,COR1,1,0,False,0,0.0,0,False,0.0,0.0,0.0,0.0,2,0.3333333333333333,0.6666666666666666
reg:human:8:2,REG,3,MUL1,1,0,False,0,0.0,0,False,0.0,0.0,0.0,0.0,4,0.6666666666666666,1.0
reg:human:8:2,REG,3,OPEN,1,0,False,0,0.0,0,False,0.0,0.0,0.0,0.0,6,1.0,1.0
reg:human:8:2,REG,3,SPB1,1,0,False,0,0.0,0,False,0.0,0.0,0.0,0.0,2,0.3333333333333333,0.6666666666666666
reg:human:8:2,REG,3,SPL1,1,0,False,0,0.0,0,False,0.0,0.0,0.0,0.0,6,1.0,1.0
reg:human:8:3,REG,3,BOT1,1,0,False,2,0.3333333333333333,0,False,0.5633802816901409,0.5633802816901409,0.4225352112676056,0.9859154929577464,2,0.3333333333333333,0.6666666666666666
reg:human:8:3,REG,3,COR1,1,0,False,0,0.0,0,False,0.0,0.0,0.0,0.0,2,0.3333333333333333,0.6666666666666666
reg:human:8:4,REG,3,SPB1,1,0,False,0,0.0,0,False,0.0,0.0,0.0,0.0,0,0.0,0.0
reg:human:8:4,REG,3,SPL1,1,0,False,0,0.0,0,False,0.0,0.0,0.0,0.0,6,1.0,1.0
reg:human:8:5,REG,3,BOT1,1,0,False,2,0.3333333333333333,0,False,0.704225352112676,0.704225352112676,0.2816901408450704,0.9859154929577464,2,0.3333333333333333,0.6666666666666666
reg:human:8:5,REG,3,COR1,1,0,False,0,0.0,0,False,0.0,0.0,0.0,0.0,2,0.3333333333333333,0.6666666666666666
reg:human:8:5,REG,3,MUL1,1,0,False,0,0.0,0,False,0.0,0.0,0.0,0.0,4,0.6666666666666666,1.0
reg:human:8:5,REG,3,OPEN,1,0,False,0,0.0,0,False,0.0,0.0,0.0,0.0,6,1.0,1.0
reg:human:8:5,REG,3,SPB1,1,0,False,0,0.0,0,False,0.0,0.0,0.0,0.0,0,0.0,0.0
reg:human:8:5,REG,3,SPL1,1,0,False,0,0.0,0,False,0.0,0.0,0.0,0.0,6,1.0,1.0
reg:human:8:6,REG,3,BOT1,1,0,False,2,0.3333333333333333,0,False,0.6338028169014085,0.6338028169014085,0.352112676056338,0.9859154929577464,0,0.0,0.0
reg:human:8:6,REG,3,COR1,1,0,False,0,0.0,0,False,0.0,0.0,0.0,0.0,2,0.3333333333333333,0.6666666666666666
reg:human:8:6,REG,3,MUL1,1,0,False,0,0.0,0,False,0.0,0.0,0.0,0.0,4,0.6666666666666666,1.0
reg:human:8:6,REG,3,OPEN,1,0,False,0,0.0,0,False,0.0,0.0,0.0,0.0,6,1.0,1.0
reg:human:8:6,REG,3,SPB1,1,0,False,0,0.0,0,False,0.0,0.0,0.0,0.0,0,0.0,0.0
reg:human:8:6,REG,3,SPL1,1,0,False,0,0.0,0,False,0.0,0.0,0.0,0.0,6,1.0,1.0
reg:human:8:7,REG,3,BOT1,1,0,False,2,0.3333333333333333,0,False,0.5633802816901409,0.5633802816901409,0.4225352112676056,0.9859154929577464,2,0.3333333333333333,0.6666666666666666
reg:human:8:7,REG,3,COR1,1,0,False,0,0.0,0,False,0.0,0.0,0.0,0.0,2,0.3333333333333333,0.6666666666666666
reg:human:8:3,REG,3,MUL1,1,0,False,0,0.0,0,False,0.0,0.0,0.0,0.0,4,0.6666666666666666,1.0
reg:human:8:3,REG,3,OPEN,1,0,False,0,0.0,0,False,0.0,0.0,0.0,0.0,6,1.0,1.0
reg:human:8:3,REG,3,SPB1,1,0,False,0,0.0,0,False,0.0,0.0,0.0,0.0,2,0.3333333333333333,0.6666666666666666
reg:human:8:3,REG,3,SPL1,1,0,False,0,0.0,0,False,0.0,0.0,0.0,0.0,6,1.0,1.0
reg:human:8:4,REG,3,BOT1,1,0,False,2,0.3333333333333333,0,False,0.5633802816901409,0.5633802816901409,0.4225352112676056,0.9859154929577464,2,0.3333333333333333,0.6666666666666666
reg:human:8:4,REG,3,COR1,1,0,False,0,0.0,0,False,0.0,0.0,0.0,0.0,2,0.3333333333333333,0.6666666666666666
reg:human:8:4,REG,3,MUL1,1,0,False,0,0.0,0,False,0.0,0.0,0.0,0.0,4,0.6666666666666666,1.0
reg:human:8:4,REG,3,OPEN,1,0,False,0,0.0,0,False,0.0,0.0,0.0,0.0,6,1.0,1.0
reg:human:8:7,REG,3,MUL1,1,0,False,0,0.0,0,False,0.0,0.0,0.0,0.0,4,0.6666666666666666,1.0
reg:human:8:7,REG,3,OPEN,1,0,False,0,0.0,0,False,0.0,0.0,0.0,0.0,6,1.0,1.0
reg:human:8:7,REG,3,SPB1,1,0,False,0,0.0,0,False,0.0,0.0,0.0,0.0,2,0.3333333333333333,0.6666666666666666
reg:human:8:7,REG,3,SPL1,1,0,False,0,0.0,0,False,0.0,0.0,0.0,0.0,6,1.0,1.0
reg:human:8:8,REG,3,BOT1,1,0,False,2,0.3333333333333333,0,False,0.6197183098591549,0.6197183098591549,0.3661971830985915,0.9859154929577464,2,0.3333333333333333,0.6666666666666666
reg:human:8:8,REG,3,COR1,1,0,False,0,0.0,0,False,0.0,0.0,0.0,0.0,2,0.3333333333333333,0.6666666666666666
reg:human:8:8,REG,3,MUL1,1,0,False,0,0.0,0,False,0.0,0.0,0.0,0.0,4,0.6666666666666666,1.0
reg:human:8:8,REG,3,OPEN,1,0,False,0,0.0,0,False,0.0,0.0,0.0,0.0,6,1.0,1.0
reg:human:8:8,REG,3,SPB1,1,0,False,0,0.0,0,False,0.0,0.0,0.0,0.0,2,0.3333333333333333,0.6666666666666666
reg:human:8:8,REG,3,SPL1,1,0,False,0,0.0,0,False,0.0,0.0,0.0,0.0,6,1.0,1.0
reg:human:8:9,REG,3,BOT1,1,0,False,2,0.3333333333333333,0,False,0.6901408450704225,0.6901408450704225,0.2957746478873239,0.9859154929577464,0,0.0,0.0
reg:human:8:9,REG,3,COR1,1,0,False,0,0.0,0,False,0.0,0.0,0.0,0.0,2,0.3333333333333333,0.6666666666666666
reg:human:8:9,REG,3,MUL1,1,0,False,0,0.0,0,False,0.0,0.0,0.0,0.0,4,0.6666666666666666,1.0
reg:human:8:9,REG,3,OPEN,1,0,False,0,0.0,0,False,0.0,0.0,0.0,0.0,6,1.0,1.0
reg:human:8:9,REG,3,SPB1,1,0,False,0,0.0,0,False,0.0,0.0,0.0,0.0,2,0.3333333333333333,0.6666666666666666
reg:human:8:9,REG,3,SPL1,1,0,False,0,0.0,0,False,0.0,0.0,0.0,0.0,6,1.0,1.0
reg:landscape:10:0,REG,3,BOT1,1,0,False,2,0.3333333333333333,0,False,0.5445544554455446,0.5445544554455446,0.4455445544554455,0.99009900990099,0,0.0,0.0
reg:landscape:10:0,REG,3,COR1,1,0,False,0,0.0,0,False,0.0,0.0,0.0,0.0,2,0.3333333333333333,0.6666666666666666
reg:landscape:10:0,REG,3,MUL1,1,0,False,0,0.0,0,False,0.0,0.0,0.0,0.0,6,1.0,1.0
reg:landscape:10:0,REG,3,OPEN,1,0,False,0,0.0,0,False,0.0,0.0,0.0,0.0,6,1.0,1.0
reg:landscape:10:0,REG,3,SPB1,1,0,False,0,0.0,0,False,0.0,0.0,0.0,0.0,0,0.0,0.0
reg:landscape:10:0,REG,3,SPL1,1,0,False,0,0.0,0,False,0.0,0.0,0.0,0.0,6,1.0,1.0
reg:landscape:10:1,REG,3,BOT1,1,0,False,2,0.3333333333333333,0,False,0.6039603960396039,0.6039603960396039,0.3861386138613861,0.99009900990099,0,0.0,0.0
reg:landscape:10:1,REG,3,COR1,1,0,False,0,0.0,0,False,0.0,0.0,0.0,0.0,2,0.3333333333333333,0.6666666666666666
reg:landscape:10:2,REG,3,SPB1,1,0,False,0,0.0,0,False,0.0,0.0,0.0,0.0,0,0.0,0.0
reg:landscape:10:2,REG,3,SPL1,1,0,False,0,0.0,0,False,0.0,0.0,0.0,0.0,6,1.0,1.0
reg:landscape:10:3,REG,3,BOT1,1,0,False,2,0.3333333333333333,0,False,0.5841584158415841,0.5841584158415841,0.4059405940594059,0.99009900990099,2,0.3333333333333333,0.6666666666666666
reg:landscape:10:3,REG,3,COR1,1,0,False,0,0.0,0,False,0.0,0.0,0.0,0.0,2,0.3333333333333333,0.6666666666666666
reg:landscape:10:3,REG,3,MUL1,1,0,False,0,0.0,0,False,0.0,0.0,0.0,0.0,6,1.0,1.0
reg:landscape:10:3,REG,3,OPEN,1,0,False,0,0.0,0,False,0.0,0.0,0.0,0.0,6,1.0,1.0
reg:landscape:10:3,REG,3,SPB1,1,0,False,0,0.0,0,False,0.0,0.0,0.0,0.0,2,0.3333333333333333,0.6666666666666666
reg:landscape:10:3,REG,3,SPL1,1,0,False,0,0.0,0,False,0.0,0.0,0.0,0.0,6,1.0,1.0
reg:landscape:10:4,REG,3,BOT1,1,0,False,2,0.3333333333333333,0,False,0.5445544554455446,0.5445544554455446,0.4455445544554455,0.99009900990099,0,0.0,0.0
reg:landscape:10:4,REG,3,COR1,1,0,False,0,0.0,0,False,0.0,0.0,0.0,0.0,4,0.6666666666666666,1.0
reg:landscape:10:4,REG,3,MUL1,1,0,False,0,0.0,0,False,0.0,0.0,0.0,0.0,6,1.0,1.0
reg:landscape:10:4,REG,3,OPEN,1,0,False,0,0.0,0,False,0.0,0.0,0.0,0.0,6,1.0,1.0
reg:landscape:10:4,REG,3,SPB1,1,0,False,0,0.0,0,False,0.0,0.0,0.0,0.0,0,0.0,0.0
reg:landscape:10:4,REG,3,SPL1,1,0,False,0,0.0,0,False,0.0,0.0,0.0,0.0,6,1.0,1.0
reg:landscape:10:5,REG,3,BOT1,1,0,False,2,0.3333333333333333,0,False,0.5841584158415841,0.5841584158415841,0.4059405940594059,0.99009900990099,2,0.3333333333333333,0.6666666666666666
reg:landscape:10:5,REG,3,COR1,1,0,False,0,0.0,0,False,0.0,0.0,0.0,0.0,2,0.3333333333333333,0.6666666666666666
reg:landscape:10:1,REG,3,MUL1,1,0,False,0,0.0,0,False,0.0,0.0,0.0,0.0,6,1.0,1.0
reg:landscape:10:1,REG,3,OPEN,1,0,False,0,0.0,0,False,0.0,0.0,0.0,0.0,6,1.0,1.0
reg:landscape:10:1,REG,3,SPB1,1,0,False,0,0.0,0,False,0.0,0.0,0.0,0.0,0,0.0,0.0
reg:landscape:10:1,REG,3,SPL1,1,0,False,0,0.0,0,False,0.0,0.0,0.0,0.0,6,1.0,1.0
reg:landscape:10:2,REG,3,BOT1,1,0,False,2,0.3333333333333333,0,False,0.6039603960396039,0.6039603960396039,0.3861386138613861,0.99009900990099,0,0.0,0.0
reg:landscape:10:2,REG,3,COR1,1,0,False,0,0.0,0,False,0.0,0.0,0.0,0.0,4,0.6666666666666666,1.0
reg:landscape:10:2,REG,3,MUL1,1,0,False,0,0.0,0,False,0.0,0.0,0.0,0.0,6,1.0,1.0
reg:landscape:10:2,REG,3,OPEN,1,0,False,0,0.0,0,False,0.0,0.0,0.0,0.0,6,1.0,1.0
reg:landscape:10:5,REG,3,MUL1,1,0,False,0,0.0,0,False,0.0,0.0,0.0,0.0,6,1.0,1.0
reg:landscape:10:5,REG,3,OPEN,1,0,False,0,0.0,0,False,0.0,0.0,0.0,0.0,6,1.0,1.0
reg:landscape:10:5,REG,3,SPB1,1,0,False,0,0.0,0,False,0.0,0.0,0.0,0.0,2,0.3333333333333333,0.6666666666666666
reg:landscape:10:5,REG,3,SPL1,1,0,False,0,0.0,0,False,0.0,0.0,0.0,0.0,6,1.0,1.0
reg:landscape:10:6,REG,3,BOT1,1,0,False,2,0.3333333333333333,0,False,0.5841584158415841,0.5841584158415841,0.4059405940594059,0.99009900990099,2,0.3333333333333333,0.6666666666666666
reg:landscape:10:6,REG,3,COR1,1,0,False,0,0.0,0,False,0.0,0.0,0.0,0.0,4,0.6666666666666666,1.0
reg:landscape:10:6,REG,3,MUL1,1,0,False,0,0.0,0,False,0.0,0.0,0.0,0.0,6,1.0,1.0
reg:landscape:10:6,REG,3,OPEN,1,0,False,0,0.0,0,False,0.0,0.0,0.0,0.0,6,1.0,1.0
reg:landscape:10:6,REG,3,SPB1,1,0,False,0,0.0,0,False,0.0,0.0,0.0,0.0,2,0.3333333333333333,0.6666666666666666
reg:landscape:10:6,REG,3,SPL1,1,0,False,0,0.0,0,False,0.0,0.0,0.0,0.0,6,1.0,1.0
reg:landscape:10:7,REG,3,BOT1,1,0,False,2,0.3333333333333333,0,False,0.5841584158415841,0.5841584158415841,0.4059405940594059,0.99009900990099,2,0.3333333333333333,0.6666666666666666
reg:landscape:10:7,REG,3,COR1,1,0,False,0,0.0,0,False,0.0,0.0,0.0,0.0,4,0.6666666666666666,1.0
reg:landscape:10:7,REG,3,MUL1,1,0,False,0,0.0,0,False,0.0,0.0,0.0,0.0,6,1.0,1.0
reg:landscape:10:7,REG,3,OPEN,1,0,False,0,0.0,0,False,0.0,0.0,0.0,0.0,6,1.0,1.0
reg:landscape:10:7,REG,3,SPB1,1,0,False,0,0.0,0,False,0.0,0.0,0.0,0.0,2,0.3333333333333333,0.6666666666666666
reg:landscape:10:7,REG,3,SPL1,1,0,False,0,0.0,0,False,0.0,0.0,0.0,0.0,6,1.0,1.0
reg:landscape:12:0,REG,3,BOT1,1,0,False,2,0.3333333333333333,0,False,0.6534653465346535,0.6534653465346535,0.3366336633663366,0.99009900990099,0,0.0,0.0
reg:landscape:12:0,REG,3,COR1,1,0,False,0,0.0,0,False,0.0,0.0,0.0,0.0,2,0.3333333333333333,0.6666666666666666
reg:landscape:12:0,REG,3,MUL1,1,0,False,0,0.0,0,False,0.0,0.0,0.0,0.0,4,0.6666666666666666,1.0
reg:landscape:12:0,REG,3,OPEN,1,0,False,0,0.0,0,False,0.0,0.0,0.0,0.0,6,1.0,1.0
reg:landscape:12:0,REG,3,SPB1,1,0,False,0,0.0,0,False,0.0,0.0,0.0,0.0,0,0.0,0.0
reg:landscape:12:0,REG,3,SPL1,1,0,False,0,0.0,0,False,0.0,0.0,0.0,0.0,4,0.6666666666666666,1.0
reg:landscape:12:1,REG,3,BOT1,1,0,False,2,0.3333333333333333,0,False,0.6534653465346535,0.6534653465346535,0.3366336633663366,0.99009900990099,2,0.3333333333333333,0.6666666666666666
reg:landscape:12:1,REG,3,COR1,1,0,False,0,0.0,0,False,0.0,0.0,0.0,0.0,2,0.3333333333333333,0.6666666666666666
reg:landscape:12:1,REG,3,MUL1,1,0,False,0,0.0,0,False,0.0,0.0,0.0,0.0,4,0.6666666666666666,1.0
reg:landscape:12:1,REG,3,OPEN,1,0,False,0,0.0,0,False,0.0,0.0,0.0,0.0,6,1.0,1.0
reg:landscape:12:1,REG,3,SPB1,1,0,False,0,0.0,0,False,0.0,0.0,0.0,0.0,2,0.3333333333333333,0.6666666666666666
reg:landscape:12:1,REG,3,SPL1,1,0,False,0,0.0,0,False,0.0,0.0,0.0,0.0,4,0.6666666666666666,1.0
reg:landscape:12:10,REG,3,BOT1,1,0,False,2,0.3333333333333333,0,False,0.5841584158415841,0.5841584158415841,0.4059405940594059,0.99009900990099,2,0.3333333333333333,0.6666666666666666
reg:landscape:12:10,REG,3,COR1,1,0,False,0,0.0,0,False,0.0,0.0,0.0,0.0,2,0.3333333333333333,0.6666666666666666
reg:landscape:12:10,REG,3,MUL1,1,0,False,0,0.0,0,False,0.0,0.0,0.0,0.0,4,0.6666666666666666,1.0
reg:landscape:12:10,REG,3,OPEN,1,0,False,0,0.0,0,False,0.0,0.0,0.0,0.0,6,1.0,1.0
reg:landscape:12:10,REG,3,SPB1,1,0,False,0,0.0,0,False,0.0,0.0,0.0,0.0,2,0.3333333333333333,0.6666666666666666
reg:landscape:12:10,REG,3,SPL1,1,0,False,0,0.0,0,False,0.0,0.0,0.0,0.0,4,0.6666666666666666,1.0
reg:landscape:12:11,REG,3,BOT1,1,0,False,2,0.3333333333333333,0,False,0.5841584158415841,0.5841584158415841,0.4059405940594059,0.99009900990099,2,0.3333333333333333,0.6666666666666666
reg:landscape:12:11,REG,3,COR1,1,0,False,0,0.0,0,False,0.0,0.0,0.0,0.0,2,0.3333333333333333,0.6666666666666666
reg:landscape:12:11,REG,3,MUL1,1,0,False,0,0.0,0,False,0.0,0.0,0.0,0.0,4,0.6666666666666666,1.0
reg:landscape:12:11,REG,3,OPEN,1,0,False,0,0.0,0,False,0.0,0.0,0.0,0.0,6,1.0,1.0
reg:landscape:12:11,REG,3,SPB1,1,0,False,0,0.0,0,False,0.0,0.0,0.0,0.0,2,0.3333333333333333,0.6666666666666666
reg:landscape:12:11,REG,3,SPL1,1,0,False,0,0.0,0,False,0.0,0.0,0.0,0.0,4,0.6666666666666666,1.0
reg:landscape:12:2,REG,3,BOT1,1,0,False,2,0.3333333333333333,0,False,0.6534653465346535,0.6534653465346535,0.3366336633663366,0.99009900990099,0,0.0,0.0
reg:landscape:12:2,REG,3,COR1,1,0,False,0,0.0,0,False,0.0,0.0,0.0,0.0,0,0.0,0.0
reg:landscape:12:2,REG,3,MUL1,1,0,False,0,0.0,0,False,0.0,0.0,0.0,0.0,4,0.6666666666666666,1.0
reg:landscape:12:2,REG,3,OPEN,1,0,False,0,0.0,0,False,0.0,0.0,0.0,0.0,6,1.0,1.0
reg:landscape:12:2,REG,3,SPB1,1,0,False,0,0.0,0,False,0.0,0.0,0.0,0.0,0,0.0,0.0
reg:landscape:12:2,REG,3,SPL1,1,0,False,0,0.0,0,False,0.0,0.0,0.0,0.0,4,0.6666666666666666,1.0
reg:landscape:12:3,REG,3,BOT1,1,0,False,2,0.3333333333333333,0,False,0.6336633663366337,0.6336633663366337,0.3564356435643564,0.99009900990099,0,0.0,0.0
reg:landscape:12:3,REG,3,COR1,1,0,False,0,0.0,0,False,0.0,0.0,0.0,0.0,0,0.0,0.0
reg:landscape:12:3,REG,3,MUL1,1,0,False,0,0.0,0,False,0.0,0.0,0.0,0.0,4,0.6666666666666666,1.0
reg:landscape:12:3,REG,3,OPEN,1,0,False,0,0.0,0,False,0.0,0.0,0.0,0.0,6,1.0,1.0
reg:landscape:12:3,REG,3,SPB1,1,0,False,0,0.0,0,False,0.0,0.0,0.0,0.0,0,0.0,0.0
reg:landscape:12:3,REG,3,SPL1,1,0,False,0,0.0,0,False,0.0,0.0,0.0,0.0,4,0.6666666666666666,1.0
reg:landscape:12:4,REG,3,BOT1,1,0,False,2,0.3333333333333333,0,False,0.5841584158415841,0.5841584158415841,0.4059405940594059,0.99009900990099,0,0.0,0.0
reg:landscape:12:4,REG,3,COR1,1,0,False,0,0.0,0,False,0.0,0.0,0.0,0.0,0,0.0,0.0
reg:landscape:12:4,REG,3,MUL1,1,0,False,0,0.0,0,False,0.0,0.0,0.0,0.0,4,0.6666666666666666,1.0
reg:landscape:12:4,REG,3,OPEN,1,0,False,0,0.0,0,False,0.0,0.0,0.0,0.0,6,1.0,1.0
reg:landscape:12:4,REG,3,SPB1,1,0,False,0,0.0,0,False,0.0,0.0,0.0,0.0,0,0.0,0.0
reg:landscape:12:4,REG,3,SPL1,1,0,False,0,0.0,0,False,0.0,0.0,0.0,0.0,4,0.6666666666666666,1.0
reg:landscape:12:5,REG,3,BOT1,1,0,False,2,0.3333333333333333,0,False,0.5841584158415841,0.5841584158415841,0.4059405940594059,0.99009900990099,0,0.0,0.0
reg:landscape:12:5,REG,3,COR1,1,0,False,0,0.0,0,False,0.0,0.0,0.0,0.0,0,0.0,0.0
reg:landscape:12:5,REG,3,MUL1,1,0,False,0,0.0,0,False,0.0,0.0,0.0,0.0,4,0.6666666666666666,1.0
reg:landscape:12:5,REG,3,OPEN,1,0,False,0,0.0,0,False,0.0,0.0,0.0,0.0,6,1.0,1.0
reg:landscape:12:5,REG,3,SPB1,1,0,False,0,0.0,0,False,0.0,0.0,0.0,0.0,0,0.0,0.0
reg:landscape:12:5,REG,3,SPL1,1,0,False,0,0.0,0,False,0.0,0.0,0.0,0.0,4,0.6666666666666666,1.0
reg:landscape:12:6,REG,3,BOT1,1,0,False,2,0.3333333333333333,0,False,0.5841584158415841,0.5841584158415841,0.4059405940594059,0.99009900990099,2,0.3333333333333333,0.6666666666666666
reg:landscape:12:6,REG,3,COR1,1,0,False,0,0.0,0,False,0.0,0.0,0.0,0.0,2,0.3333333333333333,0.6666666666666666
reg:landscape:12:6,REG,3,MUL1,1,0,False,0,0.0,0,False,0.0,0.0,0.0,0.0,4,0.6666666666666666,1.0
reg:landscape:12:6,REG,3,OPEN,1,0,False,0,0.0,0,False,0.0,0.0,0.0,0.0,6,1.0,1.0
reg:landscape:12:6,REG,3,SPB1,1,0,False,0,0.0,0,False,0.0,0.0,0.0,0.0,2,0.3333333333333333,0.6666666666666666
reg:landscape:12:6,REG,3,SPL1,1,0,False,0,0.0,0,False,0.0,0.0,0.0,0.0,4,0.6666666666666666,1.0
reg:landscape:12:7,REG,3,BOT1,1,0,False,2,0.3333333333333333,0,False,0.6336633663366337,0.6336633663366337,0.3564356435643564,0.99009900990099,0,0.0,0.0
reg:landscape:12:7,REG,3,COR1,1,0,False,0,0.0,0,False,0.0,0.0,0.0,0.0,2,0.3333333333333333,0.6666666666666666
reg:landscape:12:7,REG,3,MUL1,1,0,False,0,0.0,0,False,0.0,0.0,0.0,0.0,4,0.6666666666666666,1.0
reg:landscape:12:7,REG,3,OPEN,1,0,False,0,0.0,0,False,0.0,0.0,0.0,0.0,6,1.0,1.0
reg:landscape:12:7,REG,3,SPB1,1,0,False,0,0.0,0,False,0.0,0.0,0.0,0.0,0,0.0,0.0
reg:landscape:12:7,REG,3,SPL1,1,0,False,0,0.0,0,False,0.0,0.0,0.0,0.0,4,0.6666666666666666,1.0
reg:landscape:12:8,REG,3,BOT1,1,0,False,2,0.3333333333333333,0,False,0.6534653465346535,0.6534653465346535,0.3366336633663366,0.99009900990099,2,0.3333333333333333,0.6666666666666666
reg:landscape:12:8,REG,3,COR1,1,0,False,0,0.0,0,False,0.0,0.0,0.0,0.0,2,0.3333333333333333,0.6666666666666666
reg:landscape:12:8,REG,3,MUL1,1,0,False,0,0.0,0,False,0.0,0.0,0.0,0.0,4,0.6666666666666666,1.0
reg:landscape:12:8,REG,3,OPEN,1,0,False,0,0.0,0,False,0.0,0.0,0.0,0.0,6,1.0,1.0
reg:landscape:12:8,REG,3,SPB1,1,0,False,0,0.0,0,False,0.0,0.0,0.0,0.0,2,0.3333333333333333,0.6666666666666666
reg:landscape:12:8,REG,3,SPL1,1,0,False,0,0.0,0,False,0.0,0.0,0.0,0.0,4,0.6666666666666666,1.0
reg:landscape:12:9,REG,3,BOT1,1,0,False,2,0.3333333333333333,0,False,0.5841584158415841,0.5841584158415841,0.4059405940594059,0.99009900990099,2,0.3333333333333333,0.6666666666666666
reg:landscape:12:9,REG,3,COR1,1,0,False,0,0.0,0,False,0.0,0.0,0.0,0.0,2,0.3333333333333333,0.6666666666666666
reg:landscape:12:9,REG,3,MUL1,1,0,False,0,0.0,0,False,0.0,0.0,0.0,0.0,4,0.6666666666666666,1.0
reg:landscape:12:9,REG,3,OPEN,1,0,False,0,0.0,0,False,0.0,0.0,0.0,0.0,6,1.0,1.0
reg:landscape:12:9,REG,3,SPB1,1,0,False,0,0.0,0,False,0.0,0.0,0.0,0.0,2,0.3333333333333333,0.6666666666666666
reg:landscape:12:9,REG,3,SPL1,1,0,False,0,0.0,0,False,0.0,0.0,0.0,0.0,4,0.6666666666666666,1.0
reg:landscape:16:0,REG,3,BOT1,1,0,False,2,0.3333333333333333,0,False,0.693069306930693,0.693069306930693,0.297029702970297,0.99009900990099,0,0.0,0.0
reg:landscape:16:0,REG,3,COR1,1,0,False,0,0.0,0,False,0.0,0.0,0.0,0.0,2,0.3333333333333333,0.6666666666666666
reg:landscape:16:0,REG,3,MUL1,1,0,False,0,0.0,0,False,0.0,0.0,0.0,0.0,4,0.6666666666666666,1.0
reg:landscape:16:0,REG,3,OPEN,1,0,False,0,0.0,0,False,0.0,0.0,0.0,0.0,6,1.0,1.0
reg:landscape:16:0,REG,3,SPB1,1,0,False,0,0.0,0,False,0.0,0.0,0.0,0.0,0,0.0,0.0
reg:landscape:16:0,REG,3,SPL1,1,0,False,0,0.0,0,False,0.0,0.0,0.0,0.0,4,0.6666666666666666,1.0
reg:landscape:16:1,REG,3,BOT1,1,0,False,2,0.3333333333333333,0,False,0.6534653465346535,0.6534653465346535,0.3366336633663366,0.99009900990099,0,0.0,0.0
reg:landscape:16:1,REG,3,COR1,1,0,False,0,0.0,0,False,0.0,0.0,0.0,0.0,0,0.0,0.0
reg:landscape:16:1,REG,3,MUL1,1,0,False,0,0.0,0,False,0.0,0.0,0.0,0.0,4,0.6666666666666666,1.0
reg:landscape:16:1,REG,3,OPEN,1,0,False,0,0.0,0,False,0.0,0.0,0.0,0.0,6,1.0,1.0
reg:landscape:16:1,REG,3,SPB1,1,0,False,0,0.0,0,False,0.0,0.0,0.0,0.0,2,0.3333333333333333,0.6666666666666666
reg:landscape:16:1,REG,3,SPL1,1,0,False,0,0.0,0,False,0.0,0.0,0.0,0.0,4,0.6666666666666666,1.0
reg:landscape:16:10,REG,3,BOT1,1,0,False,2,0.3333333333333333,0,False,0.7029702970297029,0.7029702970297029,0.2871287128712871,0.99009900990099,0,0.0,0.0
reg:landscape:16:10,REG,3,COR1,1,0,False,0,0.0,0,False,0.0,0.0,0.0,0.0,2,0.3333333333333333,0.6666666666666666
reg:landscape:16:10,REG,3,MUL1,1,0,False,0,0.0,0,False,0.0,0.0,0.0,0.0,4,0.6666666666666666,1.0
reg:landscape:16:10,REG,3,OPEN,1,0,False,0,0.0,0,False,0.0,0.0,0.0,0.0,6,1.0,1.0
reg:landscape:16:10,REG,3,SPB1,1,0,False,0,0.0,0,False,0.0,0.0,0.0,0.0,2,0.3333333333333333,0.6666666666666666
reg:landscape:16:10,REG,3,SPL1,1,0,False,0,0.0,0,False,0.0,0.0,0.0,0.0,4,0.6666666666666666,1.0
reg:landscape:16:11,REG,3,BOT1,1,0,False,2,0.3333333333333333,0,False,0.6534653465346535,0.6534653465346535,0.3366336633663366,0.99009900990099,0,0.0,0.0
reg:landscape:16:11,REG,3,COR1,1,0,False,0,0.0,0,False,0.0,0.0,0.0,0.0,2,0.3333333333333333,0.6666666666666666
reg:landscape:16:11,REG,3,MUL1,1,0,False,0,0.0,0,False,0.0,0.0,0.0,0.0,2,0.3333333333333333,0.6666666666666666
reg:landscape:16:11,REG,3,OPEN,1,0,False,0,0.0,0,False,0.0,0.0,0.0,0.0,6,1.0,1.0
reg:landscape:16:11,REG,3,SPB1,1,0,False,0,0.0,0,False,0.0,0.0,0.0,0.0,0,0.0,0.0
reg:landscape:16:11,REG,3,SPL1,1,0,False,0,0.0,0,False,0.0,0.0,0.0,0.0,4,0.6666666666666666,1.0
reg:landscape:16:12,REG,3,BOT1,1,0,False,2,0.3333333333333333,0,False,0.7029702970297029,0.7029702970297029,0.2871287128712871,0.99009900990099,0,0.0,0.0
reg:landscape:16:12,REG,3,COR1,1,0,False,0,0.0,0,False,0.0,0.0,0.0,0.0,2,0.3333333333333333,0.6666666666666666
reg:landscape:16:12,REG,3,MUL1,1,0,False,0,0.0,0,False,0.0,0.0,0.0,0.0,2,0.3333333333333333,0.6666666666666666
reg:landscape:16:12,REG,3,OPEN,1,0,False,0,0.0,0,False,0.0,0.0,0.0,0.0,6,1.0,1.0
reg:landscape:16:12,REG,3,SPB1,1,0,False,0,0.0,0,False,0.0,0.0,0.0,0.0,0,0.0,0.0
reg:landscape:16:12,REG,3,SPL1,1,0,False,0,0.0,0,False,0.0,0.0,0.0,0.0,4,0.6666666666666666,1.0
reg:landscape:16:13,REG,3,BOT1,1,0,False,2,0.3333333333333333,0,False,0.6732673267326733,0.6732673267326733,0.3168316831683168,0.99009900990099,0,0.0,0.0
reg:landscape:16:13,REG,3,COR1,1,0,False,0,0.0,0,False,0.0,0.0,0.0,0.0,2,0.3333333333333333,0.6666666666666666
reg:landscape:16:13,REG,3,MUL1,1,0,False,0,0.0,0,False,0.0,0.0,0.0,0.0,2,0.3333333333333333,0.6666666666666666
reg:landscape:16:13,REG,3,OPEN,1,0,False,0,0.0,0,False,0.0,0.0,0.0,0.0,6,1.0,1.0
reg:landscape:16:13,REG,3,SPB1,1,0,False,0,0.0,0,False,0.0,0.0,0.0,0.0,2,0.3333333333333333,0.6666666666666666
reg:landscape:16:13,REG,3,SPL1,1,0,False,0,0.0,0,False,0.0,0.0,0.0,0.0,4,0.6666666666666666,1.0
reg:landscape:16:14,REG,3,BOT1,1,0,False,2,0.3333333333333333,0,False,0.7029702970297029,0.7029702970297029,0.2871287128712871,0.99009900990099,0,0.0,0.0
reg:landscape:16:14,REG,3,COR1,1,0,False,0,0.0,0,False,0.0,0.0,0.0,0.0,2,0.3333333333333333,0.6666666666666666
reg:landscape:16:14,REG,3,MUL1,1,0,False,0,0.0,0,False,0.0,0.0,0.0,0.0,2,0.3333333333333333,0.6666666666666666
reg:landscape:16:14,REG,3,OPEN,1,0,False,0,0.0,0,False,0.0,0.0,0.0,0.0,6,1.0,1.0
reg:landscape:16:16,REG,3,BOT1,1,0,False,2,0.3333333333333333,0,False,0.7722772277227723,0.7722772277227723,0.2178217821782178,0.99009900990099,0,0.0,0.0
reg:landscape:16:16,REG,3,COR1,1,0,False,0,0.0,0,False,0.0,0.0,0.0,0.0,0,0.0,0.0
reg:landscape:16:16,REG,3,MUL1,1,0,False,0,0.0,0,False,0.0,0.0,0.0,0.0,2,0.3333333333333333,0.6666666666666666
reg:landscape:16:16,REG,3,OPEN,1,0,False,0,0.0,0,False,0.0,0.0,0.0,0.0,6,1.0,1.0
reg:landscape:16:16,REG,3,SPB1,1,0,False,0,0.0,0,False,0.0,0.0,0.0,0.0,0,0.0,0.0
reg:landscape:16:16,REG,3,SPL1,1,0,False,0,0.0,0,False,0.0,0.0,0.0,0.0,4,0.6666666666666666,1.0
reg:landscape:16:17,REG,3,BOT1,1,0,False,2,0.3333333333333333,0,False,0.7029702970297029,0.7029702970297029,0.2871287128712871,0.99009900990099,0,0.0,0.0
reg:landscape:16:17,REG,3,COR1,1,0,False,0,0.0,0,False,0.0,0.0,0.0,0.0,2,0.3333333333333333,0.6666666666666666
reg:landscape:16:14,REG,3,SPB1,1,0,False,0,0.0,0,False,0.0,0.0,0.0,0.0,2,0.3333333333333333,0.6666666666666666
reg:landscape:16:14,REG,3,SPL1,1,0,False,0,0.0,0,False,0.0,0.0,0.0,0.0,4,0.6666666666666666,1.0
reg:landscape:16:15,REG,3,BOT1,1,0,False,2,0.3333333333333333,0,False,0.7524752475247525,0.7524752475247525,0.2376237623762376,0.99009900990099,0,0.0,0.0
reg:landscape:16:15,REG,3,COR1,1,0,False,0,0.0,0,False,0.0,0.0,0.0,0.0,2,0.3333333333333333,0.6666666666666666
reg:landscape:16:15,REG,3,MUL1,1,0,False,0,0.0,0,False,0.0,0.0,0.0,0.0,2,0.3333333333333333,0.6666666666666666
reg:landscape:16:15,REG,3,OPEN,1,0,False,0,0.0,0,False,0.0,0.0,0.0,0.0,6,1.0,1.0
reg:landscape:16:15,REG,3,SPB1,1,0,False,0,0.0,0,False,0.0,0.0,0.0,0.0,2,0.3333333333333333,0.6666666666666666
reg:landscape:16:15,REG,3,SPL1,1,0,False,0,0.0,0,False,0.0,0.0,0.0,0.0,4,0.6666666666666666,1.0
reg:landscape:16:17,REG,3,MUL1,1,0,False,0,0.0,0,False,0.0,0.0,0.0,0.0,2,0.3333333333333333,0.6666666666666666
reg:landscape:16:17,REG,3,OPEN,1,0,False,0,0.0,0,False,0.0,0.0,0.0,0.0,6,1.0,1.0
reg:landscape:16:17,REG,3,SPB1,1,0,False,0,0.0,0,False,0.0,0.0,0.0,0.0,0,0.0,0.0
reg:landscape:16:17,REG,3,SPL1,1,0,False,0,0.0,0,False,0.0,0.0,0.0,0.0,4,0.6666666666666666,1.0
reg:landscape:16:18,REG,3,BOT1,1,0,False,2,0.3333333333333333,0,False,0.7029702970297029,0.7029702970297029,0.2871287128712871,0.99009900990099,0,0.0,0.0
reg:landscape:16:18,REG,3,COR1,1,0,False,0,0.0,0,False,0.0,0.0,0.0,0.0,2,0.3333333333333333,0.6666666666666666
reg:landscape:16:18,REG,3,MUL1,1,0,False,0,0.0,0,False,0.0,0.0,0.0,0.0,2,0.3333333333333333,0.6666666666666666
reg:landscape:16:18,REG,3,OPEN,1,0,False,0,0.0,0,False,0.0,0.0,0.0,0.0,6,1.0,1.0
reg:landscape:16:18,REG,3,SPB1,1,0,False,0,0.0,0,False,0.0,0.0,0.0,0.0,0,0.0,0.0
reg:landscape:16:18,REG,3,SPL1,1,0,False,0,0.0,0,False,0.0,0.0,0.0,0.0,4,0.6666666666666666,1.0
reg:landscape:16:19,REG,3,BOT1,1,0,False,2,0.3333333333333333,0,False,0.7227722772277227,0.7227722772277227,0.2673267326732673,0.99009900990099,0,0.0,0.0
reg:landscape:16:19,REG,3,COR1,1,0,False,0,0.0,0,False,0.0,0.0,0.0,0.0,2,0.3333333333333333,0.6666666666666666
reg:landscape:16:19,REG,3,MUL1,1,0,False,0,0.0,0,False,0.0,0.0,0.0,0.0,4,0.6666666666666666,1.0
reg:landscape:16:19,REG,3,OPEN,1,0,False,0,0.0,0,False,0.0,0.0,0.0,0.0,6,1.0,1.0
reg:landscape:16:19,REG,3,SPB1,1,0,False,0,0.0,0,False,0.0,0.0,0.0,0.0,2,0.3333333333333333,0.6666666666666666
reg:landscape:16:19,REG,3,SPL1,1,0,False,0,0.0,0,False,0.0,0.0,0.0,0.0,4,0.6666666666666666,1.0
reg:landscape:16:2,REG,3,BOT1,1,0,False,2,0.3333333333333333,0,False,0.6534653465346535,0.6534653465346535,0.3366336633663366,0.99009900990099,0,0.0,0.0
reg:landscape:16:2,REG,3,COR1,1,0,False,0,0.0,0,False,0.0,0.0,0.0,0.0,2,0.3333333333333333,0.6666666666666666
reg:landscape:16:2,REG,3,MUL1,1,0,False,0,0.0,0,False,0.0,0.0,0.0,0.0,2,0.3333333333333333,0.6666666666666666
reg:landscape:16:2,REG,3,OPEN,1,0,False,0,0.0,0,False,0.0,0.0,0.0,0.0,6,1.0,1.0
reg:landscape:16:2,REG,3,SPB1,1,0,False,0,0.0,0,False,0.0,0.0,0.0,0.0,0,0.0,0.0
reg:landscape:16:2,REG,3,SPL1,1,0,False,0,0.0,0,False,0.0,0.0,0.0,0.0,4,0.6666666666666666,1.0
reg:landscape:16:20,REG,3,BOT1,1,0,False,2,0.3333333333333333,0,False,0.7722772277227723,0.7722772277227723,0.2178217821782178,0.99009900990099,0,0.0,0.0
reg:landscape:16:20,REG,3,COR1,1,0,False,0,0.0,0,False,0.0,0.0,0.0,0.0,2,0.3333333333333333,0.6666666666666666
reg:landscape:16:20,REG,3,MUL1,1,0,False,0,0.0,0,False,0.0,0.0,0.0,0.0,4,0.6666666666666666,1.0
reg:landscape:16:20,REG,3,OPEN,1,0,False,0,0.0,0,False,0.0,0.0,0.0,0.0,6,1.0,1.0
reg:landscape:16:20,REG,3,SPB1,1,0,False,0,0.0,0,False,0.0,0.0,0.0,0.0,2,0.3333333333333333,0.6666666666666666
reg:landscape:16:20,REG,3,SPL1,1,0,False,0,0.0,0,False,0.0,0.0,0.0,0.0,4,0.6666666666666666,1.0
reg:landscape:16:21,REG,3,BOT1,1,0,False,2,0.3333333333333333,0,False,0.7227722772277227,0.7227722772277227,0.2673267326732673,0.99009900990099,0,0.0,0.0
reg:landscape:16:21,REG,3,COR1,1,0,False,0,0.0,0,False,0.0,0.0,0.0,0.0,2,0.3333333333333333,0.6666666666666666
reg:landscape:16:21,REG,3,MUL1,1,0,False,0,0.0,0,False,0.0,0.0,0.0,0.0,2,0.3333333333333333,0.6666666666666666
reg:landscape:16:21,REG,3,OPEN,1,0,False,0,0.0,0,False,0.0,0.0,0.0,0.0,6,1.0,1.0
reg:landscape:16:21,REG,3,SPB1,1,0,False,0,0.0,0,False,0.0,0.0,0.0,0.0,0,0.0,0.0
reg:landscape:16:21,REG,3,SPL1,1,0,False,0,0.0,0,False,0.0,0.0,0.0,0.0,4,0.6666666666666666,1.0
reg:landscape:16:22,REG,3,BOT1,1,0,False,2,0.3333333333333333,0,False,0.6534653465346535,0.6534653465346535,0.3366336633663366,0.99009900990099,0,0.0,0.0
reg:landscape:16:22,REG,3,COR1,1,0,False,0,0.0,0,False,0.0,0.0,0.0,0.0,2,0.3333333333333333,0.6666666666666666
reg:landscape:16:22,REG,3,MUL1,1,0,False,0,0.0,0,False,0.0,0.0,0.0,0.0,4,0.6666666666666666,1.0
reg:landscape:16:22,REG,3,OPEN,1,0,False,0,0.0,0,False,0.0,0.0,0.0,0.0,6,1.0,1.0
reg:landscape:16:22,REG,3,SPB1,1,0,False,0,0.0,0,False,0.0,0.0,0.0,0.0,0,0.0,0.0
reg:landscape:16:22,REG,3,SPL1,1,0,False,0,0.0,0,False,0.0,0.0,0.0,0.0,4,0.6666666666666666,1.0
reg:landscape:16:23,REG,3,BOT1,1,0,False,2,0.3333333333333333,0,False,0.6534653465346535,0.6534653465346535,0.3366336633663366,0.99009900990099,0,0.0,0.0
reg:landscape:16:23,REG,3,COR1,1,0,False,0,0.0,0,False,0.0,0.0,0.0,0.0,2,0.3333333333333333,0.6666666666666666
reg:landscape:16:23,REG,3,MUL1,1,0,False,0,0.0,0,False,0.0,0.0,0.0,0.0,2,0.3333333333333333,0.6666666666666666
reg:landscape:16:23,REG,3,OPEN,1,0,False,0,0.0,0,False,0.0,0.0,0.0,0.0,6,1.0,1.0
reg:landscape:16:23,REG,3,SPB1,1,0,False,0,0.0,0,False,0.0,0.0,0.0,0.0,0,0.0,0.0
reg:landscape:16:23,REG,3,SPL1,1,0,False,0,0.0,0,False,0.0,0.0,0.0,0.0,4,0.6666666666666666,1.0
reg:landscape:16:3,REG,3,BOT1,1,0,False,2,0.3333333333333333,0,False,0.6732673267326733,0.6732673267326733,0.3168316831683168,0.99009900990099,0,0.0,0.0
reg:landscape:16:3,REG,3,COR1,1,0,False,0,0.0,0,False,0.0,0.0,0.0,0.0,2,0.3333333333333333,0.6666666666666666
reg:landscape:16:3,REG,3,MUL1,1,0,False,0,0.0,0,False,0.0,0.0,0.0,0.0,2,0.3333333333333333,0.6666666666666666
reg:landscape:16:3,REG,3,OPEN,1,0,False,0,0.0,0,False,0.0,0.0,0.0,0.0,6,1.0,1.0
reg:landscape:16:3,REG,3,SPB1,1,0,False,0,0.0,0,False,0.0,0.0,0.0,0.0,0,0.0,0.0
reg:landscape:16:3,REG,3,SPL1,1,0,False,0,0.0,0,False,0.0,0.0,0.0,0.0,4,0.6666666666666666,1.0
reg:landscape:16:4,REG,3,BOT1,1,0,False,2,0.3333333333333333,0,False,0.6732673267326733,0.6732673267326733,0.3168316831683168,0.99009900990099,0,0.0,0.0
reg:landscape:16:4,REG,3,COR1,1,0,False,0,0.0,0,False,0.0,0.0,0.0,0.0,2,0.3333333333333333,0.6666666666666666
reg:landscape:16:4,REG,3,MUL1,1,0,False,0,0.0,0,False,0.0,0.0,0.0,0.0,2,0.3333333333333333,0.6666666666666666
reg:landscape:16:4,REG,3,OPEN,1,0,False,0,0.0,0,False,0.0,0.0,0.0,0.0,6,1.0,1.0
reg:landscape:16:6,REG,3,BOT1,1,0,False,2,0.3333333333333333,0,False,0.7227722772277227,0.7227722772277227,0.2673267326732673,0.99009900990099,0,0.0,0.0
reg:landscape:16:6,REG,3,COR1,1,0,False,0,0.0,0,False,0.0,0.0,0.0,0.0,2,0.3333333333333333,0.6666666666666666
reg:landscape:16:6,REG,3,MUL1,1,0,False,0,0.0,0,False,0.0,0.0,0.0,0.0,2,0.3333333333333333,0.6666666666666666
reg:landscape:16:6,REG,3,OPEN,1,0,False,0,0.0,0,False,0.0,0.0,0.0,0.0,6,1.0,1.0
reg:landscape:16:6,REG,3,SPB1,1,0,False,0,0.0,0,False,0.0,0.0,0.0,0.0,0,0.0,0.0
reg:landscape:16:6,REG,3,SPL1,1,0,False,0,0.0,0,False,0.0,0.0,0.0,0.0,4,0.6666666666666666,1.0
reg:landscape:16:7,REG,3,BOT1,1,0,False,2,0.3333333333333333,0,False,0.6534653465346535,0.6534653465346535,0.3366336633663366,0.99009900990099,0,0.0,0.0
reg:landscape:16:7,REG,3,COR1,1,0,False,0,0.0,0,False,0.0,0.0,0.0,0.0,2,0.3333333333333333,0.6666666666666666
reg:landscape:16:4,REG,3,SPB1,1,0,False,0,0.0,0,False,0.0,0.0,0.0,0.0,0,0.0,0.0
reg:landscape:16:4,REG,3,SPL1,1,0,False,0,0.0,0,False,0.0,0.0,0.0,0.0,4,0.6666666666666666,1.0
reg:landscape:16:5,REG,3,BOT1,1,0,False,2,0.3333333333333333,0,False,0.6732673267326733,0.6732673267326733,0.3168316831683168,0.99009900990099,0,0.0,0.0
reg:landscape:16:5,REG,3,COR1,1,0,False,0,0.0,0,False,0.0,0.0,0.0,0.0,2,0.3333333333333333,0.6666666666666666
reg:landscape:16:5,REG,3,MUL1,1,0,False,0,0.0,0,False,0.0,0.0,0.0,0.0,2,0.3333333333333333,0.6666666666666666
reg:landscape:16:5,REG,3,OPEN,1,0,False,0,0.0,0,False,0.0,0.0,0.0,0.0,6,1.0,1.0
reg:landscape:16:5,REG,3,SPB1,1,0,False,0,0.0,0,False,0.0,0.0,0.0,0.0,2,0.3333333333333333,0.6666666666666666
reg:landscape:16:5,REG,3,SPL1,1,0,False,0,0.0,0,False,0.0,0.0,0.0,0.0,4,0.6666666666666666,1.0
reg:landscape:3:0,REG,3,BOT1,1,0,False,2,0.3333333333333333,0,False,0.594059405940594,0.594059405940594,0.396039603960396,0.99009900990099,2,0.3333333333333333,0.6666666666666666
reg:landscape:3:0,REG,3,COR1,1,0,False,0,0.0,0,False,0.0,0.0,0.0,0.0,4,0.6666666666666666,1.0
reg:landscape:3:0,REG,3,MUL1,1,0,False,0,0.0,0,False,0.0,0.0,0.0,0.0,6,1.0,1.0
reg:landscape:3:0,REG,3,OPEN,1,0,False,0,0.0,0,False,0.0,0.0,0.0,0.0,6,1.0,1.0
reg:landscape:3:0,REG,3,SPB1,1,0,False,0,0.0,0,False,0.0,0.0,0.0,0.0,6,1.0,1.0
reg:landscape:3:0,REG,3,SPL1,1,0,False,0,0.0,0,False,0.0,0.0,0.0,0.0,6,1.0,1.0
reg:landscape:4:0,REG,3,BOT1,1,0,False,2,0.3333333333333333,0,False,0.7821782178217822,0.7821782178217822,0.2079207920792079,0.99009900990099,2,0.3333333333333333,0.6666666666666666
reg:landscape:4:0,REG,3,COR1,1,0,False,0,0.0,0,False,0.0,0.0,0.0,0.0,4,0.6666666666666666,1.0
reg:landscape:16:8,REG,3,SPB1,1,0,False,0,0.0,0,False,0.0,0.0,0.0,0.0,0,0.0,0.0
reg:landscape:16:8,REG,3,SPL1,1,0,False,0,0.0,0,False,0.0,0.0,0.0,0.0,4,0.6666666666666666,1.0
reg:landscape:16:9,REG,3,BOT1,1,0,False,2,0.3333333333333333,0,False,0.693069306930693,0.693069306930693,0.297029702970297,0.99009900990099,0,0.0,0.0
reg:landscape:16:9,REG,3,COR1,1,0,False,0,0.0,0,False,0.0,0.0,0.0,0.0,2,0.3333333333333333,0.6666666666666666
reg:landscape:16:9,REG,3,MUL1,1,0,False,0,0.0,0,False,0.0,0.0,0.0,0.0,4,0.6666666666666666,1.0
reg:landscape:16:9,REG,3,OPEN,1,0,False,0,0.0,0,False,0.0,0.0,0.0,0.0,6,1.0,1.0
reg:landscape:16:9,REG,3,SPB1,1,0,False,0,0.0,0,False,0.0,0.0,0.0,0.0,2,0.3333333333333333,0.6666666666666666
reg:landscape:16:9,REG,3,SPL1,1,0,False,0,0.0,0,False,0.0,0.0,0.0,0.0,4,0.6666666666666666,1.0
reg:landscape:16:7,REG,3,MUL1,1,0,False,0,0.0,0,False,0.0,0.0,0.0,0.0,2,0.3333333333333333,0.6666666666666666
reg:landscape:16:7,REG,3,OPEN,1,0,False,0,0.0,0,False,0.0,0.0,0.0,0.0,6,1.0,1.0
reg:landscape:16:7,REG,3,SPB1,1,0,False,0,0.0,0,False,0.0,0.0,0.0,0.0,0,0.0,0.0
reg:landscape:16:7,REG,3,SPL1,1,0,False,0,0.0,0,False,0.0,0.0,0.0,0.0,4,0.6666666666666666,1.0
reg:landscape:16:8,REG,3,BOT1,1,0,False,2,0.3333333333333333,0,False,0.7227722772277227,0.7227722772277227,0.2673267326732673,0.99009900990099,0,0.0,0.0
reg:landscape:16:8,REG,3,COR1,1,0,False,0,0.0,0,False,0.0,0.0,0.0,0.0,2,0.3333333333333333,0.6666666666666666
reg:landscape:16:8,REG,3,MUL1,1,0,False,0,0.0,0,False,0.0,0.0,0.0,0.0,4,0.6666666666666666,1.0
reg:landscape:16:8,REG,3,OPEN,1,0,False,0,0.0,0,False,0.0,0.0,0.0,0.0,6,1.0,1.0
reg:landscape:4:0,REG,3,MUL1,1,0,False,0,0.0,0,False,0.0,0.0,0.0,0.0,6,1.0,1.0
reg:landscape:4:0,REG,3,OPEN,1,0,False,0,0.0,0,False,0.0,0.0,0.0,0.0,6,1.0,1.0
reg:landscape:4:0,REG,3,SPB1,1,0,False,0,0.0,0,False,0.0,0.0,0.0,0.0,4,0.6666666666666666,1.0
reg:landscape:4:0,REG,3,SPL1,1,0,False,0,0.0,0,False,0.0,0.0,0.0,0.0,6,1.0,1.0
reg:landscape:4:1,REG,3,BOT1,1,0,False,2,0.3333333333333333,0,False,0.5544554455445545,0.5544554455445545,0.4356435643564356,0.99009900990099,0,0.0,0.0
reg:landscape:4:1,REG,3,COR1,1,0,False,0,0.0,0,False,0.0,0.0,0.0,0.0,2,0.3333333333333333,0.6666666666666666
reg:landscape:4:1,REG,3,MUL1,1,0,False,0,0.0,0,False,0.0,0.0,0.0,0.0,6,1.0,1.0
reg:landscape:4:1,REG,3,OPEN,1,0,False,0,0.0,0,False,0.0,0.0,0.0,0.0,6,1.0,1.0
reg:landscape:4:1,REG,3,SPB1,1,0,False,0,0.0,0,False,0.0,0.0,0.0,0.0,4,0.6666666666666666,1.0
reg:landscape:4:1,REG,3,SPL1,1,0,False,0,0.0,0,False,0.0,0.0,0.0,0.0,6,1.0,1.0
reg:landscape:5:0,REG,3,BOT1,1,0,False,2,0.3333333333333333,0,False,0.6237623762376238,0.6237623762376238,0.3663366336633663,0.99009900990099,0,0.0,0.0
reg:landscape:5:0,REG,3,COR1,1,0,False,0,0.0,0,False,0.0,0.0,0.0,0.0,2,0.3333333333333333,0.6666666666666666
reg:landscape:5:0,REG,3,MUL1,1,0,False,0,0.0,0,False,0.0,0.0,0.0,0.0,6,1.0,1.0
reg:landscape:5:0,REG,3,OPEN,1,0,False,0,0.0,0,False,0.0,0.0,0.0,0.0,6,1.0,1.0
reg:landscape:5:0,REG,3,SPB1,1,0,False,0,0.0,0,False,0.0,0.0,0.0,0.0,4,0.6666666666666666,1.0
reg:landscape:5:0,REG,3,SPL1,1,0,False,0,0.0,0,False,0.0,0.0,0.0,0.0,6,1.0,1.0
reg:landscape:6:0,REG,3,BOT1,1,0,False,2,0.3333333333333333,0,False,0.594059405940594,0.594059405940594,0.396039603960396,0.99009900990099,2,0.3333333333333333,0.6666666666666666
reg:landscape:6:0,REG,3,COR1,1,0,False,0,0.0,0,False,0.0,0.0,0.0,0.0,4,0.6666666666666666,1.0
reg:landscape:6:0,REG,3,MUL1,1,0,False,0,0.0,0,False,0.0,0.0,0.0,0.0,6,1.0,1.0
reg:landscape:6:0,REG,3,OPEN,1,0,False,0,0.0,0,False,0.0,0.0,0.0,0.0,6,1.0,1.0
reg:landscape:6:0,REG,3,SPB1,1,0,False,0,0.0,0,False,0.0,0.0,0.0,0.0,4,0.6666666666666666,1.0
reg:landscape:6:0,REG,3,SPL1,1,0,False,0,0.0,0,False,0.0,0.0,0.0,0.0,6,1.0,1.0
reg:landscape:6:1,REG,3,BOT1,1,0,False,2,0.3333333333333333,0,False,0.594059405940594,0.594059405940594,0.396039603960396,0.99009900990099,2,0.3333333333333333,0.6666666666666666
reg:landscape:6:1,REG,3,COR1,1,0,False,0,0.0,0,False,0.0,0.0,0.0,0.0,4,0.6666666666666666,1.0
reg:landscape:6:1,REG,3,MUL1,1,0,False,0,0.0,0,False,0.0,0.0,0.0,0.0,6,1.0,1.0
reg:landscape:6:1,REG,3,OPEN,1,0,False,0,0.0,0,False,0.0,0.0,0.0,0.0,6,1.0,1.0
reg:landscape:6:1,REG,3,SPB1,1,0,False,0,0.0,0,False,0.0,0.0,0.0,0.0,4,0.6666666666666666,1.0
reg:landscape:6:1,REG,3,SPL1,1,0,False,0,0.0,0,False,0.0,0.0,0.0,0.0,6,1.0,1.0
reg:landscape:8:0,REG,3,BOT1,1,0,False,2,0.3333333333333333,0,False,0.6732673267326733,0.6732673267326733,0.3168316831683168,0.99009900990099,0,0.0,0.0
reg:landscape:8:0,REG,3,COR1,1,0,False,0,0.0,0,False,0.0,0.0,0.0,0.0,4,0.6666666666666666,1.0
reg:landscape:8:0,REG,3,MUL1,1,0,False,0,0.0,0,False,0.0,0.0,0.0,0.0,6,1.0,1.0
reg:landscape:8:0,REG,3,OPEN,1,0,False,0,0.0,0,False,0.0,0.0,0.0,0.0,6,1.0,1.0
reg:landscape:8:0,REG,3,SPB1,1,0,False,0,0.0,0,False,0.0,0.0,0.0,0.0,2,0.3333333333333333,0.6666666666666666
reg:landscape:8:0,REG,3,SPL1,1,0,False,0,0.0,0,False,0.0,0.0,0.0,0.0,6,1.0,1.0
reg:landscape:8:1,REG,3,BOT1,1,0,False,2,0.3333333333333333,0,False,0.6732673267326733,0.6732673267326733,0.3168316831683168,0.99009900990099,0,0.0,0.0
reg:landscape:8:1,REG,3,COR1,1,0,False,0,0.0,0,False,0.0,0.0,0.0,0.0,4,0.6666666666666666,1.0
reg:landscape:8:1,REG,3,MUL1,1,0,False,0,0.0,0,False,0.0,0.0,0.0,0.0,6,1.0,1.0
reg:landscape:8:1,REG,3,OPEN,1,0,False,0,0.0,0,False,0.0,0.0,0.0,0.0,6,1.0,1.0
reg:landscape:8:1,REG,3,SPB1,1,0,False,0,0.0,0,False,0.0,0.0,0.0,0.0,2,0.3333333333333333,0.6666666666666666
reg:landscape:8:1,REG,3,SPL1,1,0,False,0,0.0,0,False,0.0,0.0,0.0,0.0,6,1.0,1.0
reg:rabbit:10:0,REG,3,BOT1,1,0,False,2,0.3333333333333333,0,False,0.7553191489361702,0.7553191489361702,0.2340425531914893,0.9893617021276596,0,0.0,0.0
reg:rabbit:10:0,REG,3,COR1,1,0,False,0,0.0,0,False,0.0,0.0,0.0,0.0,2,0.3333333333333333,0.6666666666666666
reg:rabbit:10:0,REG,3,MUL1,1,0,False,0,0.0,0,False,0.0,0.0,0.0,0.0,4,0.6666666666666666,1.0
reg:rabbit:10:0,REG,3,OPEN,1,0,False,0,0.0,0,False,0.0,0.0,0.0,0.0,6,1.0,1.0
reg:rabbit:10:0,REG,3,SPB1,1,0,False,0,0.0,0,False,0.0,0.0,0.0,0.0,0,0.0,0.0
reg:rabbit:10:0,REG,3,SPL1,1,0,False,0,0.0,0,False,0.0,0.0,0.0,0.0,6,1.0,1.0
reg:rabbit:10:1,REG,3,BOT1,1,0,False,2,0.3333333333333333,0,False,0.6914893617021277,0.6914893617021277,0.2978723404255319,0.9893617021276596,0,0.0,0.0
reg:rabbit:10:1,REG,3,COR1,1,0,False,0,0.0,0,False,0.0,0.0,0.0,0.0,2,0.3333333333333333,0.6666666666666666
reg:rabbit:10:1,REG,3,MUL1,1,0,False,0,0.0,0,False,0.0,0.0,0.0,0.0,4,0.6666666666666666,1.0
reg:rabbit:10:1,REG,3,OPEN,1,0,False,0,0.0,0,False,0.0,0.0,0.0,0.0,6,1.0,1.0
reg:rabbit:10:1,REG,3,SPB1,1,0,False,0,0.0,0,False,0.0,0.0,0.0,0.0,2,0.3333333333333333,0.6666666666666666
reg:rabbit:10:1,REG,3,SPL1,1,0,False,0,0.0,0,False,0.0,0.0,0.0,0.0,6,1.0,1.0
reg:rabbit:10:2,REG,3,BOT1,1,0,False,2,0.3333333333333333,0,False,0.6914893617021277,0.6914893617021277,0.2978723404255319,0.9893617021276596,0,0.0,0.0
reg:rabbit:10:2,REG,3,COR1,1,0,False,0,0.0,0,False,0.0,0.0,0.0,0.0,2,0.3333333333333333,0.6666666666666666
reg:rabbit:10:2,REG,3,MUL1,1,0,False,0,0.0,0,False,0.0,0.0,0.0,0.0,2,0.3333333333333333,0.6666666666666666
reg:rabbit:10:2,REG,3,OPEN,1,0,False,0,0.0,0,False,0.0,0.0,0.0,0.0,6,1.0,1.0
reg:rabbit:10:2,REG,3,SPB1,1,0,False,0,0.0,0,False,0.0,0.0,0.0,0.0,0,0.0,0.0
reg:rabbit:10:2,REG,3,SPL1,1,0,False,0,0.0,0,False,0.0,0.0,0.0,0.0,6,1.0,1.0
reg:rabbit:10:3,REG,3,BOT1,1,0,False,2,0.3333333333333333,0,False,0.6276595744680851,0.6276595744680851,0.3617021276595745,0.9893617021276596,0,0.0,0.0
reg:rabbit:10:3,REG,3,COR1,1,0,False,0,0.0,0,False,0.0,0.0,0.0,0.0,2,0.3333333333333333,0.6666666666666666
reg:rabbit:10:3,REG,3,MUL1,1,0,False,0,0.0,0,False,0.0,0.0,0.0,0.0,4,0.6666666666666666,1.0
reg:rabbit:10:3,REG,3,OPEN,1,0,False,0,0.0,0,False,0.0,0.0,0.0,0.0,6,1.0,1.0
reg:rabbit:10:3,REG,3,SPB1,1,0,False,0,0.0,0,False,0.0,0.0,0.0,0.0,2,0.3333333333333333,0.6666666666666666
reg:rabbit:10:3,REG,3,SPL1,1,0,False,0,0.0,0,False,0.0,0.0,0.0,0.0,6,1.0,1.0
reg:rabbit:12:0,REG,3,BOT1,1,0,False,2,0.3333333333333333,0,False,0.6276595744680851,0.6276595744680851,0.3617021276595745,0.9893617021276596,0,0.0,0.0
reg:rabbit:12:0,REG,3,COR1,1,0,False,0,0.0,0,False,0.0,0.0,0.0,0.0,2,0.3333333333333333,0.6666666666666666
reg:rabbit:12:0,REG,3,MUL1,1,0,False,0,0.0,0,False,0.0,0.0,0.0,0.0,2,0.3333333333333333,0.6666666666666666
reg:rabbit:12:0,REG,3,OPEN,1,0,False,0,0.0,0,False,0.0,0.0,0.0,0.0,4,0.6666666666666666,1.0
reg:rabbit:12:0,REG,3,SPB1,1,0,False,0,0.0,0,False,0.0,0.0,0.0,0.0,0,0.0,0.0
reg:rabbit:12:0,REG,3,SPL1,1,0,False,0,0.0,0,False,0.0,0.0,0.0,0.0,4,0.6666666666666666,1.0
reg:rabbit:12:1,REG,3,BOT1,1,0,False,2,0.3333333333333333,0,False,0.6914893617021277,0.6914893617021277,0.2978723404255319,0.9893617021276596,0,0.0,0.0
reg:rabbit:12:1,REG,3,COR1,1,0,False,0,0.0,0,False,0.0,0.0,0.0,0.0,2,0.3333333333333333,0.6666666666666666
reg:rabbit:12:1,REG,3,MUL1,1,0,False,0,0.0,0,False,0.0,0.0,0.0,0.0,0,0.0,0.0
reg:rabbit:12:1,REG,3,OPEN,1,0,False,0,0.0,0,False,0.0,0.0,0.0,0.0,4,0.6666666666666666,1.0
reg:rabbit:12:1,REG,3,SPB1,1,0,False,0,0.0,0,False,0.0,0.0,0.0,0.0,0,0.0,0.0
reg:rabbit:12:1,REG,3,SPL1,1,0,False,0,0.0,0,False,0.0,0.0,0.0,0.0,4,0.6666666666666666,1.0
reg:rabbit:12:2,REG,3,BOT1,1,0,False,2,0.3333333333333333,0,False,0.6276595744680851,0.6276595744680851,0.3617021276595745,0.9893617021276596,0,0.0,0.0
reg:rabbit:12:2,REG,3,COR1,1,0,False,0,0.0,0,False,0.0,0.0,0.0,0.0,2,0.3333333333333333,0.6666666666666666
reg:rabbit:12:2,REG,3,MUL1,1,0,False,0,0.0,0,False,0.0,0.0,0.0,0.0,2,0.3333333333333333,0.6666666666666666
reg:rabbit:12:2,REG,3,OPEN,1,0,False,0,0.0,0,False,0.0,0.0,0.0,0.0,4,0.6666666666666666,1.0
reg:rabbit:12:2,REG,3,SPB1,1,0,False,0,0.0,0,False,0.0,0.0,0.0,0.0,0,0.0,0.0
reg:rabbit:12:2,REG,3,SPL1,1,0,False,0,0.0,0,False,0.0,0.0,0.0,0.0,4,0.6666666666666666,1.0
reg:rabbit:12:3,REG,3,BOT1,1,0,False,2,0.3333333333333333,0,False,0.6914893617021277,0.6914893617021277,0.2978723404255319,0.9893617021276596,0,0.0,0.0
reg:rabbit:12:3,REG,3,COR1,1,0,False,0,0.0,0,False,0.0,0.0,0.0,0.0,2,0.3333333333333333,0.6666666666666666
reg:rabbit:12:3,REG,3,MUL1,1,0,False,0,0.0,0,False,0.0,0.0,0.0,0.0,0,0.0,0.0
reg:rabbit:12:3,REG,3,OPEN,1,0,False,0,0.0,0,False,0.0,0.0,0.0,0.0,4,0.6666666666666666,1.0
reg:rabbit:12:3,REG,3,SPB1,1,0,False,0,0.0,0,False,0.0,0.0,0.0,0.0,0,0.0,0.0
reg:rabbit:12:3,REG,3,SPL1,1,0,False,0,0.0,0,False,0.0,0.0,0.0,0.0,4,0.6666666666666666,1.0
reg:rabbit:16:0,REG,3,BOT1,1,0,False,2,0.3333333333333333,0,False,0.6808510638297872,0.6808510638297872,0.3085106382978723,0.9893617021276596,0,0.0,0.0
reg:rabbit:16:0,REG,3,COR1,1,0,False,0,0.0,0,False,0.0,0.0,0.0,0.0,2,0.3333333333333333,0.6666666666666666
reg:rabbit:16:0,REG,3,MUL1,1,0,False,0,0.0,0,False,0.0,0.0,0.0,0.0,2,0.3333333333333333,0.6666666666666666
reg:rabbit:16:0,REG,3,OPEN,1,0,False,0,0.0,0,False,0.0,0.0,0.0,0.0,4,0.6666666666666666,1.0
reg:rabbit:16:0,REG,3,SPB1,1,0,False,0,0.0,0,False,0.0,0.0,0.0,0.0,0,0.0,0.0
reg:rabbit:16:0,REG,3,SPL1,1,0,False,0,0.0,0,False,0.0,0.0,0.0,0.0,4,0.6666666666666666,1.0
reg:rabbit:16:1,REG,3,BOT1,1,0,False,2,0.3333333333333333,0,False,0.6382978723404256,0.6382978723404256,0.351063829787234,0.9893617021276596,0,0.0,0.0
reg:rabbit:16:1,REG,3,COR1,1,0,False,0,0.0,0,False,0.0,0.0,0.0,0.0,2,0.3333333333333333,0.6666666666666666
reg:rabbit:16:10,REG,3,SPB1,1,0,False,0,0.0,0,False,0.0,0.0,0.0,0.0,0,0.0,0.0
reg:rabbit:16:10,REG,3,SPL1,1,0,False,0,0.0,0,False,0.0,0.0,0.0,0.0,4,0.6666666666666666,1.0
reg:rabbit:16:11,REG,3,BOT1,1,0,False,2,0.3333333333333333,0,False,0.6702127659574468,0.6702127659574468,0.3191489361702128,0.9893617021276596,0,0.0,0.0
reg:rabbit:16:11,REG,3,COR1,1,0,False,0,0.0,0,False,0.0,0.0,0.0,0.0,2,0.3333333333333333,0.6666666666666666
reg:rabbit:16:11,REG,3,MUL1,1,0,False,0,0.0,0,False,0.0,0.0,0.0,0.0,2,0.3333333333333333,0.6666666666666666
reg:rabbit:16:11,REG,3,OPEN,1,0,False,0,0.0,0,False,0.0,0.0,0.0,0.0,4,0.6666666666666666,1.0
reg:rabbit:16:11,REG,3,SPB1,1,0,False,0,0.0,0,False,0.0,0.0,0.0,0.0,0,0.0,0.0
reg:rabbit:16:11,REG,3,SPL1,1,0,False,0,0.0,0,False,0.0,0.0,0.0,0.0,4,0.6666666666666666,1.0
reg:rabbit:16:1,REG,3,MUL1,1,0,False,0,0.0,0,False,0.0,0.0,0.0,0.0,2,0.3333333333333333,0.6666666666666666
reg:rabbit:16:1,REG,3,OPEN,1,0,False,0,0.0,0,False,0.0,0.0,0.0,0.0,4,0.6666666666666666,1.0
reg:rabbit:16:1,REG,3,SPB1,1,0,False,0,0.0,0,False,0.0,0.0,0.0,0.0,0,0.0,0.0
reg:rabbit:16:1,REG,3,SPL1,1,0,False,0,0.0,0,False,0.0,0.0,0.0,0.0,4,0.6666666666666666,1.0
reg:rabbit:16:10,REG,3,BOT1,1,0,False,2,0.3333333333333333,0,False,0.6914893617021277,0.6914893617021277,0.2978723404255319,0.9893617021276596,0,0.0,0.0
reg:rabbit:16:10,REG,3,COR1,1,0,False,0,0.0,0,False,0.0,0.0,0.0,0.0,0,0.0,0.0
reg:rabbit:16:10,REG,3,MUL1,1,0,False,0,0.0,0,False,0.0,0.0,0.0,0.0,0,0.0,0.0
reg:rabbit:16:10,REG,3,OPEN,1,0,False,0,0.0,0,False,0.0,0.0,0.0,0.0,4,0.6666666666666666,1.0
reg:rabbit:16:12,REG,3,BOT1,1,0,False,2,0.3333333333333333,0,False,0.6382978723404256,0.6382978723404256,0.351063829787234,0.9893617021276596,0,0.0,0.0
reg:rabbit:16:12,REG,3,COR1,1,0,False,0,0.0,0,False,0.0,0.0,0.0,0.0,0,0.0,0.0
reg:rabbit:16:12,REG,3,MUL1,1,0,False,0,0.0,0,False,0.0,0.0,0.0,0.0,2,0.3333333333333333,0.6666666666666666
reg:rabbit:16:12,REG,3,OPEN,1,0,False,0,0.0,0,False,0.0,0.0,0.0,0.0,4,0.6666666666666666,1.0
reg:rabbit:16:12,REG,3,SPB1,1,0,False,0,0.0,0,False,0.0,0.0,0.0,0.0,0,0.0,0.0
reg:rabbit:16:12,REG,3,SPL1,1,0,False,0,0.0,0,False,0.0,0.0,0.0,0.0,4,0.6666666666666666,1.0
reg:rabbit:16:13,REG,3,BOT1,1,0,False,2,0.3333333333333333,0,False,0.6382978723404256,0.6382978723404256,0.351063829787234,0.9893617021276596,0,0.0,0.0
reg:rabbit:16:13,REG,3,COR1,1,0,False,0,0.0,0,False,0.0,0.0,0.0,0.0,2,0.3333333333333333,0.6666666666666666
reg:rabbit:16:13,REG,3,MUL1,1,0,False,0,0.0,0,False,0.0,0.0,0.0,0.0,2,0.3333333333333333,0.6666666666666666
reg:rabbit:16:13,REG,3,OPEN,1,0,False,0,0.0,0,False,0.0,0.0,0.0,0.0,4,0.6666666666666666,1.0
reg:rabbit:16:13,REG,3,SPB1,1,0,False,0,0.0,0,False,0.0,0.0,0.0,0.0,0,0.0,0.0
reg:rabbit:16:13,REG,3,SPL1,1,0,False,0,0.0,0,False,0.0,0.0,0.0,0.0,4,0.6666666666666666,1.0
reg:rabbit:16:14,REG,3,BOT1,1,0,False,2,0.3333333333333333,0,False,0.648936170212766,0.648936170212766,0.3404255319148936,0.9893617021276596,0,0.0,0.0
reg:rabbit:16:14,REG,3,COR1,1,0,False,0,0.0,0,False,0.0,0.0,0.0,0.0,0,0.0,0.0
reg:rabbit:16:14,REG,3,MUL1,1,0,False,0,0.0,0,False,0.0,0.0,0.0,0.0,2,0.3333333333333333,0.6666666666666666
reg:rabbit:16:14,REG,3,OPEN,1,0,False,0,0.0,0,False,0.0,0.0,0.0,0.0,4,0.6666666666666666,1.0
reg:rabbit:16:14,REG,3,SPB1,1,0,False,0,0.0,0,False,0.0,0.0,0.0,0.0,0,0.0,0.0
reg:rabbit:16:14,REG,3,SPL1,1,0,False,0,0.0,0,False,0.0,0.0,0.0,0.0,4,0.6666666666666666,1.0
reg:rabbit:16:15,REG,3,BOT1,1,0,False,2,0.3333333333333333,0,False,0.6914893617021277,0.6914893617021277,0.2978723404255319,0.9893617021276596,0,0.0,0.0
reg:rabbit:16:15,REG,3,COR1,1,0,False,0,0.0,0,False,0.0,0.0,0.0,0.0,2,0.3333333333333333,0.6666666666666666
reg:rabbit:16:15,REG,3,MUL1,1,0,False,0,0.0,0,False,0.0,0.0,0.0,0.0,0,0.0,0.0
reg:rabbit:16:15,REG,3,OPEN,1,0,False,0,0.0,0,False,0.0,0.0,0.0,0.0,4,0.6666666666666666,1.0
reg:rabbit:16:15,REG,3,SPB1,1,0,False,0,0.0,0,False,0.0,0.0,0.0,0.0,0,0.0,0.0
reg:rabbit:16:15,REG,3,SPL1,1,0,False,0,0.0,0,False,0.0,0.0,0.0,0.0,4,0.6666666666666666,1.0
reg:rabbit:16:2,REG,3,BOT1,1,0,False,2,0.3333333333333333,0,False,0.723404255319149,0.723404255319149,0.2659574468085106,0.9893617021276596,0,0.0,0.0
reg:rabbit:16:2,REG,3,COR1,1,0,False,0,0.0,0,False,0.0,0.0,0.0,0.0,2,0.3333333333333333,0.6666666666666666
reg:rabbit:16:2,REG,3,MUL1,1,0,False,0,0.0,0,False,0.0,0.0,0.0,0.0,0,0.0,0.0
reg:rabbit:16:2,REG,3,OPEN,1,0,False,0,0.0,0,False,0.0,0.0,0.0,0.0,4,0.6666666666666666,1.0
reg:rabbit:16:2,REG,3,SPB1,1,0,False,0,0.0,0,False,0.0,0.0,0.0,0.0,0,0.0,0.0
reg:rabbit:16:2,REG,3,SPL1,1,0,False,0,0.0,0,False,0.0,0.0,0.0,0.0,4,0.6666666666666666,1.0
reg:rabbit:16:3,REG,3,BOT1,1,0,False,2,0.3333333333333333,0,False,0.6808510638297872,0.6808510638297872,0.3085106382978723,0.9893617021276596,0,0.0,0.0
reg:rabbit:16:3,REG,3,COR1,1,0,False,0,0.0,0,False,0.0,0.0,0.0,0.0,2,0.3333333333333333,0.6666666666666666
reg:rabbit:16:3,REG,3,MUL1,1,0,False,0,0.0,0,False,0.0,0.0,0.0,0.0,2,0.3333333333333333,0.6666666666666666
reg:rabbit:16:3,REG,3,OPEN,1,0,False,0,0.0,0,False,0.0,0.0,0.0,0.0,4,0.6666666666666666,1.0
reg:rabbit:16:3,REG,3,SPB1,1,0,False,0,0.0,0,False,0.0,0.0,0.0,0.0,0,0.0,0.0
reg:rabbit:16:3,REG,3,SPL1,1,0,False,0,0.0,0,False,0.0,0.0,0.0,0.0,4,0.6666666666666666,1.0
reg:rabbit:16:4,REG,3,BOT1,1,0,False,2,0.3333333333333333,0,False,0.6702127659574468,0.6702127659574468,0.3191489361702128,0.9893617021276596,0,0.0,0.0
reg:rabbit:16:4,REG,3,COR1,1,0,False,0,0.0,0,False,0.0,0.0,0.0,0.0,2,0.3333333333333333,0.6666666666666666
reg:rabbit:16:4,REG,3,MUL1,1,0,False,0,0.0,0,False,0.0,0.0,0.0,0.0,2,0.3333333333333333,0.6666666666666666
reg:rabbit:16:4,REG,3,OPEN,1,0,False,0,0.0,0,False,0.0,0.0,0.0,0.0,4,0.6666666666666666,1.0
reg:rabbit:16:4,REG,3,SPB1,1,0,False,0,0.0,0,False,0.0,0.0,0.0,0.0,0,0.0,0.0
reg:rabbit:16:4,REG,3,SPL1,1,0,False,0,0.0,0,False,0.0,0.0,0.0,0.0,4,0.6666666666666666,1.0
reg:rabbit:16:5,REG,3,BOT1,1,0,False,2,0.3333333333333333,0,False,0.6702127659574468,0.6702127659574468,0.3191489361702128,0.9893617021276596,0,0.0,0.0
reg:rabbit:16:5,REG,3,COR1,1,0,False,0,0.0,0,False,0.0,0.0,0.0,0.0,2,0.3333333333333333,0.6666666666666666
reg:rabbit:16:5,REG,3,MUL1,1,0,False,0,0.0,0,False,0.0,0.0,0.0,0.0,2,0.3333333333333333,0.6666666666666666
reg:rabbit:16:5,REG,3,OPEN,1,0,False,0,0.0,0,False,0.0,0.0,0.0,0.0,4,0.6666666666666666,1.0
reg:rabbit:16:5,REG,3,SPB1,1,0,False,0,0.0,0,False,0.0,0.0,0.0,0.0,0,0.0,0.0
reg:rabbit:16:5,REG,3,SPL1,1,0,False,0,0.0,0,False,0.0,0.0,0.0,0.0,4,0.6666666666666666,1.0
reg:rabbit:16:6,REG,3,BOT1,1,0,False,2,0.3333333333333333,0,False,0.6702127659574468,0.6702127659574468,0.3191489361702128,0.9893617021276596,0,0.0,0.0
reg:rabbit:16:6,REG,3,COR1,1,0,False,0,0.0,0,False,0.0,0.0,0.0,0.0,2,0.3333333333333333,0.6666666666666666
reg:rabbit:16:6,REG,3,MUL1,1,0,False,0,0.0,0,False,0.0,0.0,0.0,0.0,2,0.3333333333333333,0.6666666666666666
reg:rabbit:16:6,REG,3,OPEN,1,0,False,0,0.0,0,False,0.0,0.0,0.0,0.0,4,0.6666666666666666,1.0
reg:rabbit:16:6,REG,3,SPB1,1,0,False,0,0.0,0,False,0.0,0.0,0.0,0.0,0,0.0,0.0
reg:rabbit:16:6,REG,3,SPL1,1,0,False,0,0.0,0,False,0.0,0.0,0.0,0.0,4,0.6666666666666666,1.0
reg:rabbit:16:7,REG,3,BOT1,1,0,False,2,0.3333333333333333,0,False,0.648936170212766,0.648936170212766,0.3404255319148936,0.9893617021276596,0,0.0,0.0
reg:rabbit:16:7,REG,3,COR1,1,0,False,0,0.0,0,False,0.0,0.0,0.0,0.0,2,0.3333333333333333,0.6666666666666666
reg:rabbit:16:8,REG,3,SPB1,1,0,False,0,0.0,0,False,0.0,0.0,0.0,0.0,0,0.0,0.0
reg:rabbit:16:8,REG,3,SPL1,1,0,False,0,0.0,0,False,0.0,0.0,0.0,0.0,4,0.6666666666666666,1.0
reg:rabbit:16:9,REG,3,BOT1,1,0,False,2,0.3333333333333333,0,False,0.723404255319149,0.723404255319149,0.2659574468085106,0.9893617021276596,0,0.0,0.0
reg:rabbit:16:9,REG,3,COR1,1,0,False,0,0.0,0,False,0.0,0.0,0.0,0.0,2,0.3333333333333333,0.6666666666666666
reg:rabbit:16:9,REG,3,MUL1,1,0,False,0,0.0,0,False,0.0,0.0,0.0,0.0,0,0.0,0.0
reg:rabbit:16:9,REG,3,OPEN,1,0,False,0,0.0,0,False,0.0,0.0,0.0,0.0,4,0.6666666666666666,1.0
reg:rabbit:16:9,REG,3,SPB1,1,0,False,0,0.0,0,False,0.0,0.0,0.0,0.0,0,0.0,0.0
reg:rabbit:16:9,REG,3,SPL1,1,0,False,0,0.0,0,False,0.0,0.0,0.0,0.0,4,0.6666666666666666,1.0
reg:rabbit:3:0,REG,3,BOT1,1,0,False,2,0.3333333333333333,0,False,0.7021276595744681,0.7021276595744681,0.2872340425531915,0.9893617021276596,2,0.3333333333333333,0.6666666666666666
reg:rabbit:3:0,REG,3,COR1,1,0,False,0,0.0,0,False,0.0,0.0,0.0,0.0,4,0.6666666666666666,1.0
reg:rabbit:3:0,REG,3,MUL1,1,0,False,0,0.0,0,False,0.0,0.0,0.0,0.0,6,1.0,1.0
reg:rabbit:3:0,REG,3,OPEN,1,0,False,0,0.0,0,False,0.0,0.0,0.0,0.0,6,1.0,1.0
reg:rabbit:3:0,REG,3,SPB1,1,0,False,0,0.0,0,False,0.0,0.0,0.0,0.0,4,0.6666666666666666,1.0
reg:rabbit:3:0,REG,3,SPL1,1,0,False,0,0.0,0,False,0.0,0.0,0.0,0.0,6,1.0,1.0
reg:rabbit:4:0,REG,3,BOT1,1,0,False,2,0.3333333333333333,0,False,0.723404255319149,0.723404255319149,0.2659574468085106,0.9893617021276596,2,0.3333333333333333,0.6666666666666666
reg:rabbit:4:0,REG,3,COR1,1,0,False,0,0.0,0,False,0.0,0.0,0.0,0.0,4,0.6666666666666666,1.0
reg:rabbit:16:7,REG,3,MUL1,1,0,False,0,0.0,0,False,0.0,0.0,0.0,0.0,2,0.3333333333333333,0.6666666666666666
reg:rabbit:16:7,REG,3,OPEN,1,0,False,0,0.0,0,False,0.0,0.0,0.0,0.0,4,0.6666666666666666,1.0
reg:rabbit:16:7,REG,3,SPB1,1,0,False,0,0.0,0,False,0.0,0.0,0.0,0.0,0,0.0,0.0
reg:rabbit:16:7,REG,3,SPL1,1,0,False,0,0.0,0,False,0.0,0.0,0.0,0.0,4,0.6666666666666666,1.0
reg:rabbit:16:8,REG,3,BOT1,1,0,False,2,0.3333333333333333,0,False,0.6382978723404256,0.6382978723404256,0.351063829787234,0.9893617021276596,0,0.0,0.0
reg:rabbit:16:8,REG,3,COR1,1,0,False,0,0.0,0,False,0.0,0.0,0.0,0.0,0,0.0,0.0
reg:rabbit:16:8,REG,3,MUL1,1,0,False,0,0.0,0,False,0.0,0.0,0.0,0.0,2,0.3333333333333333,0.6666666666666666
reg:rabbit:16:8,REG,3,OPEN,1,0,False,0,0.0,0,False,0.0,0.0,0.0,0.0,4,0.6666666666666666,1.0
reg:rabbit:4:0,REG,3,MUL1,1,0,False,0,0.0,0,False,0.0,0.0,0.0,0.0,6,1.0,1.0
reg:rabbit:4:0,REG,3,OPEN,1,0,False,0,0.0,0,False,0.0,0.0,0.0,0.0,6,1.0,1.0
reg:rabbit:4:0,REG,3,SPB1,1,0,False,0,0.0,0,False,0.0,0.0,0.0,0.0,4,0.6666666666666666,1.0
reg:rabbit:4:0,REG,3,SPL1,1,0,False,0,0.0,0,False,0.0,0.0,0.0,0.0,6,1.0,1.0
reg:rabbit:4:1,REG,3,BOT1,1,0,False,2,0.3333333333333333,0,False,0.5957446808510638,0.5957446808510638,0.3936170212765957,0.9893617021276596,2,0.3333333333333333,0.6666666666666666
reg:rabbit:4:1,REG,3,COR1,1,0,False,0,0.0,0,False,0.0,0.0,0.0,0.0,4,0.6666666666666666,1.0
reg:rabbit:4:1,REG,3,MUL1,1,0,False,0,0.0,0,False,0.0,0.0,0.0,0.0,6,1.0,1.0
reg:rabbit:4:1,REG,3,OPEN,1,0,False,0,0.0,0,False,0.0,0.0,0.0,0.0,6,1.0,1.0
reg:rabbit:5:1,REG,3,BOT1,1,0,False,2,0.3333333333333333,0,False,0.6276595744680851,0.6276595744680851,0.3617021276595745,0.9893617021276596,0,0.0,0.0
reg:rabbit:5:1,REG,3,COR1,1,0,False,0,0.0,0,False,0.0,0.0,0.0,0.0,4,0.6666666666666666,1.0
reg:rabbit:5:1,REG,3,MUL1,1,0,False,0,0.0,0,False,0.0,0.0,0.0,0.0,6,1.0,1.0
reg:rabbit:5:1,REG,3,OPEN,1,0,False,0,0.0,0,False,0.0,0.0,0.0,0.0,6,1.0,1.0
reg:rabbit:5:1,REG,3,SPB1,1,0,False,0,0.0,0,False,0.0,0.0,0.0,0.0,4,0.6666666666666666,1.0
reg:rabbit:5:1,REG,3,SPL1,1,0,False,0,0.0,0,False,0.0,0.0,0.0,0.0,6,1.0,1.0
reg:rabbit:6:0,REG,3,BOT1,1,0,False,2,0.3333333333333333,0,False,0.6808510638297872,0.6808510638297872,0.3085106382978723,0.9893617021276596,0,0.0,0.0
reg:rabbit:6:0,REG,3,COR1,1,0,False,0,0.0,0,False,0.0,0.0,0.0,0.0,4,0.6666666666666666,1.0
reg:rabbit:4:1,REG,3,SPB1,1,0,False,0,0.0,0,False,0.0,0.0,0.0,0.0,2,0.3333333333333333,0.6666666666666666
reg:rabbit:4:1,REG,3,SPL1,1,0,False,0,0.0,0,False,0.0,0.0,0.0,0.0,6,1.0,1.0
reg:rabbit:5:0,REG,3,BOT1,1,0,False,2,0.3333333333333333,0,False,0.6276595744680851,0.6276595744680851,0.3617021276595745,0.9893617021276596,0,0.0,0.0
reg:rabbit:5:0,REG,3,COR1,1,0,False,0,0.0,0,False,0.0,0.0,0.0,0.0,4,0.6666666666666666,1.0
reg:rabbit:5:0,REG,3,MUL1,1,0,False,0,0.0,0,False,0.0,0.0,0.0,0.0,6,1.0,1.0
reg:rabbit:5:0,REG,3,OPEN,1,0,False,0,0.0,0,False,0.0,0.0,0.0,0.0,6,1.0,1.0
reg:rabbit:5:0,REG,3,SPB1,1,0,False,0,0.0,0,False,0.0,0.0,0.0,0.0,2,0.3333333333333333,0.6666666666666666
reg:rabbit:5:0,REG,3,SPL1,1,0,False,0,0.0,0,False,0.0,0.0,0.0,0.0,6,1.0,1.0
reg:rabbit:6:1,REG,3,SPB1,1,0,False,0,0.0,0,False,0.0,0.0,0.0,0.0,0,0.0,0.0
reg:rabbit:6:1,REG,3,SPL1,1,0,False,0,0.0,0,False,0.0,0.0,0.0,0.0,6,1.0,1.0
reg:rabbit:6:2,REG,3,BOT1,1,0,False,2,0.3333333333333333,0,False,0.6914893617021277,0.6914893617021277,0.2978723404255319,0.9893617021276596,0,0.0,0.0
reg:rabbit:6:2,REG,3,COR1,1,0,False,0,0.0,0,False,0.0,0.0,0.0,0.0,4,0.6666666666666666,1.0
reg:rabbit:6:2,REG,3,MUL1,1,0,False,0,0.0,0,False,0.0,0.0,0.0,0.0,6,1.0,1.0
reg:rabbit:6:2,REG,3,OPEN,1,0,False,0,0.0,0,False,0.0,0.0,0.0,0.0,6,1.0,1.0
reg:rabbit:6:2,REG,3,SPB1,1,0,False,0,0.0,0,False,0.0,0.0,0.0,0.0,1,0.16666666666666666,0.3333333333333333
reg:rabbit:6:2,REG,3,SPL1,1,0,False,0,0.0,0,False,0.0,0.0,0.0,0.0,6,1.0,1.0
reg:rabbit:6:0,REG,3,MUL1,1,0,False,0,0.0,0,False,0.0,0.0,0.0,0.0,6,1.0,1.0
reg:rabbit:6:0,REG,3,OPEN,1,0,False,0,0.0,0,False,0.0,0.0,0.0,0.0,6,1.0,1.0
reg:rabbit:6:0,REG,3,SPB1,1,0,False,0,0.0,0,False,0.0,0.0,0.0,0.0,2,0.3333333333333333,0.6666666666666666
reg:rabbit:6:0,REG,3,SPL1,1,0,False,0,0.0,0,False,0.0,0.0,0.0,0.0,6,1.0,1.0
reg:rabbit:6:1,REG,3,BOT1,1,0,False,2,0.3333333333333333,0,False,0.5531914893617021,0.5531914893617021,0.4361702127659574,0.9893617021276596,0,0.0,0.0
reg:rabbit:6:1,REG,3,COR1,1,0,False,0,0.0,0,False,0.0,0.0,0.0,0.0,4,0.6666666666666666,1.0
reg:rabbit:6:1,REG,3,MUL1,1,0,False,0,0.0,0,False,0.0,0.0,0.0,0.0,6,1.0,1.0
reg:rabbit:6:1,REG,3,OPEN,1,0,False,0,0.0,0,False,0.0,0.0,0.0,0.0,6,1.0,1.0
reg:rabbit:6:3,REG,3,BOT1,1,0,False,2,0.3333333333333333,0,False,0.5531914893617021,0.5531914893617021,0.4361702127659574,0.9893617021276596,0,0.0,0.0
reg:rabbit:6:3,REG,3,COR1,1,0,False,0,0.0,0,False,0.0,0.0,0.0,0.0,4,0.6666666666666666,1.0
reg:rabbit:6:3,REG,3,MUL1,1,0,False,0,0.0,0,False,0.0,0.0,0.0,0.0,6,1.0,1.0
reg:rabbit:6:3,REG,3,OPEN,1,0,False,0,0.0,0,False,0.0,0.0,0.0,0.0,6,1.0,1.0
reg:rabbit:6:3,REG,3,SPB1,1,0,False,0,0.0,0,False,0.0,0.0,0.0,0.0,0,0.0,0.0
reg:rabbit:6:3,REG,3,SPL1,1,0,False,0,0.0,0,False,0.0,0.0,0.0,0.0,6,1.0,1.0
reg:rabbit:6:4,REG,3,BOT1,1,0,False,2,0.3333333333333333,0,False,0.6914893617021277,0.6914893617021277,0.2978723404255319,0.9893617021276596,0,0.0,0.0
reg:rabbit:6:4,REG,3,COR1,1,0,False,0,0.0,0,False,0.0,0.0,0.0,0.0,4,0.6666666666666666,1.0
reg:rabbit:6:4,REG,3,MUL1,1,0,False,0,0.0,0,False,0.0,0.0,0.0,0.0,6,1.0,1.0
reg:rabbit:6:4,REG,3,OPEN,1,0,False,0,0.0,0,False,0.0,0.0,0.0,0.0,6,1.0,1.0
reg:rabbit:6:4,REG,3,SPB1,1,0,False,0,0.0,0,False,0.0,0.0,0.0,0.0,2,0.3333333333333333,0.6666666666666666
reg:rabbit:6:4,REG,3,SPL1,1,0,False,0,0.0,0,False,0.0,0.0,0.0,0.0,6,1.0,1.0
reg:rabbit:6:5,REG,3,BOT1,1,0,False,2,0.3333333333333333,0,False,0.6808510638297872,0.6808510638297872,0.3085106382978723,0.9893617021276596,0,0.0,0.0
reg:rabbit:6:5,REG,3,COR1,1,0,False,0,0.0,0,False,0.0,0.0,0.0,0.0,4,0.6666666666666666,1.0
reg:rabbit:6:5,REG,3,MUL1,1,0,False,0,0.0,0,False,0.0,0.0,0.0,0.0,6,1.0,1.0
reg:rabbit:6:5,REG,3,OPEN,1,0,False,0,0.0,0,False,0.0,0.0,0.0,0.0,6,1.0,1.0
reg:rabbit:6:5,REG,3,SPB1,1,0,False,0,0.0,0,False,0.0,0.0,0.0,0.0,2,0.3333333333333333,0.6666666666666666
reg:rabbit:6:5,REG,3,SPL1,1,0,False,0,0.0,0,False,0.0,0.0,0.0,0.0,6,1.0,1.0
reg:rabbit:8:0,REG,3,BOT1,1,0,False,2,0.3333333333333333,0,False,0.5319148936170213,0.5319148936170213,0.4574468085106383,0.9893617021276596,0,0.0,0.0
reg:rabbit:8:0,REG,3,COR1,1,0,False,0,0.0,0,False,0.0,0.0,0.0,0.0,4,0.6666666666666666,1.0
reg:rabbit:8:0,REG,3,MUL1,1,0,False,0,0.0,0,False,0.0,0.0,0.0,0.0,4,0.6666666666666666,1.0
reg:rabbit:8:0,REG,3,OPEN,1,0,False,0,0.0,0,False,0.0,0.0,0.0,0.0,6,1.0,1.0
reg:rabbit:8:0,REG,3,SPB1,1,0,False,0,0.0,0,False,0.0,0.0,0.0,0.0,2,0.3333333333333333,0.6666666666666666
reg:rabbit:8:0,REG,3,SPL1,1,0,False,0,0.0,0,False,0.0,0.0,0.0,0.0,6,1.0,1.0
reg:rabbit:8:1,REG,3,BOT1,1,0,False,2,0.3333333333333333,0,False,0.5957446808510638,0.5957446808510638,0.3936170212765957,0.9893617021276596,0,0.0,0.0
reg:rabbit:8:1,REG,3,COR1,1,0,False,0,0.0,0,False,0.0,0.0,0.0,0.0,2,0.3333333333333333,0.6666666666666666
reg:rabbit:8:1,REG,3,MUL1,1,0,False,0,0.0,0,False,0.0,0.0,0.0,0.0,4,0.6666666666666666,1.0
reg:rabbit:8:1,REG,3,OPEN,1,0,False,0,0.0,0,False,0.0,0.0,0.0,0.0,6,1.0,1.0
reg:rabbit:8:1,REG,3,SPB1,1,0,False,0,0.0,0,False,0.0,0.0,0.0,0.0,2,0.3333333333333333,0.6666666666666666
reg:rabbit:8:1,REG,3,SPL1,1,0,False,0,0.0,0,False,0.0,0.0,0.0,0.0,6,1.0,1.0
reg:rabbit:8:10,REG,3,BOT1,1,0,False,2,0.3333333333333333,0,False,0.5319148936170213,0.5319148936170213,0.4574468085106383,0.9893617021276596,0,0.0,0.0
reg:rabbit:8:10,REG,3,COR1,1,0,False,0,0.0,0,False,0.0,0.0,0.0,0.0,4,0.6666666666666666,1.0
reg:rabbit:8:10,REG,3,MUL1,1,0,False,0,0.0,0,False,0.0,0.0,0.0,0.0,6,1.0,1.0
reg:rabbit:8:10,REG,3,OPEN,1,0,False,0,0.0,0,False,0.0,0.0,0.0,0.0,6,1.0,1.0
reg:rabbit:8:10,REG,3,SPB1,1,0,False,0,0.0,0,False,0.0,0.0,0.0,0.0,1,0.16666666666666666,0.3333333333333333
reg:rabbit:8:10,REG,3,SPL1,1,0,False,0,0.0,0,False,0.0,0.0,0.0,0.0,6,1.0,1.0
reg:rabbit:8:11,REG,3,BOT1,1,0,False,2,0.3333333333333333,0,False,0.5957446808510638,0.5957446808510638,0.3936170212765957,0.9893617021276596,0,0.0,0.0
reg:rabbit:8:11,REG,3,COR1,1,0,False,0,0.0,0,False,0.0,0.0,0.0,0.0,0,0.0,0.0
reg:rabbit:8:11,REG,3,MUL1,1,0,False,0,0.0,0,False,0.0,0.0,0.0,0.0,4,0.6666666666666666,1.0
reg:rabbit:8:11,REG,3,OPEN,1,0,False,0,0.0,0,False,0.0,0.0,0.0,0.0,6,1.0,1.0
reg:rabbit:8:11,REG,3,SPB1,1,0,False,0,0.0,0,False,0.0,0.0,0.0,0.0,2,0.3333333333333333,0.6666666666666666
reg:rabbit:8:11,REG,3,SPL1,1,0,False,0,0.0,0,False,0.0,0.0,0.0,0.0,6,1.0,1.0
reg:rabbit:8:2,REG,3,BOT1,1,0,False,2,0.3333333333333333,0,False,0.5957446808510638,0.5957446808510638,0.3936170212765957,0.9893617021276596,0,0.0,0.0
reg:rabbit:8:2,REG,3,COR1,1,0,False,0,0.0,0,False,0.0,0.0,0.0,0.0,2,0.3333333333333333,0.6666666666666666
reg:rabbit:8:2,REG,3,MUL1,1,0,False,0,0.0,0,False,0.0,0.0,0.0,0.0,4,0.6666666666666666,1.0
reg:rabbit:8:2,REG,3,OPEN,1,0,False,0,0.0,0,False,0.0,0.0,0.0,0.0,6,1.0,1.0
reg:rabbit:8:2,REG,3,SPB1,1,0,False,0,0.0,0,False,0.0,0.0,0.0,0.0,2,0.3333333333333333,0.6666666666666666
reg:rabbit:8:2,REG,3,SPL1,1,0,False,0,0.0,0,False,0.0,0.0,0.0,0.0,6,1.0,1.0
reg:rabbit:8:3,REG,3,BOT1,1,0,False,2,0.3333333333333333,0,False,0.7021276595744681,0.7021276595744681,0.2872340425531915,0.9893617021276596,0,0.0,0.0
reg:rabbit:8:3,REG,3,COR1,1,0,False,0,0.0,0,False,0.0,0.0,0.0,0.0,4,0.6666666666666666,1.0
reg:rabbit:8:3,REG,3,MUL1,1,0,False,0,0.0,0,False,0.0,0.0,0.0,0.0,6,1.0,1.0
reg:rabbit:8:3,REG,3,OPEN,1,0,False,0,0.0,0,False,0.0,0.0,0.0,0.0,6,1.0,1.0
reg:rabbit:8:3,REG,3,SPB1,1,0,False,0,0.0,0,False,0.0,0.0,0.0,0.0,0,0.0,0.0
reg:rabbit:8:3,REG,3,SPL1,1,0,False,0,0.0,0,False,0.0,0.0,0.0,0.0,6,1.0,1.0
reg:rabbit:8:4,REG,3,BOT1,1,0,False,2,0.3333333333333333,0,False,0.5319148936170213,0.5319148936170213,0.4574468085106383,0.9893617021276596,0,0.0,0.0
reg:rabbit:8:4,REG,3,COR1,1,0,False,0,0.0,0,False,0.0,0.0,0.0,0.0,4,0.6666666666666666,1.0
reg:rabbit:8:4,REG,3,MUL1,1,0,False,0,0.0,0,False,0.0,0.0,0.0,0.0,6,1.0,1.0
reg:rabbit:8:4,REG,3,OPEN,1,0,False,0,0.0,0,False,0.0,0.0,0.0,0.0,6,1.0,1.0
reg:rabbit:8:4,REG,3,SPB1,1,0,False,0,0.0,0,False,0.0,0.0,0.0,0.0,2,0.3333333333333333,0.6666666666666666
reg:rabbit:8:4,REG,3,SPL1,1,0,False,0,0.0,0,False,0.0,0.0,0.0,0.0,6,1.0,1.0
reg:rabbit:8:5,REG,3,BOT1,1,0,False,2,0.3333333333333333,0,False,0.7659574468085106,0.7659574468085106,0.2234042553191489,0.9893617021276596,0,0.0,0.0
reg:rabbit:8:5,REG,3,COR1,1,0,False,0,0.0,0,False,0.0,0.0,0.0,0.0,4,0.6666666666666666,1.0
reg:rabbit:8:5,REG,3,MUL1,1,0,False,0,0.0,0,False,0.0,0.0,0.0,0.0,4,0.6666666666666666,1.0
reg:rabbit:8:5,REG,3,OPEN,1,0,False,0,0.0,0,False,0.0,0.0,0.0,0.0,6,1.0,1.0
reg:rabbit:8:7,REG,3,BOT1,1,0,False,2,0.3333333333333333,0,False,0.5319148936170213,0.5319148936170213,0.4574468085106383,0.9893617021276596,0,0.0,0.0
reg:rabbit:8:7,REG,3,COR1,1,0,False,0,0.0,0,False,0.0,0.0,0.0,0.0,4,0.6666666666666666,1.0
reg:rabbit:8:7,REG,3,MUL1,1,0,False,0,0.0,0,False,0.0,0.0,0.0,0.0,4,0.6666666666666666,1.0
reg:rabbit:8:7,REG,3,OPEN,1,0,False,0,0.0,0,False,0.0,0.0,0.0,0.0,6,1.0,1.0
reg:rabbit:8:7,REG,3,SPB1,1,0,False,0,0.0,0,False,0.0,0.0,0.0,0.0,2,0.3333333333333333,0.6666666666666666
reg:rabbit:8:7,REG,3,SPL1,1,0,False,0,0.0,0,False,0.0,0.0,0.0,0.0,6,1.0,1.0
reg:rabbit:8:8,REG,3,BOT1,1,0,False,2,0.3333333333333333,0,False,0.5957446808510638,0.5957446808510638,0.3936170212765957,0.9893617021276596,0,0.0,0.0
reg:rabbit:8:8,REG,3,COR1,1,0,False,0,0.0,0,False,0.0,0.0,0.0,0.0,0,0.0,0.0
reg:rabbit:8:5,REG,3,SPB1,1,0,False,0,0.0,0,False,0.0,0.0,0.0,0.0,2,0.3333333333333333,0.6666666666666666
reg:rabbit:8:5,REG,3,SPL1,1,0,False,0,0.0,0,False,0.0,0.0,0.0,0.0,6,1.0,1.0
reg:rabbit:8:6,REG,3,BOT1,1,0,False,2,0.3333333333333333,0,False,0.7659574468085106,0.7659574468085106,0.2234042553191489,0.9893617021276596,0,0.0,0.0
reg:rabbit:8:6,REG,3,COR1,1,0,False,0,0.0,0,False,0.0,0.0,0.0,0.0,2,0.3333333333333333,0.6666666666666666
reg:rabbit:8:6,REG,3,MUL1,1,0,False,0,0.0,0,False,0.0,0.0,0.0,0.0,4,0.6666666666666666,1.0
reg:rabbit:8:6,REG,3,OPEN,1,0,False,0,0.0,0,False,0.0,0.0,0.0,0.0,6,1.0,1.0
reg:rabbit:8:6,REG,3,SPB1,1,0,False,0,0.0,0,False,0.0,0.0,0.0,0.0,2,0.3333333333333333,0.6666666666666666
reg:rabbit:8:6,REG,3,SPL1,1,0,False,0,0.0,0,False,0.0,0.0,0.0,0.0,6,1.0,1.0
reg:rabbit:8:8,REG,3,MUL1,1,0,False,0,0.0,0,False,0.0,0.0,0.0,0.0,4,0.6666666666666666,1.0
reg:rabbit:8:8,REG,3,OPEN,1,0,False,0,0.0,0,False,0.0,0.0,0.0,0.0,6,1.0,1.0
reg:rabbit:8:8,REG,3,SPB1,1,0,False,0,0.0,0,False,0.0,0.0,0.0,0.0,1,0.16666666666666666,0.3333333333333333
reg:rabbit:8:8,REG,3,SPL1,1,0,False,0,0.0,0,False,0.0,0.0,0.0,0.0,6,1.0,1.0
reg:rabbit:8:9,REG,3,BOT1,1,0,False,2,0.3333333333333333,0,False,0.7021276595744681,0.7021276595744681,0.2872340425531915,0.9893617021276596,0,0.0,0.0
reg:rabbit:8:9,REG,3,COR1,1,0,False,0,0.0,0,False,0.0,0.0,0.0,0.0,0,0.0,0.0
reg:rabbit:8:9,REG,3,MUL1,1,0,False,0,0.0,0,False,0.0,0.0,0.0,0.0,4,0.6666666666666666,1.0
reg:rabbit:8:9,REG,3,OPEN,1,0,False,0,0.0,0,False,0.0,0.0,0.0,0.0,6,1.0,1.0
reg:rabbit:8:9,REG,3,SPB1,1,0,False,0,0.0,0,False,0.0,0.0,0.0,0.0,0,0.0,0.0
reg:rabbit:8:9,REG,3,SPL1,1,0,False,0,0.0,0,False,0.0,0.0,0.0,0.0,6,1.0,1.0
reg:tree:12:0,REG,3,BOT1,1,0,False,0,0.0,0,False,0.0,0.0,0.0,0.0,0,0.0,0.0
reg:tree:12:0,REG,3,COR1,1,0,False,0,0.0,0,False,0.0,0.0,0.0,0.0,2,0.3333333333333333,0.6666666666666666
reg:tree:12:0,REG,3,MUL1,1,0,False,0,0.0,0,False,0.0,0.0,0.0,0.0,2,0.3333333333333333,0.6666666666666666
reg:tree:12:0,REG,3,OPEN,1,0,False,0,0.0,0,False,0.0,0.0,0.0,0.0,4,0.6666666666666666,1.0
reg:tree:12:0,REG,3,SPB1,1,0,False,0,0.0,0,False,0.0,0.0,0.0,0.0,2,0.3333333333333333,0.6666666666666666
reg:tree:12:0,REG,3,SPL1,1,0,False,0,0.0,0,False,0.0,0.0,0.0,0.0,4,0.6666666666666666,1.0
reg:tree:12:1,REG,3,BOT1,1,0,False,0,0.0,0,False,0.0,0.0,0.0,0.0,0,0.0,0.0
reg:tree:12:1,REG,3,COR1,1,0,False,0,0.0,0,False,0.0,0.0,0.0,0.0,2,0.3333333333333333,0.6666666666666666
reg:tree:12:1,REG,3,MUL1,1,0,False,0,0.0,0,False,0.0,0.0,0.0,0.0,2,0.3333333333333333,0.6666666666666666
reg:tree:12:1,REG,3,OPEN,1,0,False,0,0.0,0,False,0.0,0.0,0.0,0.0,4,0.6666666666666666,1.0
reg:tree:12:1,REG,3,SPB1,1,0,False,0,0.0,0,False,0.0,0.0,0.0,0.0,0,0.0,0.0
reg:tree:12:1,REG,3,SPL1,1,0,False,0,0.0,0,False,0.0,0.0,0.0,0.0,4,0.6666666666666666,1.0
reg:tree:16:0,REG,3,BOT1,1,0,False,0,0.0,0,False,0.0,0.0,0.0,0.0,0,0.0,0.0
reg:tree:16:0,REG,3,COR1,1,0,False,0,0.0,0,False,0.0,0.0,0.0,0.0,0,0.0,0.0
reg:tree:3:0,REG,3,MUL1,1,0,False,0,0.0,0,False,0.0,0.0,0.0,0.0,6,1.0,1.0
reg:tree:3:0,REG,3,OPEN,1,0,False,0,0.0,0,False,0.0,0.0,0.0,0.0,6,1.0,1.0
reg:tree:3:0,REG,3,SPB1,1,0,False,0,0.0,0,False,0.0,0.0,0.0,0.0,6,1.0,1.0
reg:tree:3:0,REG,3,SPL1,1,0,False,0,0.0,0,False,0.0,0.0,0.0,0.0,6,1.0,1.0
reg:tree:4:0,REG,3,BOT1,1,0,False,0,0.0,0,False,0.0,0.0,0.0,0.0,2,0.3333333333333333,0.6666666666666666
reg:tree:4:0,REG,3,COR1,1,0,False,0,0.0,0,False,0.0,0.0,0.0,0.0,4,0.6666666666666666,1.0
reg:tree:4:0,REG,3,MUL1,1,0,False,0,0.0,0,False,0.0,0.0,0.0,0.0,6,1.0,1.0
reg:tree:4:0,REG,3,OPEN,1,0,False,0,0.0,0,False,0.0,0.0,0.0,0.0,6,1.0,1.0
reg:tree:16:3,REG,3,BOT1,1,0,False,0,0.0,0,False,0.0,0.0,0.0,0.0,0,0.0,0.0
reg:tree:16:3,REG,3,COR1,1,0,False,0,0.0,0,False,0.0,0.0,0.0,0.0,0,0.0,0.0
reg:tree:16:3,REG,3,MUL1,1,0,False,0,0.0,0,False,0.0,0.0,0.0,0.0,0,0.0,0.0
reg:tree:16:3,REG,3,OPEN,1,0,False,0,0.0,0,False,0.0,0.0,0.0,0.0,2,0.3333333333333333,0.6666666666666666
reg:tree:16:3,REG,3,SPB1,1,0,False,0,0.0,0,False,0.0,0.0,0.0,0.0,0,0.0,0.0
reg:tree:16:3,REG,3,SPL1,1,0,False,0,0.0,0,False,0.0,0.0,0.0,0.0,2,0.3333333333333333,0.6666666666666666
reg:tree:3:0,REG,3,BOT1,1,0,False,0,0.0,0,False,0.0,0.0,0.0,0.0,4,0.6666666666666666,1.0
reg:tree:3:0,REG,3,COR1,1,0,False,0,0.0,0,False,0.0,0.0,0.0,0.0,6,1.0,1.0
reg:tree:16:0,REG,3,MUL1,1,0,False,0,0.0,0,False,0.0,0.0,0.0,0.0,0,0.0,0.0
reg:tree:16:0,REG,3,OPEN,1,0,False,0,0.0,0,False,0.0,0.0,0.0,0.0,2,0.3333333333333333,0.6666666666666666
reg:tree:16:0,REG,3,SPB1,1,0,False,0,0.0,0,False,0.0,0.0,0.0,0.0,0,0.0,0.0
reg:tree:16:0,REG,3,SPL1,1,0,False,0,0.0,0,False,0.0,0.0,0.0,0.0,2,0.3333333333333333,0.6666666666666666
reg:tree:16:1,REG,3,BOT1,1,0,False,0,0.0,0,False,0.0,0.0,0.0,0.0,0,0.0,0.0
reg:tree:16:1,REG,3,COR1,1,0,False,0,0.0,0,False,0.0,0.0,0.0,0.0,0,0.0,0.0
reg:tree:16:1,REG,3,MUL1,1,0,False,0,0.0,0,False,0.0,0.0,0.0,0.0,0,0.0,0.0
reg:tree:16:1,REG,3,OPEN,1,0,False,0,0.0,0,False,0.0,0.0,0.0,0.0,2,0.3333333333333333,0.6666666666666666
reg:tree:4:0,REG,3,SPB1,1,0,False,0,0.0,0,False,0.0,0.0,0.0,0.0,4,0.6666666666666666,1.0
reg:tree:4:0,REG,3,SPL1,1,0,False,0,0.0,0,False,0.0,0.0,0.0,0.0,6,1.0,1.0
reg:tree:5:0,REG,3,BOT1,1,0,False,0,0.0,0,False,0.0,0.0,0.0,0.0,2,0.3333333333333333,0.6666666666666666
reg:tree:5:0,REG,3,COR1,1,0,False,0,0.0,0,False,0.0,0.0,0.0,0.0,4,0.6666666666666666,1.0
reg:tree:5:0,REG,3,MUL1,1,0,False,0,0.0,0,False,0.0,0.0,0.0,0.0,6,1.0,1.0
reg:tree:5:0,REG,3,OPEN,1,0,False,0,0.0,0,False,0.0,0.0,0.0,0.0,6,1.0,1.0
reg:tree:5:0,REG,3,SPB1,1,0,False,0,0.0,0,False,0.0,0.0,0.0,0.0,2,0.3333333333333333,0.6666666666666666
reg:tree:5:0,REG,3,SPL1,1,0,False,0,0.0,0,False,0.0,0.0,0.0,0.0,6,1.0,1.0
reg:tree:16:1,REG,3,SPB1,1,0,False,0,0.0,0,False,0.0,0.0,0.0,0.0,0,0.0,0.0
reg:tree:16:1,REG,3,SPL1,1,0,False,0,0.0,0,False,0.0,0.0,0.0,0.0,2,0.3333333333333333,0.6666666666666666
reg:tree:16:2,REG,3,BOT1,1,0,False,0,0.0,0,False,0.0,0.0,0.0,0.0,0,0.0,0.0
reg:tree:16:2,REG,3,COR1,1,0,False,0,0.0,0,False,0.0,0.0,0.0,0.0,0,0.0,0.0
reg:tree:16:2,REG,3,MUL1,1,0,False,0,0.0,0,False,0.0,0.0,0.0,0.0,0,0.0,0.0
reg:tree:16:2,REG,3,OPEN,1,0,False,0,0.0,0,False,0.0,0.0,0.0,0.0,2,0.3333333333333333,0.6666666666666666
reg:tree:16:2,REG,3,SPB1,1,0,False,0,0.0,0,False,0.0,0.0,0.0,0.0,0,0.0,0.0
reg:tree:16:2,REG,3,SPL1,1,0,False,0,0.0,0,False,0.0,0.0,0.0,0.0,2,0.3333333333333333,0.6666666666666666
reg:tree:5:1,REG,3,BOT1,1,0,False,0,0.0,0,False,0.0,0.0,0.0,0.0,4,0.6666666666666666,1.0
reg:tree:5:1,REG,3,COR1,1,0,False,0,0.0,0,False,0.0,0.0,0.0,0.0,4,0.6666666666666666,1.0
reg:tree:5:1,REG,3,MUL1,1,0,False,0,0.0,0,False,0.0,0.0,0.0,0.0,6,1.0,1.0
reg:tree:5:1,REG,3,OPEN,1,0,False,0,0.0,0,False,0.0,0.0,0.0,0.0,6,1.0,1.0
reg:tree:5:1,REG,3,SPB1,1,0,False,0,0.0,0,False,0.0,0.0,0.0,0.0,4,0.6666666666666666,1.0
reg:tree:5:1,REG,3,SPL1,1,0,False,0,0.0,0,False,0.0,0.0,0.0,0.0,6,1.0,1.0
reg:tree:6:0,REG,3,BOT1,1,0,False,0,0.0,0,False,0.0,0.0,0.0,0.0,2,0.3333333333333333,0.6666666666666666
reg:tree:6:0,REG,3,COR1,1,0,False,0,0.0,0,False,0.0,0.0,0.0,0.0,2,0.3333333333333333,0.6666666666666666
reg:tree:6:1,REG,3,SPB1,1,0,False,0,0.0,0,False,0.0,0.0,0.0,0.0,2,0.3333333333333333,0.6666666666666666
reg:tree:6:1,REG,3,SPL1,1,0,False,0,0.0,0,False,0.0,0.0,0.0,0.0,6,1.0,1.0
reg:tree:8:0,REG,3,BOT1,1,0,False,0,0.0,0,False,0.0,0.0,0.0,0.0,0,0.0,0.0
reg:tree:8:0,REG,3,COR1,1,0,False,0,0.0,0,False,0.0,0.0,0.0,0.0,0,0.0,0.0
reg:tree:8:0,REG,3,MUL1,1,0,False,0,0.0,0,False,0.0,0.0,0.0,0.0,2,0.3333333333333333,0.6666666666666666
reg:tree:8:0,REG,3,OPEN,1,0,False,0,0.0,0,False,0.0,0.0,0.0,0.0,4,0.6666666666666666,1.0
reg:tree:8:0,REG,3,SPB1,1,0,False,0,0.0,0,False,0.0,0.0,0.0,0.0,2,0.3333333333333333,0.6666666666666666
reg:tree:8:0,REG,3,SPL1,1,0,False,0,0.0,0,False,0.0,0.0,0.0,0.0,4,0.6666666666666666,1.0
reg:tree:6:0,REG,3,MUL1,1,0,False,0,0.0,0,False,0.0,0.0,0.0,0.0,6,1.0,1.0
reg:tree:6:0,REG,3,OPEN,1,0,False,0,0.0,0,False,0.0,0.0,0.0,0.0,6,1.0,1.0
reg:tree:6:0,REG,3,SPB1,1,0,False,0,0.0,0,False,0.0,0.0,0.0,0.0,2,0.3333333333333333,0.6666666666666666
reg:tree:6:0,REG,3,SPL1,1,0,False,0,0.0,0,False,0.0,0.0,0.0,0.0,6,1.0,1.0
reg:tree:6:1,REG,3,BOT1,1,0,False,0,0.0,0,False,0.0,0.0,0.0,0.0,2,0.3333333333333333,0.6666666666666666
reg:tree:6:1,REG,3,COR1,1,0,False,0,0.0,0,False,0.0,0.0,0.0,0.0,2,0.3333333333333333,0.6666666666666666
reg:tree:6:1,REG,3,MUL1,1,0,False,0,0.0,0,False,0.0,0.0,0.0,0.0,6,1.0,1.0
reg:tree:6:1,REG,3,OPEN,1,0,False,0,0.0,0,False,0.0,0.0,0.0,0.0,6,1.0,1.0
reg:tree:8:1,REG,3,BOT1,1,0,False,0,0.0,0,False,0.0,0.0,0.0,0.0,0,0.0,0.0
reg:tree:8:1,REG,3,COR1,1,0,False,0,0.0,0,False,0.0,0.0,0.0,0.0,0,0.0,0.0
reg:tree:8:1,REG,3,MUL1,1,0,False,0,0.0,0,False,0.0,0.0,0.0,0.0,2,0.3333333333333333,0.6666666666666666
reg:tree:8:1,REG,3,OPEN,1,0,False,0,0.0,0,False,0.0,0.0,0.0,0.0,4,0.6666666666666666,1.0
reg:tree:8:1,REG,3,SPB1,1,0,False,0,0.0,0,False,0.0,0.0,0.0,0.0,0,0.0,0.0
reg:tree:8:1,REG,3,SPL1,1,0,False,0,0.0,0,False,0.0,0.0,0.0,0.0,4,0.6666666666666666,1.0
syn:checker3,SYN,3,BOT1,1,4,False,2,0.3333333333333333,0,False,0.6875,0.6875,0.25,0.9375,0,0.0,0.0
syn:checker3,SYN,3,BOT1,1,6,False,2,0.3333333333333333,0,False,0.6666666666666666,0.6666666666666666,0.3055555555555556,0.9722222222222222,0,0.0,0.0
syn:checker3,SYN,3,MUL2,1,6,False,0,0.0,0,False,0.0,0.0,0.0,0.0,0,0.0,0.0
syn:checker3,SYN,3,MUL2,1,8,False,0,0.0,0,False,0.0,0.0,0.0,0.0,0,0.0,0.0
syn:checker3,SYN,3,MUL3,1,6,False,0,0.0,0,False,0.0,0.0,0.0,0.0,0,0.0,0.0
syn:checker3,SYN,3,MUL3,1,8,False,0,0.0,0,False,0.0,0.0,0.0,0.0,0,0.0,0.0
syn:checker3,SYN,3,MUL4,1,6,False,0,0.0,0,False,0.0,0.0,0.0,0.0,0,0.0,0.0
syn:checker3,SYN,3,MUL4,1,8,False,0,0.0,0,False,0.0,0.0,0.0,0.0,0,0.0,0.0
syn:checker3,SYN,3,MUL5,1,6,False,0,0.0,0,False,0.0,0.0,0.0,0.0,0,0.0,0.0
syn:checker3,SYN,3,MUL5,1,8,False,0,0.0,0,False,0.0,0.0,0.0,0.0,0,0.0,0.0
syn:checker3,SYN,3,BOT1,1,8,False,2,0.3333333333333333,0,False,0.671875,0.671875,0.3125,0.984375,0,0.0,0.0
syn:checker3,SYN,3,BOT1,2,4,False,2,0.3333333333333333,0,False,0.6875,0.6875,0.296875,0.984375,0,0.0,0.0
syn:checker3,SYN,3,BOT1,3,4,False,2,0.3333333333333333,0,False,0.6875,0.6875,0.3055555555555556,0.9930555555555556,0,0.0,0.0
syn:checker3,SYN,3,BOT1,4,4,False,2,0.3333333333333333,0,False,0.6875,0.6875,0.30859375,0.99609375,0,0.0,0.0
syn:checker3,SYN,3,BOT2,1,6,False,2,0.3333333333333333,0,False,0.6666666666666666,0.6666666666666666,0.3055555555555556,0.9722222222222222,0,0.0,0.0
syn:checker3,SYN,3,BOT2,1,8,False,2,0.3333333333333333,0,False,0.671875,0.671875,0.3125,0.984375,0,0.0,0.0
syn:checker3,SYN,3,BOT3,1,6,False,2,0.3333333333333333,0,False,0.6666666666666666,0.6666666666666666,0.3055555555555556,0.9722222222222222,0,0.0,0.0
syn:checker3,SYN,3,BOT3,1,8,False,2,0.3333333333333333,0,False,0.671875,0.671875,0.3125,0.984375,0,0.0,0.0
syn:checker3,SYN,3,COR1,1,4,False,0,0.0,0,False,0.0,0.0,0.0,0.0,0,0.0,0.0
syn:checker3,SYN,3,COR1,1,6,False,0,0.0,0,False,0.0,0.0,0.0,0.0,0,0.0,0.0
syn:checker3,SYN,3,COR1,1,8,False,0,0.0,0,False,0.0,0.0,0.0,0.0,0,0.0,0.0
syn:checker3,SYN,3,COR1,2,4,False,0,0.0,0,False,0.0,0.0,0.0,0.0,0,0.0,0.0
syn:checker3,SYN,3,COR1,3,4,False,0,0.0,0,False,0.0,0.0,0.0,0.0,0,0.0,0.0
syn:checker3,SYN,3,COR1,4,4,False,0,0.0,0,False,0.0,0.0,0.0,0.0,0,0.0,0.0
syn:checker3,SYN,3,COR2,1,6,False,0,0.0,0,False,0.0,0.0,0.0,0.0,0,0.0,0.0
syn:checker3,SYN,3,COR2,1,8,False,0,0.0,0,False,0.0,0.0,0.0,0.0,0,0.0,0.0
syn:checker3,SYN,3,SPB1,1,8,False,0,0.0,0,False,0.0,0.0,0.0,0.0,0,0.0,0.0
syn:checker3,SYN,3,SPB1,2,4,False,0,0.0,0,False,0.0,0.0,0.0,0.0,0,0.0,0.0
syn:checker3,SYN,3,SPB1,3,4,False,0,0.0,0,False,0.0,0.0,0.0,0.0,0,0.0,0.0
syn:checker3,SYN,3,SPB1,4,4,False,0,0.0,0,False,0.0,0.0,0.0,0.0,0,0.0,0.0
syn:checker3,SYN,3,SPB2,1,6,False,0,0.0,0,False,0.0,0.0,0.0,0.0,0,0.0,0.0
syn:checker3,SYN,3,SPB2,1,8,False,0,0.0,0,False,0.0,0.0,0.0,0.0,0,0.0,0.0
syn:checker3,SYN,3,SPB3,1,6,False,0,0.0,0,False,0.0,0.0,0.0,0.0,0,0.0,0.0
syn:checker3,SYN,3,SPB3,1,8,False,0,0.0,0,False,0.0,0.0,0.0,0.0,0,0.0,0.0
syn:checker3,SYN,3,COR3,1,6,False,0,0.0,0,False,0.0,0.0,0.0,0.0,0,0.0,0.0
syn:checker3,SYN,3,COR3,1,8,False,0,0.0,0,False,0.0,0.0,0.0,0.0,0,0.0,0.0
syn:checker3,SYN,3,MUL1,1,4,False,0,0.0,0,False,0.0,0.0,0.0,0.0,0,0.0,0.0
syn:checker3,SYN,3,MUL1,1,6,False,0,0.0,0,False,0.0,0.0,0.0,0.0,0,0.0,0.0
syn:checker3,SYN,3,MUL1,1,8,False,0,0.0,0,False,0.0,0.0,0.0,0.0,0,0.0,0.0
syn:checker3,SYN,3,MUL1,2,4,False,0,0.0,0,False,0.0,0.0,0.0,0.0,0,0.0,0.0
syn:checker3,SYN,3,MUL1,3,4,False,0,0.0,0,False,0.0,0.0,0.0,0.0,0,0.0,0.0
syn:checker3,SYN,3,MUL1,4,4,False,0,0.0,0,False,0.0,0.0,0.0,0.0,0,0.0,0.0
syn:checker3,SYN,3,SPL3,1,6,False,0,0.0,0,False,0.0,0.0,0.0,0.0,0,0.0,0.0
syn:checker3,SYN,3,SPL3,1,8,False,0,0.0,0,False,0.0,0.0,0.0,0.0,0,0.0,0.0
syn:cols3,SYN,3,BOT1,1,6,False,2,0.3333333333333333,0,False,0.6666666666666666,0.6666666666666666,0.3055555555555556,0.9722222222222222,1,0.16666666666666666,0.3333333333333333
syn:cols3,SYN,3,BOT1,1,8,False,2,0.3333333333333333,0,False,0.625,0.625,0.359375,0.984375,1,0.16666666666666666,0.3333333333333333
syn:cols3,SYN,3,BOT2,1,6,False,2,0.3333333333333333,0,False,0.6666666666666666,0.6666666666666666,0.3055555555555556,0.9722222222222222,1,0.16666666666666666,0.3333333333333333
syn:cols3,SYN,3,BOT2,1,8,False,2,0.3333333333333333,0,False,0.625,0.625,0.359375,0.984375,2,0.3333333333333333,0.6666666666666666
syn:cols3,SYN,3,BOT3,1,6,False,2,0.3333333333333333,0,False,0.6666666666666666,0.6666666666666666,0.3055555555555556,0.9722222222222222,1,0.16666666666666666,0.3333333333333333
syn:cols3,SYN,3,BOT3,1,8,False,2,0.3333333333333333,0,False,0.625,0.625,0.359375,0.984375,1,0.16666666666666666,0.3333333333333333
syn:checker3,SYN,3,OPEN,1,4,False,0,0.0,0,False,0.0,0.0,0.0,0.0,0,0.0,0.0
syn:checker3,SYN,3,OPEN,1,6,False,0,0.0,0,False,0.0,0.0,0.0,0.0,0,0.0,0.0
syn:checker3,SYN,3,OPEN,1,8,False,0,0.0,0,False,0.0,0.0,0.0,0.0,0,0.0,0.0
syn:checker3,SYN,3,OPEN,2,4,False,0,0.0,0,False,0.0,0.0,0.0,0.0,0,0.0,0.0
syn:checker3,SYN,3,OPEN,3,4,False,0,0.0,0,False,0.0,0.0,0.0,0.0,0,0.0,0.0
syn:checker3,SYN,3,OPEN,4,4,False,0,0.0,0,False,0.0,0.0,0.0,0.0,0,0.0,0.0
syn:checker3,SYN,3,SPB1,1,4,False,0,0.0,0,False,0.0,0.0,0.0,0.0,0,0.0,0.0
syn:checker3,SYN,3,SPB1,1,6,False,0,0.0,0,False,0.0,0.0,0.0,0.0,0,0.0,0.0
syn:cols3,SYN,3,MUL2,1,6,False,0,0.0,0,False,0.0,0.0,0.0,0.0,4,0.6666666666666666,1.0
syn:cols3,SYN,3,MUL2,1,8,False,0,0.0,0,False,0.0,0.0,0.0,0.0,4,0.6666666666666666,1.0
syn:cols3,SYN,3,MUL3,1,6,False,0,0.0,0,False,0.0,0.0,0.0,0.0,6,1.0,1.0
syn:cols3,SYN,3,MUL3,1,8,False,0,0.0,0,False,0.0,0.0,0.0,0.0,6,1.0,1.0
syn:cols3,SYN,3,MUL4,1,6,False,0,0.0,0,False,0.0,0.0,0.0,0.0,6,1.0,1.0
syn:cols3,SYN,3,MUL4,1,8,False,0,0.0,0,False,0.0,0.0,0.0,0.0,6,1.0,1.0
syn:cols3,SYN,3,MUL5,1,6,False,0,0.0,0,False,0.0,0.0,0.0,0.0,3,0.5,0.6666666666666666
syn:cols3,SYN,3,MUL5,1,8,False,0,0.0,0,False,0.0,0.0,0.0,0.0,3,0.5,0.6666666666666666
syn:cols3,SYN,3,COR1,1,6,False,0,0.0,0,False,0.0,0.0,0.0,0.0,6,1.0,1.0
syn:cols3,SYN,3,COR1,1,8,False,0,0.0,0,False,0.0,0.0,0.0,0.0,6,1.0,1.0
syn:cols3,SYN,3,COR2,1,6,False,0,0.0,0,False,0.0,0.0,0.0,0.0,1,0.16666666666666666,0.3333333333333333
syn:cols3,SYN,3,COR2,1,8,False,0,0.0,0,False,0.0,0.0,0.0,0.0,1,0.16666666666666666,0.3333333333333333
syn:cols3,SYN,3,COR3,1,6,False,0,0.0,0,False,0.0,0.0,0.0,0.0,3,0.5,0.6666666666666666
syn:cols3,SYN,3,COR3,1,8,False,0,0.0,0,False,0.0,0.0,0.0,0.0,3,0.5,0.6666666666666666
syn:cols3,SYN,3,MUL1,1,6,False,0,0.0,0,False,0.0,0.0,0.0,0.0,6,1.0,1.0
syn:cols3,SYN,3,MUL1,1,8,False,0,0.0,0,False,0.0,0.0,0.0,0.0,6,1.0,1.0
syn:cols3,SYN,3,OPEN,1,6,False,0,0.0,0,False,0.0,0.0,0.0,0.0,6,1.0,1.0
syn:cols3,SYN,3,OPEN,1,8,False,0,0.0,0,False,0.0,0.0,0.0,0.0,6,1.0,1.0
syn:cols3,SYN,3,SPB1,1,6,False,0,0.0,0,False,0.0,0.0,0.0,0.0,4,0.6666666666666666,1.0
syn:cols3,SYN,3,SPB1,1,8,False,0,0.0,0,False,0.0,0.0,0.0,0.0,3,0.5,0.6666666666666666
syn:cols3,SYN,3,SPB2,1,6,False,0,0.0,0,False,0.0,0.0,0.0,0.0,4,0.6666666666666666,1.0
syn:cols3,SYN,3,SPB2,1,8,False,0,0.0,0,False,0.0,0.0,0.0,0.0,4,0.6666666666666666,1.0
syn:cols3,SYN,3,SPB3,1,6,False,0,0.0,0,False,0.0,0.0,0.0,0.0,4,0.6666666666666666,1.0
syn:cols3,SYN,3,SPB3,1,8,False,0,0.0,0,False,0.0,0.0,0.0,0.0,4,0.6666666666666666,1.0
syn:diag3,SYN,3,BOT2,1,6,False,2,0.3333333333333333,0,False,0.6666666666666666,0.6666666666666666,0.3055555555555556,0.9722222222222222,0,0.0,0.0
syn:diag3,SYN,3,BOT2,1,8,False,2,0.3333333333333333,0,False,0.671875,0.671875,0.3125,0.984375,0,0.0,0.0
syn:diag3,SYN,3,BOT3,1,6,False,2,0.3333333333333333,0,False,0.6666666666666666,0.6666666666666666,0.3055555555555556,0.9722222222222222,0,0.0,0.0
syn:diag3,SYN,3,BOT3,1,8,False,2,0.3333333333333333,0,False,0.671875,0.671875,0.3125,0.984375,0,0.0,0.0
syn:diag3,SYN,3,COR1,1,6,False,0,0.0,0,False,0.0,0.0,0.0,0.0,0,0.0,0.0
syn:diag3,SYN,3,COR1,1,8,False,0,0.0,0,False,0.0,0.0,0.0,0.0,0,0.0,0.0
syn:diag3,SYN,3,COR2,1,6,False,0,0.0,0,False,0.0,0.0,0.0,0.0,0,0.0,0.0
syn:diag3,SYN,3,COR2,1,8,False,0,0.0,0,False,0.0,0.0,0.0,0.0,0,0.0,0.0
syn:cols3,SYN,3,SPL1,1,6,False,0,0.0,0,False,0.0,0.0,0.0,0.0,6,1.0,1.0
syn:cols3,SYN,3,SPL1,1,8,False,0,0.0,0,False,0.0,0.0,0.0,0.0,6,1.0,1.0
syn:cols3,SYN,3,SPL2,1,6,False,0,0.0,0,False,0.0,0.0,0.0,0.0,4,0.6666666666666666,1.0
syn:cols3,SYN,3,SPL2,1,8,False,0,0.0,0,False,0.0,0.0,0.0,0.0,4,0.6666666666666666,1.0
syn:cols3,SYN,3,SPL3,1,6,False,0,0.0,0,False,0.0,0.0,0.0,0.0,6,1.0,1.0
syn:cols3,SYN,3,SPL3,1,8,False,0,0.0,0,False,0.0,0.0,0.0,0.0,6,1.0,1.0
syn:diag3,SYN,3,BOT1,1,6,False,2,0.3333333333333333,0,False,0.6666666666666666,0.6666666666666666,0.3055555555555556,0.9722222222222222,0,0.0,0.0
syn:diag3,SYN,3,BOT1,1,8,False,2,0.3333333333333333,0,False,0.671875,0.671875,0.3125,0.984375,0,0.0,0.0
syn:checker3,SYN,3,SPL1,1,4,False,0,0.0,0,False,0.0,0.0,0.0,0.0,0,0.0,0.0
syn:checker3,SYN,3,SPL1,1,6,False,0,0.0,0,False,0.0,0.0,0.0,0.0,0,0.0,0.0
syn:checker3,SYN,3,SPL1,1,8,False,0,0.0,0,False,0.0,0.0,0.0,0.0,0,0.0,0.0
syn:checker3,SYN,3,SPL1,2,4,False,0,0.0,0,False,0.0,0.0,0.0,0.0,0,0.0,0.0
syn:checker3,SYN,3,SPL1,3,4,False,0,0.0,0,False,0.0,0.0,0.0,0.0,0,0.0,0.0
syn:checker3,SYN,3,SPL1,4,4,False,0,0.0,0,False,0.0,0.0,0.0,0.0,0,0.0,0.0
syn:checker3,SYN,3,SPL2,1,6,False,0,0.0,0,False,0.0,0.0,0.0,0.0,0,0.0,0.0
syn:checker3,SYN,3,SPL2,1,8,False,0,0.0,0,False,0.0,0.0,0.0,0.0,0,0.0,0.0
syn:diag3,SYN,3,MUL4,1,6,False,0,0.0,0,False,0.0,0.0,0.0,0.0,0,0.0,0.0
syn:diag3,SYN,3,MUL4,1,8,False,0,0.0,0,False,0.0,0.0,0.0,0.0,0,0.0,0.0
syn:diag3,SYN,3,MUL5,1,6,False,0,0.0,0,False,0.0,0.0,0.0,0.0,0,0.0,0.0
syn:diag3,SYN,3,MUL5,1,8,False,0,0.0,0,False,0.0,0.0,0.0,0.0,0,0.0,0.0
syn:diag3,SYN,3,OPEN,1,6,False,0,0.0,0,False,0.0,0.0,0.0,0.0,0,0.0,0.0
syn:diag3,SYN,3,OPEN,1,8,False,0,0.0,0,False,0.0,0.0,0.0,0.0,0,0.0,0.0
syn:diag3,SYN,3,SPB1,1,6,False,0,0.0,0,False,0.0,0.0,0.0,0.0,0,0.0,0.0
syn:diag3,SYN,3,SPB1,1,8,False,0,0.0,0,False,0.0,0.0,0.0,0.0,0,0.0,0.0
syn:diag3,SYN,3,SPB2,1,6,False,0,0.0,0,False,0.0,0.0,0.0,0.0,0,0.0,0.0
syn:diag3,SYN,3,SPB2,1,8,False,0,0.0,0,False,0.0,0.0,0.0,0.0,0,0.0,0.0
syn:diag3,SYN,3,SPB3,1,6,False,0,0.0,0,False,0.0,0.0,0.0,0.0,0,0.0,0.0
syn:diag3,SYN,3,SPB3,1,8,False,0,0.0,0,False,0.0,0.0,0.0,0.0,0,0.0,0.0
syn:diag3,SYN,3,SPL1,1,6,False,0,0.0,0,False,0.0,0.0,0.0,0.0,0,0.0,0.0
syn:diag3,SYN,3,SPL1,1,8,False,0,0.0,0,False,0.0,0.0,0.0,0.0,0,0.0,0.0
syn:diag3,SYN,3,SPL2,1,6,False,0,0.0,0,False,0.0,0.0,0.0,0.0,0,0.0,0.0
syn:diag3,SYN,3,SPL2,1,8,False,0,0.0,0,False,0.0,0.0,0.0,0.0,0,0.0,0.0
syn:diag3,SYN,3,COR3,1,6,False,0,0.0,0,False,0.0,0.0,0.0,0.0,0,0.0,0.0
syn:diag3,SYN,3,COR3,1,8,False,0,0.0,0,False,0.0,0.0,0.0,0.0,0,0.0,0.0
syn:diag3,SYN,3,MUL1,1,6,False,0,0.0,0,False,0.0,0.0,0.0,0.0,0,0.0,0.0
syn:diag3,SYN,3,MUL1,1,8,False,0,0.0,0,False,0.0,0.0,0.0,0.0,0,0.0,0.0
syn:diag3,SYN,3,MUL2,1,6,False,0,0.0,0,False,0.0,0.0,0.0,0.0,0,0.0,0.0
syn:diag3,SYN,3,MUL2,1,8,False,0,0.0,0,False,0.0,0.0,0.0,0.0,0,0.0,0.0
syn:diag3,SYN,3,MUL3,1,6,False,0,0.0,0,False,0.0,0.0,0.0,0.0,0,0.0,0.0
syn:diag3,SYN,3,MUL3,1,8,False,0,0.0,0,False,0.0,0.0,0.0,0.0,0,0.0,0.0
syn:diag3,SYN,3,SPL3,1,6,False,0,0.0,0,False,0.0,0.0,0.0,0.0,0,0.0,0.0
syn:diag3,SYN,3,SPL3,1,8,False,0,0.0,0,False,0.0,0.0,0.0,0.0,0,0.0,0.0
syn:mrf0,SYN,3,BOT1,1,6,False,2,0.3333333333333333,0,False,0.75,0.75,0.2222222222222222,0.9722222222222222,0,0.0,0.0
syn:mrf0,SYN,3,BOT1,1,8,False,2,0.3333333333333333,0,False,0.640625,0.640625,0.34375,0.984375,0,0.0,0.0
syn:mrf0,SYN,3,BOT2,1,6,False,2,0.3333333333333333,0,False,0.6944444444444444,0.6944444444444444,0.2777777777777778,0.9722222222222222,0,0.0,0.0
syn:mrf0,SYN,3,BOT2,1,8,False,2,0.3333333333333333,0,False,0.640625,0.640625,0.34375,0.984375,0,0.0,0.0
syn:mrf0,SYN,3,BOT3,1,6,False,2,0.3333333333333333,0,False,0.5555555555555556,0.5555555555555556,0.4166666666666667,0.9722222222222222,0,0.0,0.0
syn:mrf0,SYN,3,BOT3,1,8,False,2,0.3333333333333333,0,False,0.71875,0.71875,0.265625,0.984375,0,0.0,0.0
syn:mrf0,SYN,3,COR1,1,6,False,0,0.0,0,False,0.0,0.0,0.0,0.0,0,0.0,0.0
syn:mrf0,SYN,3,COR1,1,8,False,0,0.0,0,False,0.0,0.0,0.0,0.0,0,0.0,0.0
syn:mrf0,SYN,3,COR2,1,6,False,0,0.0,0,False,0.0,0.0,0.0,0.0,0,0.0,0.0
syn:mrf0,SYN,3,COR2,1,8,False,0,0.0,0,False,0.0,0.0,0.0,0.0,0,0.0,0.0
syn:mrf0,SYN,3,COR3,1,6,False,0,0.0,0,False,0.0,0.0,0.0,0.0,0,0.0,0.0
syn:mrf0,SYN,3,COR3,1,8,False,0,0.0,0,False,0.0,0.0,0.0,0.0,0,0.0,0.0
syn:mrf0,SYN,3,MUL1,1,6,False,0,0.0,0,False,0.0,0.0,0.0,0.0,0,0.0,0.0
syn:mrf0,SYN,3,MUL1,1,8,False,0,0.0,0,False,0.0,0.0,0.0,0.0,0,0.0,0.0
syn:mrf0,SYN,3,SPL1,1,6,False,0,0.0,0,False,0.0,0.0,0.0,0.0,0,0.0,0.0
syn:mrf0,SYN,3,SPL1,1,8,False,0,0.0,0,False,0.0,0.0,0.0,0.0,0,0.0,0.0
syn:mrf0,SYN,3,SPL2,1,6,False,0,0.0,0,False,0.0,0.0,0.0,0.0,2,0.3333333333333333,0.6666666666666666
syn:mrf0,SYN,3,SPL2,1,8,False,0,0.0,0,False,0.0,0.0,0.0,0.0,0,0.0,0.0
syn:mrf0,SYN,3,SPL3,1,6,False,0,0.0,0,False,0.0,0.0,0.0,0.0,0,0.0,0.0
syn:mrf0,SYN,3,SPL3,1,8,False,0,0.0,0,False,0.0,0.0,0.0,0.0,0,0.0,0.0
syn:mrf1,SYN,3,BOT1,1,6,False,2,0.3333333333333333,0,False,0.6944444444444444,0.6944444444444444,0.2777777777777778,0.9722222222222222,0,0.0,0.0
syn:mrf1,SYN,3,BOT1,1,8,False,2,0.3333333333333333,0,False,0.609375,0.609375,0.375,0.984375,0,0.0,0.0
syn:mrf0,SYN,3,MUL2,1,6,False,0,0.0,0,False,0.0,0.0,0.0,0.0,0,0.0,0.0
syn:mrf0,SYN,3,MUL2,1,8,False,0,0.0,0,False,0.0,0.0,0.0,0.0,0,0.0,0.0
syn:mrf0,SYN,3,MUL3,1,6,False,0,0.0,0,False,0.0,0.0,0.0,0.0,2,0.3333333333333333,0.6666666666666666
syn:mrf0,SYN,3,MUL3,1,8,False,0,0.0,0,False,0.0,0.0,0.0,0.0,0,0.0,0.0
syn:mrf0,SYN,3,MUL4,1,6,False,0,0.0,0,False,0.0,0.0,0.0,0.0,0,0.0,0.0
syn:mrf0,SYN,3,MUL4,1,8,False,0,0.0,0,False,0.0,0.0,0.0,0.0,0,0.0,0.0
syn:mrf0,SYN,3,MUL5,1,6,False,0,0.0,0,False,0.0,0.0,0.0,0.0,0,0.0,0.0
syn:mrf0,SYN,3,MUL5,1,8,False,0,0.0,0,False,0.0,0.0,0.0,0.0,0,0.0,0.0
syn:mrf0,SYN,3,OPEN,1,6,False,0,0.0,0,False,0.0,0.0,0.0,0.0,2,0.3333333333333333,0.6666666666666666
syn:mrf0,SYN,3,OPEN,1,8,False,0,0.0,0,False,0.0,0.0,0.0,0.0,0,0.0,0.0
syn:mrf0,SYN,3,SPB1,1,6,False,0,0.0,0,False,0.0,0.0,0.0,0.0,0,0.0,0.0
syn:mrf0,SYN,3,SPB1,1,8,False,0,0.0,0,False,0.0,0.0,0.0,0.0,0,0.0,0.0
syn:mrf0,SYN,3,SPB2,1,6,False,0,0.0,0,False,0.0,0.0,0.0,0.0,0,0.0,0.0
syn:mrf0,SYN,3,SPB2,1,8,False,0,0.0,0,False,0.0,0.0,0.0,0.0,0,0.0,0.0
syn:mrf0,SYN,3,SPB3,1,6,False,0,0.0,0,False,0.0,0.0,0.0,0.0,0,0.0,0.0
syn:mrf0,SYN,3,SPB3,1,8,False,0,0.0,0,False,0.0,0.0,0.0,0.0,0,0.0,0.0
syn:mrf1,SYN,3,BOT2,1,6,False,2,0.3333333333333333,0,False,0.5,0.5,0.4722222222222222,0.9722222222222222,0,0.0,0.0
syn:mrf1,SYN,3,BOT2,1,8,False,2,0.3333333333333333,0,False,0.65625,0.65625,0.328125,0.984375,0,0.0,0.0
syn:mrf1,SYN,3,BOT3,1,6,False,2,0.3333333333333333,0,False,0.5,0.5,0.4722222222222222,0.9722222222222222,0,0.0,0.0
syn:mrf1,SYN,3,BOT3,1,8,False,2,0.3333333333333333,0,False,0.734375,0.734375,0.25,0.984375,0,0.0,0.0
syn:mrf1,SYN,3,COR1,1,6,False,0,0.0,0,False,0.0,0.0,0.0,0.0,0,0.0,0.0
syn:mrf1,SYN,3,COR1,1,8,False,0,0.0,0,False,0.0,0.0,0.0,0.0,0,0.0,0.0
syn:mrf1,SYN,3,COR2,1,6,False,0,0.0,0,False,0.0,0.0,0.0,0.0,0,0.0,0.0
syn:mrf1,SYN,3,COR2,1,8,False,0,0.0,0,False,0.0,0.0,0.0,0.0,0,0.0,0.0
syn:mrf1,SYN,3,COR3,1,6,False,0,0.0,0,False,0.0,0.0,0.0,0.0,0,0.0,0.0
syn:mrf1,SYN,3,COR3,1,8,False,0,0.0,0,False,0.0,0.0,0.0,0.0,0,0.0,0.0
syn:mrf1,SYN,3,MUL1,1,6,False,0,0.0,0,False,0.0,0.0,0.0,0.0,0,0.0,0.0
syn:mrf1,SYN,3,MUL1,1,8,False,0,0.0,0,False,0.0,0.0,0.0,0.0,0,0.0,0.0
syn:mrf1,SYN,3,MUL2,1,6,False,0,0.0,0,False,0.0,0.0,0.0,0.0,2,0.3333333333333333,0.6666666666666666
syn:mrf1,SYN,3,MUL2,1,8,False,0,0.0,0,False,0.0,0.0,0.0,0.0,0,0.0,0.0
syn:mrf1,SYN,3,MUL3,1,6,False,0,0.0,0,False,0.0,0.0,0.0,0.0,3,0.5,0.6666666666666666
syn:mrf1,SYN,3,MUL3,1,8,False,0,0.0,0,False,0.0,0.0,0.0,0.0,0,0.0,0.0
syn:mrf1,SYN,3,MUL4,1,6,False,0,0.0,0,False,0.0,0.0,0.0,0.0,1,0.16666666666666666,0.3333333333333333
syn:mrf1,SYN,3,MUL4,1,8,False,0,0.0,0,False,0.0,0.0,0.0,0.0,0,0.0,0.0
syn:mrf1,SYN,3,MUL5,1,6,False,0,0.0,0,False,0.0,0.0,0.0,0.0,0,0.0,0.0
syn:mrf1,SYN,3,MUL5,1,8,False,0,0.0,0,False,0.0,0.0,0.0,0.0,0,0.0,0.0
syn:mrf1,SYN,3,OPEN,1,6,False,0,0.0,0,False,0.0,0.0,0.0,0.0,3,0.5,0.6666666666666666
syn:mrf1,SYN,3,OPEN,1,8,False,0,0.0,0,False,0.0,0.0,0.0,0.0,0,0.0,0.0
syn:mrf1,SYN,3,SPB1,1,6,False,0,0.0,0,False,0.0,0.0,0.0,0.0,0,0.0,0.0
syn:mrf1,SYN,3,SPB1,1,8,False,0,0.0,0,False,0.0,0.0,0.0,0.0,0,0.0,0.0
syn:mrf1,SYN,3,SPB2,1,6,False,0,0.0,0,False,0.0,0.0,0.0,0.0,0,0.0,0.0
syn:mrf1,SYN,3,SPB2,1,8,False,0,0.0,0,False,0.0,0.0,0.0,0.0,0,0.0,0.0
syn:mrf1,SYN,3,SPB3,1,6,False,0,0.0,0,False,0.0,0.0,0.0,0.0,0,0.0,0.0
syn:mrf1,SYN,3,SPB3,1,8,False,0,0.0,0,False,0.0,0.0,0.0,0.0,0,0.0,0.0
syn:mrf1,SYN,3,SPL1,1,6,False,0,0.0,0,False,0.0,0.0,0.0,0.0,1,0.16666666666666666,0.3333333333333333
syn:mrf1,SYN,3,SPL1,1,8,False,0,0.0,0,False,0.0,0.0,0.0,0.0,0,0.0,0.0
syn:mrf1,SYN,3,SPL2,1,6,False,0,0.0,0,False,0.0,0.0,0.0,0.0,0,0.0,0.0
syn:mrf1,SYN,3,SPL2,1,8,False,0,0.0,0,False,0.0,0.0,0.0,0.0,0,0.0,0.0
syn:mrf3,SYN,3,BOT2,1,6,False,2,0.3333333333333333,0,False,0.4444444444444444,0.4444444444444444,0.5277777777777778,0.9722222222222222,0,0.0,0.0
syn:mrf3,SYN,3,BOT2,1,8,False,2,0.3333333333333333,0,False,0.65625,0.65625,0.328125,0.984375,0,0.0,0.0
syn:mrf3,SYN,3,BOT3,1,6,False,2,0.3333333333333333,0,False,0.4444444444444444,0.4444444444444444,0.5277777777777778,0.9722222222222222,0,0.0,0.0
syn:mrf3,SYN,3,BOT3,1,8,False,2,0.3333333333333333,0,False,0.828125,0.828125,0.15625,0.984375,0,0.0,0.0
syn:mrf3,SYN,3,COR1,1,4,False,0,0.0,0,False,0.0,0.0,0.0,0.0,2,1.0,1.0
syn:mrf3,SYN,3,COR1,1,6,False,0,0.0,0,False,0.0,0.0,0.0,0.0,0,0.0,0.0
syn:mrf3,SYN,3,COR1,1,8,False,0,0.0,0,False,0.0,0.0,0.0,0.0,1,0.16666666666666666,0.3333333333333333
syn:mrf3,SYN,3,COR1,2,4,False,0,0.0,0,False,0.0,0.0,0.0,0.0,2,1.0,1.0
syn:mrf3,SYN,3,MUL4,1,6,False,0,0.0,0,False,0.0,0.0,0.0,0.0,2,0.3333333333333333,0.6666666666666666
syn:mrf3,SYN,3,MUL4,1,8,False,0,0.0,0,False,0.0,0.0,0.0,0.0,1,0.16666666666666666,0.3333333333333333
syn:mrf3,SYN,3,MUL5,1,6,False,0,0.0,0,False,0.0,0.0,0.0,0.0,0,0.0,0.0
syn:mrf3,SYN,3,MUL5,1,8,False,0,0.0,0,False,0.0,0.0,0.0,0.0,1,0.16666666666666666,0.3333333333333333
syn:mrf3,SYN,3,OPEN,1,4,False,0,0.0,0,False,0.0,0.0,0.0,0.0,2,1.0,1.0
syn:mrf3,SYN,3,OPEN,1,6,False,0,0.0,0,False,0.0,0.0,0.0,0.0,6,1.0,1.0
syn:mrf3,SYN,3,OPEN,1,8,False,0,0.0,0,False,0.0,0.0,0.0,0.0,6,1.0,1.0
syn:mrf3,SYN,3,OPEN,2,4,False,0,0.0,0,False,0.0,0.0,0.0,0.0,2,1.0,1.0
syn:mrf1,SYN,3,SPL3,1,6,False,0,0.0,0,False,0.0,0.0,0.0,0.0,0,0.0,0.0
syn:mrf1,SYN,3,SPL3,1,8,False,0,0.0,0,False,0.0,0.0,0.0,0.0,0,0.0,0.0
syn:mrf3,SYN,3,BOT1,1,4,False,1,0.5,0,False,0.0625,0.0625,0.875,0.9375,1,0.5,0.5
syn:mrf3,SYN,3,BOT1,1,6,False,2,0.3333333333333333,0,False,0.6666666666666666,0.6666666666666666,0.3055555555555556,0.9722222222222222,0,0.0,0.0
syn:mrf3,SYN,3,BOT1,1,8,False,2,0.3333333333333333,0,False,0.515625,0.515625,0.46875,0.984375,1,0.16666666666666666,0.3333333333333333
syn:mrf3,SYN,3,BOT1,2,4,False,1,0.5,0,False,0.0625,0.0625,0.921875,0.984375,1,0.5,0.5
syn:mrf3,SYN,3,BOT1,3,4,False,1,0.5,0,False,0.0625,0.0625,0.9305555555555556,0.9930555555555556,1,0.5,0.5
syn:mrf3,SYN,3,BOT1,4,4,False,1,0.5,0,False,0.0625,0.0625,0.93359375,0.99609375,1,0.5,0.5
syn:mrf3,SYN,3,SPB2,1,6,False,0,0.0,0,False,0.0,0.0,0.0,0.0,1,0.16666666666666666,0.3333333333333333
syn:mrf3,SYN,3,SPB2,1,8,False,0,0.0,0,False,0.0,0.0,0.0,0.0,0,0.0,0.0
syn:mrf3,SYN,3,SPB3,1,6,False,0,0.0,0,False,0.0,0.0,0.0,0.0,0,0.0,0.0
syn:mrf3,SYN,3,SPB3,1,8,False,0,0.0,0,False,0.0,0.0,0.0,0.0,0,0.0,0.0
syn:mrf3,SYN,3,SPL1,1,4,False,0,0.0,0,False,0.0,0.0,0.0,0.0,2,1.0,1.0
syn:mrf3,SYN,3,SPL1,1,6,False,0,0.0,0,False,0.0,0.0,0.0,0.0,4,0.6666666666666666,1.0
syn:mrf3,SYN,3,SPL1,1,8,False,0,0.0,0,False,0.0,0.0,0.0,0.0,1,0.16666666666666666,0.3333333333333333
syn:mrf3,SYN,3,SPL1,2,4,False,0,0.0,0,False,0.0,0.0,0.0,0.0,2,1.0,1.0
syn:mrf3,SYN,3,COR1,3,4,False,0,0.0,0,False,0.0,0.0,0.0,0.0,2,1.0,1.0
syn:mrf3,SYN,3,COR1,4,4,False,0,0.0,0,False,0.0,0.0,0.0,0.0,2,1.0,1.0
syn:mrf3,SYN,3,COR2,1,6,False,0,0.0,0,False,0.0,0.0,0.0,0.0,0,0.0,0.0
syn:mrf3,SYN,3,COR2,1,8,False,0,0.0,0,False,0.0,0.0,0.0,0.0,1,0.16666666666666666,0.3333333333333333
syn:mrf3,SYN,3,COR3,1,6,False,0,0.0,0,False,0.0,0.0,0.0,0.0,0,0.0,0.0
syn:mrf3,SYN,3,COR3,1,8,False,0,0.0,0,False,0.0,0.0,0.0,0.0,0,0.0,0.0
syn:mrf3,SYN,3,MUL1,1,4,False,0,0.0,0,False,0.0,0.0,0.0,0.0,1,0.5,0.5
syn:mrf3,SYN,3,MUL1,1,6,False,0,0.0,0,False,0.0,0.0,0.0,0.0,2,0.3333333333333333,0.6666666666666666
syn:mrf3,SYN,3,MUL1,1,8,False,0,0.0,0,False,0.0,0.0,0.0,0.0,1,0.16666666666666666,0.3333333333333333
syn:mrf3,SYN,3,MUL1,2,4,False,0,0.0,0,False,0.0,0.0,0.0,0.0,1,0.5,0.5
syn:mrf3,SYN,3,MUL1,3,4,False,0,0.0,0,False,0.0,0.0,0.0,0.0,1,0.5,0.5
syn:mrf3,SYN,3,MUL1,4,4,False,0,0.0,0,False,0.0,0.0,0.0,0.0,1,0.5,0.5
syn:mrf3,SYN,3,MUL2,1,6,False,0,0.0,0,False,0.0,0.0,0.0,0.0,2,0.3333333333333333,0.6666666666666666
syn:mrf3,SYN,3,MUL2,1,8,False,0,0.0,0,False,0.0,0.0,0.0,0.0,2,0.3333333333333333,0.6666666666666666
syn:mrf3,SYN,3,MUL3,1,6,False,0,0.0,0,False,0.0,0.0,0.0,0.0,6,1.0,1.0
syn:mrf3,SYN,3,MUL3,1,8,False,0,0.0,0,False,0.0,0.0,0.0,0.0,2,0.3333333333333333,0.6666666666666666
syn:mrf8,SYN,3,BOT2,1,6,False,1,0.5,0,False,0.3333333333333333,0.3333333333333333,0.6388888888888888,0.9722222222222222,1,0.5,0.5
syn:mrf8,SYN,3,BOT2,1,8,False,2,0.3333333333333333,0,False,0.703125,0.703125,0.28125,0.984375,1,0.16666666666666666,0.3333333333333333
syn:mrf8,SYN,3,BOT3,1,6,False,1,0.5,0,False,0.3333333333333333,0.3333333333333333,0.6388888888888888,0.9722222222222222,1,0.5,0.5
syn:mrf8,SYN,3,BOT3,1,8,False,2,0.3333333333333333,0,False,0.703125,0.703125,0.28125,0.984375,1,0.16666666666666666,0.3333333333333333
syn:mrf8,SYN,3,COR1,1,6,False,0,0.0,0,False,0.0,0.0,0.0,0.0,2,1.0,1.0
syn:mrf8,SYN,3,COR1,1,8,False,0,0.0,0,False,0.0,0.0,0.0,0.0,3,0.5,0.6666666666666666
syn:mrf8,SYN,3,COR2,1,6,False,0,0.0,0,False,0.0,0.0,0.0,0.0,2,1.0,1.0
syn:mrf8,SYN,3,COR2,1,8,False,0,0.0,0,False,0.0,0.0,0.0,0.0,3,0.5,0.6666666666666666
syn:mrf8,SYN,3,COR3,1,6,False,0,0.0,0,False,0.0,0.0,0.0,0.0,1,0.5,0.5
syn:mrf8,SYN,3,COR3,1,8,False,0,0.0,0,False,0.0,0.0,0.0,0.0,1,0.16666666666666666,0.3333333333333333
syn:mrf8,SYN,3,MUL1,1,6,False,0,0.0,0,False,0.0,0.0,0.0,0.0,2,1.0,1.0
syn:mrf8,SYN,3,MUL1,1,8,False,0,0.0,0,False,0.0,0.0,0.0,0.0,6,1.0,1.0
syn:mrf8,SYN,3,MUL2,1,6,False,0,0.0,0,False,0.0,0.0,0.0,0.0,2,1.0,1.0
syn:mrf8,SYN,3,MUL2,1,8,False,0,0.0,0,False,0.0,0.0,0.0,0.0,3,0.5,0.6666666666666666
syn:mrf8,SYN,3,MUL3,1,6,False,0,0.0,0,False,0.0,0.0,0.0,0.0,2,1.0,1.0
syn:mrf8,SYN,3,MUL3,1,8,False,0,0.0,0,False,0.0,0.0,0.0,0.0,6,1.0,1.0
syn:mrf8,SYN,3,MUL4,1,6,False,0,0.0,0,False,0.0,0.0,0.0,0.0,2,1.0,1.0
syn:mrf8,SYN,3,MUL4,1,8,False,0,0.0,0,False,0.0,0.0,0.0,0.0,6,1.0,1.0
syn:mrf8,SYN,3,MUL5,1,6,False,0,0.0,0,False,0.0,0.0,0.0,0.0,2,1.0,1.0
syn:mrf8,SYN,3,MUL5,1,8,False,0,0.0,0,False,0.0,0.0,0.0,0.0,3,0.5,0.6666666666666666
syn:mrf8,SYN,3,OPEN,1,6,False,0,0.0,0,False,0.0,0.0,0.0,0.0,2,1.0,1.0
syn:mrf8,SYN,3,OPEN,1,8,False,0,0.0,0,False,0.0,0.0,0.0,0.0,6,1.0,1.0
syn:mrf8,SYN,3,SPB1,1,6,False,0,0.0,0,False,0.0,0.0,0.0,0.0,1,0.5,0.5
syn:mrf8,SYN,3,SPB1,1,8,False,0,0.0,0,False,0.0,0.0,0.0,0.0,4,0.6666666666666666,1.0
syn:mrf8,SYN,3,SPB2,1,6,False,0,0.0,0,False,0.0,0.0,0.0,0.0,1,0.5,0.5
syn:mrf8,SYN,3,SPB2,1,8,False,0,0.0,0,False,0.0,0.0,0.0,0.0,3,0.5,0.6666666666666666
syn:mrf8,SYN,3,SPB3,1,6,False,0,0.0,0,False,0.0,0.0,0.0,0.0,1,0.5,0.5
syn:mrf8,SYN,3,SPB3,1,8,False,0,0.0,0,False,0.0,0.0,0.0,0.0,3,0.5,0.6666666666666666
syn:mrf8,SYN,3,SPL1,1,6,False,0,0.0,0,False,0.0,0.0,0.0,0.0,2,1.0,1.0
syn:mrf8,SYN,3,SPL1,1,8,False,0,0.0,0,False,0.0,0.0,0.0,0.0,6,1.0,1.0
syn:mrf8,SYN,3,SPL2,1,6,False,0,0.0,0,False,0.0,0.0,0.0,0.0,2,1.0,1.0
syn:mrf8,SYN,3,SPL2,1,8,False,0,0.0,0,False,0.0,0.0,0.0,0.0,6,1.0,1.0
syn:mrf3,SYN,3,OPEN,3,4,False,0,0.0,0,False,0.0,0.0,0.0,0.0,2,1.0,1.0
syn:mrf3,SYN,3,OPEN,4,4,False,0,0.0,0,False,0.0,0.0,0.0,0.0,2,1.0,1.0
syn:mrf3,SYN,3,SPB1,1,4,False,0,0.0,0,False,0.0,0.0,0.0,0.0,1,0.5,0.5
syn:mrf3,SYN,3,SPB1,1,6,False,0,0.0,0,False,0.0,0.0,0.0,0.0,1,0.16666666666666666,0.3333333333333333
syn:mrf3,SYN,3,SPB1,1,8,False,0,0.0,0,False,0.0,0.0,0.0,0.0,0,0.0,0.0
syn:mrf3,SYN,3,SPB1,2,4,False,0,0.0,0,False,0.0,0.0,0.0,0.0,1,0.5,0.5
syn:mrf3,SYN,3,SPB1,3,4,False,0,0.0,0,False,0.0,0.0,0.0,0.0,1,0.5,0.5
syn:mrf3,SYN,3,SPB1,4,4,False,0,0.0,0,False,0.0,0.0,0.0,0.0,1,0.5,0.5
syn:mrf3,SYN,3,SPL1,3,4,False,0,0.0,0,False,0.0,0.0,0.0,0.0,2,1.0,1.0
syn:mrf3,SYN,3,SPL1,4,4,False,0,0.0,0,False,0.0,0.0,0.0,0.0,2,1.0,1.0
syn:mrf3,SYN,3,SPL2,1,6,False,0,0.0,0,False,0.0,0.0,0.0,0.0,6,1.0,1.0
syn:mrf3,SYN,3,SPL2,1,8,False,0,0.0,0,False,0.0,0.0,0.0,0.0,6,1.0,1.0
syn:mrf3,SYN,3,SPL3,1,6,False,0,0.0,0,False,0.0,0.0,0.0,0.0,1,0.16666666666666666,0.3333333333333333
syn:mrf3,SYN,3,SPL3,1,8,False,0,0.0,0,False,0.0,0.0,0.0,0.0,0,0.0,0.0
syn:mrf8,SYN,3,BOT1,1,6,False,1,0.5,0,False,0.6666666666666666,0.6666666666666666,0.3055555555555556,0.9722222222222222,1,0.5,0.5
syn:mrf8,SYN,3,BOT1,1,8,False,2,0.3333333333333333,0,False,0.421875,0.421875,0.5625,0.984375,2,0.3333333333333333,0.6666666666666666
syn:quadrants,SYN,3,BOT2,1,6,False,2,0.3333333333333333,0,False,0.75,0.75,0.2222222222222222,0.9722222222222222,1,0.16666666666666666,0.3333333333333333
syn:quadrants,SYN,3,BOT2,1,8,False,2,0.3333333333333333,0,False,0.75,0.75,0.234375,0.984375,1,0.16666666666666666,0.3333333333333333
syn:quadrants,SYN,3,BOT3,1,6,False,2,0.3333333333333333,0,False,0.5,0.5,0.4722222222222222,0.9722222222222222,0,0.0,0.0
syn:quadrants,SYN,3,BOT3,1,8,False,2,0.3333333333333333,0,False,0.5,0.5,0.484375,0.984375,0,0.0,0.0
syn:quadrants,SYN,3,COR1,1,4,False,0,0.0,0,False,0.0,0.0,0.0,0.0,1,0.16666666666666666,0.3333333333333333
syn:quadrants,SYN,3,COR1,1,6,False,0,0.0,0,False,0.0,0.0,0.0,0.0,1,0.16666666666666666,0.3333333333333333
syn:quadrants,SYN,3,COR1,1,8,False,0,0.0,0,False,0.0,0.0,0.0,0.0,1,0.16666666666666666,0.3333333333333333
syn:quadrants,SYN,3,COR1,2,4,False,0,0.0,0,False,0.0,0.0,0.0,0.0,1,0.16666666666666666,0.3333333333333333
syn:mrf8,SYN,3,SPL3,1,6,False,0,0.0,0,False,0.0,0.0,0.0,0.0,1,0.5,0.5
syn:mrf8,SYN,3,SPL3,1,8,False,0,0.0,0,False,0.0,0.0,0.0,0.0,4,0.6666666666666666,1.0
syn:quadrants,SYN,3,BOT1,1,4,False,2,0.3333333333333333,0,False,0.75,0.75,0.1875,0.9375,1,0.16666666666666666,0.3333333333333333
syn:quadrants,SYN,3,BOT1,1,6,False,2,0.3333333333333333,0,False,0.75,0.75,0.2222222222222222,0.9722222222222222,1,0.16666666666666666,0.3333333333333333
syn:quadrants,SYN,3,BOT1,1,8,False,2,0.3333333333333333,0,False,0.75,0.75,0.234375,0.984375,1,0.16666666666666666,0.3333333333333333
syn:quadrants,SYN,3,BOT1,2,4,False,2,0.3333333333333333,0,False,0.75,0.75,0.234375,0.984375,1,0.16666666666666666,0.3333333333333333
syn:quadrants,SYN,3,BOT1,3,4,False,2,0.3333333333333333,0,False,0.75,0.75,0.2430555555555555,0.9930555555555556,1,0.16666666666666666,0.3333333333333333
syn:quadrants,SYN,3,BOT1,4,4,False,2,0.3333333333333333,0,False,0.75,0.75,0.24609375,0.99609375,1,0.16666666666666666,0.3333333333333333
syn:quadrants,SYN,3,MUL4,1,6,False,0,0.0,0,False,0.0,0.0,0.0,0.0,3,0.5,0.6666666666666666
syn:quadrants,SYN,3,MUL4,1,8,False,0,0.0,0,False,0.0,0.0,0.0,0.0,3,0.5,0.6666666666666666
syn:quadrants,SYN,3,MUL5,1,6,False,0,0.0,0,False,0.0,0.0,0.0,0.0,1,0.16666666666666666,0.3333333333333333
syn:quadrants,SYN,3,MUL5,1,8,False,0,0.0,0,False,0.0,0.0,0.0,0.0,1,0.16666666666666666,0.3333333333333333
syn:quadrants,SYN,3,OPEN,1,4,False,0,0.0,0,False,0.0,0.0,0.0,0.0,6,1.0,1.0
syn:quadrants,SYN,3,OPEN,1,6,False,0,0.0,0,False,0.0,0.0,0.0,0.0,6,1.0,1.0
syn:quadrants,SYN,3,OPEN,1,8,False,0,0.0,0,False,0.0,0.0,0.0,0.0,6,1.0,1.0
syn:quadrants,SYN,3,OPEN,2,4,False,0,0.0,0,False,0.0,0.0,0.0,0.0,6,1.0,1.0
syn:quadrants,SYN,3,COR1,3,4,False,0,0.0,0,False,0.0,0.0,0.0,0.0,1,0.16666666666666666,0.3333333333333333
syn:quadrants,SYN,3,COR1,4,4,False,0,0.0,0,False,0.0,0.0,0.0,0.0,1,0.16666666666666666,0.3333333333333333
syn:quadrants,SYN,3,COR2,1,6,False,0,0.0,0,False,0.0,0.0,0.0,0.0,1,0.16666666666666666,0.3333333333333333
syn:quadrants,SYN,3,COR2,1,8,False,0,0.0,0,False,0.0,0.0,0.0,0.0,1,0.16666666666666666,0.3333333333333333
syn:quadrants,SYN,3,COR3,1,6,False,0,0.0,0,False,0.0,0.0,0.0,0.0,0,0.0,0.0
syn:quadrants,SYN,3,COR3,1,8,False,0,0.0,0,False,0.0,0.0,0.0,0.0,0,0.0,0.0
syn:quadrants,SYN,3,MUL1,1,4,False,0,0.0,0,False,0.0,0.0,0.0,0.0,3,0.5,0.6666666666666666
syn:quadrants,SYN,3,MUL1,1,6,False,0,0.0,0,False,0.0,0.0,0.0,0.0,3,0.5,0.6666666666666666
syn:quadrants,SYN,3,MUL1,1,8,False,0,0.0,0,False,0.0,0.0,0.0,0.0,3,0.5,0.6666666666666666
syn:quadrants,SYN,3,MUL1,2,4,False,0,0.0,0,False,0.0,0.0,0.0,0.0,3,0.5,0.6666666666666666
syn:quadrants,SYN,3,MUL1,3,4,False,0,0.0,0,False,0.0,0.0,0.0,0.0,3,0.5,0.6666666666666666
syn:quadrants,SYN,3,MUL1,4,4,False,0,0.0,0,False,0.0,0.0,0.0,0.0,3,0.5,0.6666666666666666
syn:quadrants,SYN,3,MUL2,1,6,False,0,0.0,0,False,0.0,0.0,0.0,0.0,4,0.6666666666666666,1.0
syn:quadrants,SYN,3,MUL2,1,8,False,0,0.0,0,False,0.0,0.0,0.0,0.0,4,0.6666666666666666,1.0
syn:quadrants,SYN,3,MUL3,1,6,False,0,0.0,0,False,0.0,0.0,0.0,0.0,6,1.0,1.0
syn:quadrants,SYN,3,MUL3,1,8,False,0,0.0,0,False,0.0,0.0,0.0,0.0,6,1.0,1.0
syn:quadrants,SYN,3,SPB2,1,6,False,0,0.0,0,False,0.0,0.0,0.0,0.0,2,0.3333333333333333,0.6666666666666666
syn:quadrants,SYN,3,SPB2,1,8,False,0,0.0,0,False,0.0,0.0,0.0,0.0,2,0.3333333333333333,0.6666666666666666
syn:quadrants,SYN,3,SPB3,1,6,False,0,0.0,0,False,0.0,0.0,0.0,0.0,1,0.16666666666666666,0.3333333333333333
syn:quadrants,SYN,3,SPB3,1,8,False,0,0.0,0,False,0.0,0.0,0.0,0.0,1,0.16666666666666666,0.3333333333333333
syn:quadrants,SYN,3,SPL1,1,4,False,0,0.0,0,False,0.0,0.0,0.0,0.0,6,1.0,1.0
syn:quadrants,SYN,3,SPL1,1,6,False,0,0.0,0,False,0.0,0.0,0.0,0.0,6,1.0,1.0
syn:quadrants,SYN,3,SPL1,1,8,False,0,0.0,0,False,0.0,0.0,0.0,0.0,6,1.0,1.0
syn:quadrants,SYN,3,SPL1,2,4,False,0,0.0,0,False,0.0,0.0,0.0,0.0,6,1.0,1.0
syn:quadrants,SYN,3,SPL1,3,4,False,0,0.0,0,False,0.0,0.0,0.0,0.0,6,1.0,1.0
syn:quadrants,SYN,3,SPL1,4,4,False,0,0.0,0,False,0.0,0.0,0.0,0.0,6,1.0,1.0
syn:quadrants,SYN,3,SPL2,1,6,False,0,0.0,0,False,0.0,0.0,0.0,0.0,6,1.0,1.0
syn:quadrants,SYN,3,SPL2,1,8,False,0,0.0,0,False,0.0,0.0,0.0,0.0,6,1.0,1.0
syn:quadrants,SYN,3,SPL3,1,6,False,0,0.0,0,False,0.0,0.0,0.0,0.0,2,0.3333333333333333,0.6666666666666666
syn:quadrants,SYN,3,SPL3,1,8,False,0,0.0,0,False,0.0,0.0,0.0,0.0,2,0.3333333333333333,0.6666666666666666
syn:rings,SYN,3,BOT1,1,4,False,1,0.5,0,False,0.25,0.25,0.6875,0.9375,1,0.5,0.5
syn:rings,SYN,3,BOT1,1,6,False,2,0.3333333333333333,0,False,0.4444444444444444,0.4444444444444444,0.5277777777777778,0.9722222222222222,1,0.16666666666666666,0.3333333333333333
syn:rings,SYN,3,BOT1,1,8,False,2,0.3333333333333333,0,False,0.25,0.25,0.734375,0.984375,1,0.16666666666666666,0.3333333333333333
syn:rings,SYN,3,BOT1,2,4,False,1,0.5,0,False,0.25,0.25,0.734375,0.984375,1,0.5,0.5
syn:rings,SYN,3,BOT1,3,4,False,1,0.5,0,False,0.25,0.25,0.7430555555555556,0.9930555555555556,1,0.5,0.5
syn:rings,SYN,3,BOT1,4,4,False,1,0.5,0,False,0.25,0.25,0.74609375,0.99609375,1,0.5,0.5
syn:rings,SYN,3,BOT2,1,6,False,2,0.3333333333333333,0,False,0.4444444444444444,0.4444444444444444,0.5277777777777778,0.9722222222222222,1,0.16666666666666666,0.3333333333333333
syn:rings,SYN,3,BOT2,1,8,False,2,0.3333333333333333,0,False,0.25,0.25,0.734375,0.984375,1,0.16666666666666666,0.3333333333333333
syn:rings,SYN,3,BOT3,1,6,False,2,0.3333333333333333,0,False,0.4444444444444444,0.4444444444444444,0.5277777777777778,0.9722222222222222,1,0.16666666666666666,0.3333333333333333
syn:rings,SYN,3,BOT3,1,8,False,2,0.3333333333333333,0,False,0.25,0.25,0.734375,0.984375,1,0.16666666666666666,0.3333333333333333
syn:rings,SYN,3,COR1,1,4,False,0,0.0,0,False,0.0,0.0,0.0,0.0,1,0.5,0.5
syn:rings,SYN,3,COR1,1,6,False,0,0.0,0,False,0.0,0.0,0.0,0.0,1,0.16666666666666666,0.3333333333333333
syn:rings,SYN,3,COR1,1,8,False,0,0.0,0,False,0.0,0.0,0.0,0.0,1,0.16666666666666666,0.3333333333333333
syn:rings,SYN,3,COR1,2,4,False,0,0.0,0,False,0.0,0.0,0.0,0.0,1,0.5,0.5
syn:rings,SYN,3,COR1,3,4,False,0,0.0,0,False,0.0,0.0,0.0,0.0,1,0.5,0.5
syn:rings,SYN,3,COR1,4,4,False,0,0.0,0,False,0.0,0.0,0.0,0.0,1,0.5,0.5
syn:rings,SYN,3,COR2,1,6,False,0,0.0,0,False,0.0,0.0,0.0,0.0,1,0.16666666666666666,0.3333333333333333
syn:rings,SYN,3,COR2,1,8,False,0,0.0,0,False,0.0,0.0,0.0,0.0,1,0.16666666666666666,0.3333333333333333
syn:rings,SYN,3,MUL2,1,6,False,0,0.0,0,False,0.0,0.0,0.0,0.0,1,0.16666666666666666,0.3333333333333333
syn:rings,SYN,3,MUL2,1,8,False,0,0.0,0,False,0.0,0.0,0.0,0.0,1,0.16666666666666666,0.3333333333333333
syn:rings,SYN,3,MUL3,1,6,False,0,0.0,0,False,0.0,0.0,0.0,0.0,1,0.16666666666666666,0.3333333333333333
syn:rings,SYN,3,MUL3,1,8,False,0,0.0,0,False,0.0,0.0,0.0,0.0,1,0.16666666666666666,0.3333333333333333
syn:rings,SYN,3,MUL4,1,6,False,0,0.0,0,False,0.0,0.0,0.0,0.0,1,0.16666666666666666,0.3333333333333333
syn:rings,SYN,3,MUL4,1,8,False,0,0.0,0,False,0.0,0.0,0.0,0.0,1,0.16666666666666666,0.3333333333333333
syn:rings,SYN,3,MUL5,1,6,False,0,0.0,0,False,0.0,0.0,0.0,0.0,1,0.16666666666666666,0.3333333333333333
syn:rings,SYN,3,MUL5,1,8,False,0,0.0,0,False,0.0,0.0,0.0,0.0,1,0.16666666666666666,0.3333333333333333
syn:rings,SYN,3,COR3,1,6,False,0,0.0,0,False,0.0,0.0,0.0,0.0,1,0.16666666666666666,0.3333333333333333
syn:rings,SYN,3,COR3,1,8,False,0,0.0,0,False,0.0,0.0,0.0,0.0,1,0.16666666666666666,0.3333333333333333
syn:rings,SYN,3,MUL1,1,4,False,0,0.0,0,False,0.0,0.0,0.0,0.0,1,0.5,0.5
syn:rings,SYN,3,MUL1,1,6,False,0,0.0,0,False,0.0,0.0,0.0,0.0,1,0.16666666666666666,0.3333333333333333
syn:rings,SYN,3,MUL1,1,8,False,0,0.0,0,False,0.0,0.0,0.0,0.0,1,0.16666666666666666,0.3333333333333333
syn:rings,SYN,3,MUL1,2,4,False,0,0.0,0,False,0.0,0.0,0.0,0.0,1,0.5,0.5
syn:rings,SYN,3,MUL1,3,4,False,0,0.0,0,False,0.0,0.0,0.0,0.0,1,0.5,0.5
syn:rings,SYN,3,MUL1,4,4,False,0,0.0,0,False,0.0,0.0,0.0,0.0,1,0.5,0.5
syn:quadrants,SYN,3,OPEN,3,4,False,0,0.0,0,False,0.0,0.0,0.0,0.0,6,1.0,1.0
syn:quadrants,SYN,3,OPEN,4,4,False,0,0.0,0,False,0.0,0.0,0.0,0.0,6,1.0,1.0
syn:quadrants,SYN,3,SPB1,1,4,False,0,0.0,0,False,0.0,0.0,0.0,0.0,2,0.3333333333333333,0.6666666666666666
syn:quadrants,SYN,3,SPB1,1,6,False,0,0.0,0,False,0.0,0.0,0.0,0.0,2,0.3333333333333333,0.6666666666666666
syn:quadrants,SYN,3,SPB1,1,8,False,0,0.0,0,False,0.0,0.0,0.0,0.0,2,0.3333333333333333,0.6666666666666666
syn:quadrants,SYN,3,SPB1,2,4,False,0,0.0,0,False,0.0,0.0,0.0,0.0,2,0.3333333333333333,0.6666666666666666
syn:quadrants,SYN,3,SPB1,3,4,False,0,0.0,0,False,0.0,0.0,0.0,0.0,2,0.3333333333333333,0.6666666666666666
syn:quadrants,SYN,3,SPB1,4,4,False,0,0.0,0,False,0.0,0.0,0.0,0.0,2,0.3333333333333333,0.6666666666666666
syn:rings,SYN,3,OPEN,1,4,False,0,0.0,0,False,0.0,0.0,0.0,0.0,1,0.5,0.5
syn:rings,SYN,3,OPEN,1,6,False,0,0.0,0,False,0.0,0.0,0.0,0.0,1,0.16666666666666666,0.3333333333333333
syn:rings,SYN,3,OPEN,1,8,False,0,0.0,0,False,0.0,0.0,0.0,0.0,1,0.16666666666666666,0.3333333333333333
syn:rings,SYN,3,OPEN,2,4,False,0,0.0,0,False,0.0,0.0,0.0,0.0,1,0.5,0.5
syn:rings,SYN,3,OPEN,3,4,False,0,0.0,0,False,0.0,0.0,0.0,0.0,1,0.5,0.5
syn:rings,SYN,3,OPEN,4,4,False,0,0.0,0,False,0.0,0.0,0.0,0.0,1,0.5,0.5
syn:rings,SYN,3,SPB1,1,4,False,0,0.0,0,False,0.0,0.0,0.0,0.0,1,0.5,0.5
syn:rings,SYN,3,SPB1,1,6,False,0,0.0,0,False,0.0,0.0,0.0,0.0,1,0.16666666666666666,0.3333333333333333
syn:rings,SYN,3,SPB1,1,8,False,0,0.0,0,False,0.0,0.0,0.0,0.0,1,0.16666666666666666,0.3333333333333333
syn:rings,SYN,3,SPB1,2,4,False,0,0.0,0,False,0.0,0.0,0.0,0.0,1,0.5,0.5
syn:rings,SYN,3,SPB1,3,4,False,0,0.0,0,False,0.0,0.0,0.0,0.0,1,0.5,0.5
syn:rings,SYN,3,SPB1,4,4,False,0,0.0,0,False,0.0,0.0,0.0,0.0,1,0.5,0.5
syn:rings,SYN,3,SPB2,1,6,False,0,0.0,0,False,0.0,0.0,0.0,0.0,1,0.16666666666666666,0.3333333333333333
syn:rings,SYN,3,SPB2,1,8,False,0,0.0,0,False,0.0,0.0,0.0,0.0,1,0.16666666666666666,0.3333333333333333
syn:rings,SYN,3,SPB3,1,6,False,0,0.0,0,False,0.0,0.0,0.0,0.0,1,0.16666666666666666,0.3333333333333333
syn:rings,SYN,3,SPB3,1,8,False,0,0.0,0,False,0.0,0.0,0.0,0.0,1,0.16666666666666666,0.3333333333333333
syn:rings_alt,SYN,3,BOT2,1,6,False,2,0.3333333333333333,0,False,0.4444444444444444,0.4444444444444444,0.5277777777777778,0.9722222222222222,1,0.16666666666666666,0.3333333333333333
syn:rings_alt,SYN,3,BOT2,1,8,False,2,0.3333333333333333,0,False,0.5,0.5,0.484375,0.984375,0,0.0,0.0
syn:rings_alt,SYN,3,BOT3,1,6,False,2,0.3333333333333333,0,False,0.4444444444444444,0.4444444444444444,0.5277777777777778,0.9722222222222222,1,0.16666666666666666,0.3333333333333333
syn:rings_alt,SYN,3,BOT3,1,8,False,2,0.3333333333333333,0,False,0.5,0.5,0.484375,0.984375,0,0.0,0.0
syn:rings_alt,SYN,3,COR1,1,4,False,0,0.0,0,False,0.0,0.0,0.0,0.0,1,0.5,0.5
syn:rings_alt,SYN,3,COR1,1,6,False,0,0.0,0,False,0.0,0.0,0.0,0.0,1,0.16666666666666666,0.3333333333333333
syn:rings_alt,SYN,3,COR1,1,8,False,0,0.0,0,False,0.0,0.0,0.0,0.0,0,0.0,0.0
syn:rings_alt,SYN,3,COR1,2,4,False,0,0.0,0,False,0.0,0.0,0.0,0.0,1,0.5,0.5
syn:rings,SYN,3,SPL1,1,4,False,0,0.0,0,False,0.0,0.0,0.0,0.0,1,0.5,0.5
syn:rings,SYN,3,SPL1,1,6,False,0,0.0,0,False,0.0,0.0,0.0,0.0,1,0.16666666666666666,0.3333333333333333
syn:rings,SYN,3,SPL1,1,8,False,0,0.0,0,False,0.0,0.0,0.0,0.0,1,0.16666666666666666,0.3333333333333333
syn:rings,SYN,3,SPL1,2,4,False,0,0.0,0,False,0.0,0.0,0.0,0.0,1,0.5,0.5
syn:rings,SYN,3,SPL1,3,4,False,0,0.0,0,False,0.0,0.0,0.0,0.0,1,0.5,0.5
syn:rings,SYN,3,SPL1,4,4,False,0,0.0,0,False,0.0,0.0,0.0,0.0,1,0.5,0.5
syn:rings,SYN,3,SPL2,1,6,False,0,0.0,0,False,0.0,0.0,0.0,0.0,1,0.16666666666666666,0.3333333333333333
syn:rings,SYN,3,SPL2,1,8,False,0,0.0,0,False,0.0,0.0,0.0,0.0,1,0.16666666666666666,0.3333333333333333
syn:rings,SYN,3,SPL3,1,6,False,0,0.0,0,False,0.0,0.0,0.0,0.0,1,0.16666666666666666,0.3333333333333333
syn:rings,SYN,3,SPL3,1,8,False,0,0.0,0,False,0.0,0.0,0.0,0.0,1,0.16666666666666666,0.3333333333333333
syn:rings_alt,SYN,3,BOT1,1,4,False,1,0.5,0,False,0.25,0.25,0.6875,0.9375,1,0.5,0.5
syn:rings_alt,SYN,3,BOT1,1,6,False,2,0.3333333333333333,0,False,0.4444444444444444,0.4444444444444444,0.5277777777777778,0.9722222222222222,1,0.16666666666666666,0.3333333333333333
syn:rings_alt,SYN,3,BOT1,1,8,False,2,0.3333333333333333,0,False,0.5,0.5,0.484375,0.984375,0,0.0,0.0
syn:rings_alt,SYN,3,BOT1,2,4,False,1,0.5,0,False,0.25,0.25,0.734375,0.984375,1,0.5,0.5
syn:rings_alt,SYN,3,BOT1,3,4,False,1,0.5,0,False,0.25,0.25,0.7430555555555556,0.9930555555555556,1,0.5,0.5
syn:rings_alt,SYN,3,BOT1,4,4,False,1,0.5,0,False,0.25,0.25,0.74609375,0.99609375,1,0.5,0.5
syn:rings_alt,SYN,3,MUL4,1,6,False,0,0.0,0,False,0.0,0.0,0.0,0.0,1,0.16666666666666666,0.3333333333333333
syn:rings_alt,SYN,3,MUL4,1,8,False,0,0.0,0,False,0.0,0.0,0.0,0.0,0,0.0,0.0
syn:rings_alt,SYN,3,MUL5,1,6,False,0,0.0,0,False,0.0,0.0,0.0,0.0,1,0.16666666666666666,0.3333333333333333
syn:rings_alt,SYN,3,MUL5,1,8,False,0,0.0,0,False,0.0,0.0,0.0,0.0,0,0.0,0.0
syn:rings_alt,SYN,3,OPEN,1,4,False,0,0.0,0,False,0.0,0.0,0.0,0.0,1,0.5,0.5
syn:rings_alt,SYN,3,OPEN,1,6,False,0,0.0,0,False,0.0,0.0,0.0,0.0,1,0.16666666666666666,0.3333333333333333
syn:rings_alt,SYN,3,OPEN,1,8,False,0,0.0,0,False,0.0,0.0,0.0,0.0,0,0.0,0.0
syn:rings_alt,SYN,3,OPEN,2,4,False,0,0.0,0,False,0.0,0.0,0.0,0.0,1,0.5,0.5
syn:rings_alt,SYN,3,COR1,3,4,False,0,0.0,0,False,0.0,0.0,0.0,0.0,1,0.5,0.5
syn:rings_alt,SYN,3,COR1,4,4,False,0,0.0,0,False,0.0,0.0,0.0,0.0,1,0.5,0.5
syn:rings_alt,SYN,3,COR2,1,6,False,0,0.0,0,False,0.0,0.0,0.0,0.0,1,0.16666666666666666,0.3333333333333333
syn:rings_alt,SYN,3,COR2,1,8,False,0,0.0,0,False,0.0,0.0,0.0,0.0,0,0.0,0.0
syn:rings_alt,SYN,3,COR3,1,6,False,0,0.0,0,False,0.0,0.0,0.0,0.0,1,0.16666666666666666,0.3333333333333333
syn:rings_alt,SYN,3,COR3,1,8,False,0,0.0,0,False,0.0,0.0,0.0,0.0,0,0.0,0.0
syn:rings_alt,SYN,3,MUL1,1,4,False,0,0.0,0,False,0.0,0.0,0.0,0.0,1,0.5,0.5
syn:rings_alt,SYN,3,MUL1,1,6,False,0,0.0,0,False,0.0,0.0,0.0,0.0,1,0.16666666666666666,0.3333333333333333
syn:rings_alt,SYN,3,SPB2,1,6,False,0,0.0,0,False,0.0,0.0,0.0,0.0,1,0.16666666666666666,0.3333333333333333
syn:rings_alt,SYN,3,SPB2,1,8,False,0,0.0,0,False,0.0,0.0,0.0,0.0,0,0.0,0.0
syn:rings_alt,SYN,3,SPB3,1,6,False,0,0.0,0,False,0.0,0.0,0.0,0.0,1,0.16666666666666666,0.3333333333333333
syn:rings_alt,SYN,3,SPB3,1,8,False,0,0.0,0,False,0.0,0.0,0.0,0.0,0,0.0,0.0
syn:rings_alt,SYN,3,SPL1,1,4,False,0,0.0,0,False,0.0,0.0,0.0,0.0,1,0.5,0.5
syn:rings_alt,SYN,3,SPL1,1,6,False,0,0.0,0,False,0.0,0.0,0.0,0.0,1,0.16666666666666666,0.3333333333333333
syn:rings_alt,SYN,3,SPL1,1,8,False,0,0.0,0,False,0.0,0.0,0.0,0.0,0,0.0,0.0
syn:rings_alt,SYN,3,SPL1,2,4,False,0,0.0,0,False,0.0,0.0,0.0,0.0,1,0.5,0.5
syn:rings_alt,SYN,3,MUL1,1,8,False,0,0.0,0,False,0.0,0.0,0.0,0.0,0,0.0,0.0
syn:rings_alt,SYN,3,MUL1,2,4,False,0,0.0,0,False,0.0,0.0,0.0,0.0,1,0.5,0.5
syn:rings_alt,SYN,3,MUL1,3,4,False,0,0.0,0,False,0.0,0.0,0.0,0.0,1,0.5,0.5
syn:rings_alt,SYN,3,MUL1,4,4,False,0,0.0,0,False,0.0,0.0,0.0,0.0,1,0.5,0.5
syn:rings_alt,SYN,3,MUL2,1,6,False,0,0.0,0,False,0.0,0.0,0.0,0.0,1,0.16666666666666666,0.3333333333333333
syn:rings_alt,SYN,3,MUL2,1,8,False,0,0.0,0,False,0.0,0.0,0.0,0.0,0,0.0,0.0
syn:rings_alt,SYN,3,MUL3,1,6,False,0,0.0,0,False,0.0,0.0,0.0,0.0,1,0.16666666666666666,0.3333333333333333
syn:rings_alt,SYN,3,MUL3,1,8,False,0,0.0,0,False,0.0,0.0,0.0,0.0,0,0.0,0.0
syn:rows3,SYN,3,BOT1,1,8,False,2,0.3333333333333333,0,False,0.75,0.75,0.234375,0.984375,1,0.16666666666666666,0.3333333333333333
syn:rows3,SYN,3,BOT1,2,4,False,2,0.3333333333333333,0,False,0.75,0.75,0.234375,0.984375,1,0.16666666666666666,0.3333333333333333
syn:rows3,SYN,3,BOT1,3,4,False,2,0.3333333333333333,0,False,0.75,0.75,0.2430555555555555,0.9930555555555556,1,0.16666666666666666,0.3333333333333333
syn:rows3,SYN,3,BOT1,4,4,False,2,0.3333333333333333,0,False,0.75,0.75,0.24609375,0.99609375,1,0.16666666666666666,0.3333333333333333
syn:rows3,SYN,3,BOT2,1,6,False,2,0.3333333333333333,0,False,0.6666666666666666,0.6666666666666666,0.3055555555555556,0.9722222222222222,1,0.16666666666666666,0.3333333333333333
syn:rows3,SYN,3,BOT2,1,8,False,2,0.3333333333333333,0,False,0.625,0.625,0.359375,0.984375,1,0.16666666666666666,0.3333333333333333
syn:rows3,SYN,3,BOT3,1,6,False,2,0.3333333333333333,0,False,0.6666666666666666,0.6666666666666666,0.3055555555555556,0.9722222222222222,1,0.16666666666666666,0.3333333333333333
syn:rows3,SYN,3,BOT3,1,8,False,2,0.3333333333333333,0,False,0.625,0.625,0.359375,0.984375,1,0.16666666666666666,0.3333333333333333
syn:rings_alt,SYN,3,SPL1,3,4,False,0,0.0,0,False,0.0,0.0,0.0,0.0,1,0.5,0.5
syn:rings_alt,SYN,3,SPL1,4,4,False,0,0.0,0,False,0.0,0.0,0.0,0.0,1,0.5,0.5
syn:rings_alt,SYN,3,SPL2,1,6,False,0,0.0,0,False,0.0,0.0,0.0,0.0,1,0.16666666666666666,0.3333333333333333
syn:rings_alt,SYN,3,SPL2,1,8,False,0,0.0,0,False,0.0,0.0,0.0,0.0,0,0.0,0.0
syn:rings_alt,SYN,3,SPL3,1,6,False,0,0.0,0,False,0.0,0.0,0.0,0.0,1,0.16666666666666666,0.3333333333333333
syn:rings_alt,SYN,3,SPL3,1,8,False,0,0.0,0,False,0.0,0.0,0.0,0.0,0,0.0,0.0
syn:rows3,SYN,3,BOT1,1,4,False,2,0.3333333333333333,0,False,0.75,0.75,0.1875,0.9375,1,0.16666666666666666,0.3333333333333333
syn:rows3,SYN,3,BOT1,1,6,False,2,0.3333333333333333,0,False,0.6666666666666666,0.6666666666666666,0.3055555555555556,0.9722222222222222,1,0.16666666666666666,0.3333333333333333
syn:rows3,SYN,3,MUL2,1,6,False,0,0.0,0,False,0.0,0.0,0.0,0.0,6,1.0,1.0
syn:rows3,SYN,3,MUL2,1,8,False,0,0.0,0,False,0.0,0.0,0.0,0.0,6,1.0,1.0
syn:rows3,SYN,3,MUL3,1,6,False,0,0.0,0,False,0.0,0.0,0.0,0.0,6,1.0,1.0
syn:rows3,SYN,3,MUL3,1,8,False,0,0.0,0,False,0.0,0.0,0.0,0.0,6,1.0,1.0
syn:rows3,SYN,3,MUL4,1,6,False,0,0.0,0,False,0.0,0.0,0.0,0.0,4,0.6666666666666666,1.0
syn:rows3,SYN,3,MUL4,1,8,False,0,0.0,0,False,0.0,0.0,0.0,0.0,6,1.0,1.0
syn:rows3,SYN,3,MUL5,1,6,False,0,0.0,0,False,0.0,0.0,0.0,0.0,4,0.6666666666666666,1.0
syn:rows3,SYN,3,MUL5,1,8,False,0,0.0,0,False,0.0,0.0,0.0,0.0,4,0.6666666666666666,1.0
syn:rings_alt,SYN,3,OPEN,3,4,False,0,0.0,0,False,0.0,0.0,0.0,0.0,1,0.5,0.5
syn:rings_alt,SYN,3,OPEN,4,4,False,0,0.0,0,False,0.0,0.0,0.0,0.0,1,0.5,0.5
syn:rings_alt,SYN,3,SPB1,1,4,False,0,0.0,0,False,0.0,0.0,0.0,0.0,1,0.5,0.5
syn:rings_alt,SYN,3,SPB1,1,6,False,0,0.0,0,False,0.0,0.0,0.0,0.0,1,0.16666666666666666,0.3333333333333333
syn:rings_alt,SYN,3,SPB1,1,8,False,0,0.0,0,False,0.0,0.0,0.0,0.0,0,0.0,0.0
syn:rings_alt,SYN,3,SPB1,2,4,False,0,0.0,0,False,0.0,0.0,0.0,0.0,1,0.5,0.5
syn:rings_alt,SYN,3,SPB1,3,4,False,0,0.0,0,False,0.0,0.0,0.0,0.0,1,0.5,0.5
syn:rings_alt,SYN,3,SPB1,4,4,False,0,0.0,0,False,0.0,0.0,0.0,0.0,1,0.5,0.5
syn:rows3,SYN,3,COR1,1,4,False,0,0.0,0,False,0.0,0.0,0.0,0.0,1,0.16666666666666666,0.3333333333333333
syn:rows3,SYN,3,COR1,1,6,False,0,0.0,0,False,0.0,0.0,0.0,0.0,1,0.16666666666666666,0.3333333333333333
syn:rows3,SYN,3,COR1,1,8,False,0,0.0,0,False,0.0,0.0,0.0,0.0,1,0.16666666666666666,0.3333333333333333
syn:rows3,SYN,3,COR1,2,4,False,0,0.0,0,False,0.0,0.0,0.0,0.0,1,0.16666666666666666,0.3333333333333333
syn:rows3,SYN,3,COR1,3,4,False,0,0.0,0,False,0.0,0.0,0.0,0.0,1,0.16666666666666666,0.3333333333333333
syn:rows3,SYN,3,COR1,4,4,False,0,0.0,0,False,0.0,0.0,0.0,0.0,1,0.16666666666666666,0.3333333333333333
syn:rows3,SYN,3,COR2,1,6,False,0,0.0,0,False,0.0,0.0,0.0,0.0,6,1.0,1.0
syn:rows3,SYN,3,COR2,1,8,False,0,0.0,0,False,0.0,0.0,0.0,0.0,6,1.0,1.0
syn:rows3,SYN,3,COR3,1,6,False,0,0.0,0,False,0.0,0.0,0.0,0.0,1,0.16666666666666666,0.3333333333333333
syn:rows3,SYN,3,COR3,1,8,False,0,0.0,0,False,0.0,0.0,0.0,0.0,1,0.16666666666666666,0.3333333333333333
syn:rows3,SYN,3,MUL1,1,4,False,0,0.0,0,False,0.0,0.0,0.0,0.0,6,1.0,1.0
syn:rows3,SYN,3,MUL1,1,6,False,0,0.0,0,False,0.0,0.0,0.0,0.0,6,1.0,1.0
syn:rows3,SYN,3,MUL1,1,8,False,0,0.0,0,False,0.0,0.0,0.0,0.0,6,1.0,1.0
syn:rows3,SYN,3,MUL1,2,4,False,0,0.0,0,False,0.0,0.0,0.0,0.0,6,1.0,1.0
syn:rows3,SYN,3,MUL1,3,4,False,0,0.0,0,False,0.0,0.0,0.0,0.0,6,1.0,1.0
syn:rows3,SYN,3,MUL1,4,4,False,0,0.0,0,False,0.0,0.0,0.0,0.0,6,1.0,1.0
syn:rows3,SYN,3,SPL3,1,6,False,0,0.0,0,False,0.0,0.0,0.0,0.0,4,0.6666666666666666,1.0
syn:rows3,SYN,3,SPL3,1,8,False,0,0.0,0,False,0.0,0.0,0.0,0.0,4,0.6666666666666666,1.0
syn:rows_alt,SYN,3,BOT1,1,6,False,2,0.3333333333333333,0,False,0.6666666666666666,0.6666666666666666,0.3055555555555556,0.9722222222222222,0,0.0,0.0
syn:rows_alt,SYN,3,BOT1,1,8,False,2,0.3333333333333333,0,False,0.625,0.625,0.359375,0.984375,0,0.0,0.0
syn:rows_alt,SYN,3,BOT2,1,6,False,2,0.3333333333333333,0,False,0.6666666666666666,0.6666666666666666,0.3055555555555556,0.9722222222222222,0,0.0,0.0
syn:rows_alt,SYN,3,BOT2,1,8,False,2,0.3333333333333333,0,False,0.625,0.625,0.359375,0.984375,0,0.0,0.0
syn:rows_alt,SYN,3,BOT3,1,6,False,2,0.3333333333333333,0,False,0.6666666666666666,0.6666666666666666,0.3055555555555556,0.9722222222222222,0,0.0,0.0
syn:rows_alt,SYN,3,BOT3,1,8,False,2,0.3333333333333333,0,False,0.75,0.75,0.234375,0.984375,0,0.0,0.0
syn:rows_alt,SYN,3,COR1,1,6,False,0,0.0,0,False,0.0,0.0,0.0,0.0,0,0.0,0.0
syn:rows_alt,SYN,3,COR1,1,8,False,0,0.0,0,False,0.0,0.0,0.0,0.0,0,0.0,0.0
syn:rows_alt,SYN,3,COR2,1,6,False,0,0.0,0,False,0.0,0.0,0.0,0.0,6,1.0,1.0
syn:rows_alt,SYN,3,COR2,1,8,False,0,0.0,0,False,0.0,0.0,0.0,0.0,6,1.0,1.0
syn:rows_alt,SYN,3,COR3,1,6,False,0,0.0,0,False,0.0,0.0,0.0,0.0,0,0.0,0.0
syn:rows_alt,SYN,3,COR3,1,8,False,0,0.0,0,False,0.0,0.0,0.0,0.0,0,0.0,0.0
syn:rows_alt,SYN,3,MUL1,1,6,False,0,0.0,0,False,0.0,0.0,0.0,0.0,2,0.3333333333333333,0.6666666666666666
syn:rows_alt,SYN,3,MUL1,1,8,False,0,0.0,0,False,0.0,0.0,0.0,0.0,0,0.0,0.0
syn:rows3,SYN,3,SPB1,1,8,False,0,0.0,0,False,0.0,0.0,0.0,0.0,4,0.6666666666666666,1.0
syn:rows3,SYN,3,SPB1,2,4,False,0,0.0,0,False,0.0,0.0,0.0,0.0,4,0.6666666666666666,1.0
syn:rows3,SYN,3,SPB1,3,4,False,0,0.0,0,False,0.0,0.0,0.0,0.0,4,0.6666666666666666,1.0
syn:rows3,SYN,3,SPB1,4,4,False,0,0.0,0,False,0.0,0.0,0.0,0.0,4,0.6666666666666666,1.0
syn:rows3,SYN,3,SPB2,1,6,False,0,0.0,0,False,0.0,0.0,0.0,0.0,4,0.6666666666666666,1.0
syn:rows3,SYN,3,SPB2,1,8,False,0,0.0,0,False,0.0,0.0,0.0,0.0,3,0.5,0.6666666666666666
syn:rows3,SYN,3,SPB3,1,6,False,0,0.0,0,False,0.0,0.0,0.0,0.0,1,0.16666666666666666,0.3333333333333333
syn:rows3,SYN,3,SPB3,1,8,False,0,0.0,0,False,0.0,0.0,0.0,0.0,1,0.16666666666666666,0.3333333333333333
syn:rows3,SYN,3,OPEN,1,4,False,0,0.0,0,False,0.0,0.0,0.0,0.0,6,1.0,1.0
syn:rows3,SYN,3,OPEN,1,6,False,0,0.0,0,False,0.0,0.0,0.0,0.0,6,1.0,1.0
syn:rows3,SYN,3,OPEN,1,8,False,0,0.0,0,False,0.0,0.0,0.0,0.0,6,1.0,1.0
syn:rows3,SYN,3,OPEN,2,4,False,0,0.0,0,False,0.0,0.0,0.0,0.0,6,1.0,1.0
syn:rows3,SYN,3,OPEN,3,4,False,0,0.0,0,False,0.0,0.0,0.0,0.0,6,1.0,1.0
syn:rows3,SYN,3,OPEN,4,4,False,0,0.0,0,False,0.0,0.0,0.0,0.0,6,1.0,1.0
syn:rows3,SYN,3,SPB1,1,4,False,0,0.0,0,False,0.0,0.0,0.0,0.0,4,0.6666666666666666,1.0
syn:rows3,SYN,3,SPB1,1,6,False,0,0.0,0,False,0.0,0.0,0.0,0.0,4,0.6666666666666666,1.0
syn:rows_alt,SYN,3,MUL2,1,6,False,0,0.0,0,False,0.0,0.0,0.0,0.0,4,0.6666666666666666,1.0
syn:rows_alt,SYN,3,MUL2,1,8,False,0,0.0,0,False,0.0,0.0,0.0,0.0,2,0.3333333333333333,0.6666666666666666
syn:rows_alt,SYN,3,MUL3,1,6,False,0,0.0,0,False,0.0,0.0,0.0,0.0,6,1.0,1.0
syn:rows_alt,SYN,3,MUL3,1,8,False,0,0.0,0,False,0.0,0.0,0.0,0.0,6,1.0,1.0
syn:rows_alt,SYN,3,MUL4,1,6,False,0,0.0,0,False,0.0,0.0,0.0,0.0,2,0.3333333333333333,0.6666666666666666
syn:rows_alt,SYN,3,MUL4,1,8,False,0,0.0,0,False,0.0,0.0,0.0,0.0,1,0.16666666666666666,0.3333333333333333
syn:rows_alt,SYN,3,MUL5,1,6,False,0,0.0,0,False,0.0,0.0,0.0,0.0,0,0.0,0.0
syn:rows_alt,SYN,3,MUL5,1,8,False,0,0.0,0,False,0.0,0.0,0.0,0.0,0,0.0,0.0
syn:rows_alt,SYN,3,OPEN,1,6,False,0,0.0,0,False,0.0,0.0,0.0,0.0,6,1.0,1.0
syn:rows_alt,SYN,3,OPEN,1,8,False,0,0.0,0,False,0.0,0.0,0.0,0.0,6,1.0,1.0
syn:rows_alt,SYN,3,SPB1,1,6,False,0,0.0,0,False,0.0,0.0,0.0,0.0,0,0.0,0.0
syn:rows_alt,SYN,3,SPB1,1,8,False,0,0.0,0,False,0.0,0.0,0.0,0.0,0,0.0,0.0
syn:rows_alt,SYN,3,SPB2,1,6,False,0,0.0,0,False,0.0,0.0,0.0,0.0,2,0.3333333333333333,0.6666666666666666
syn:rows_alt,SYN,3,SPB2,1,8,False,0,0.0,0,False,0.0,0.0,0.0,0.0,0,0.0,0.0
syn:rows_alt,SYN,3,SPB3,1,6,False,0,0.0,0,False,0.0,0.0,0.0,0.0,0,0.0,0.0
syn:rows_alt,SYN,3,SPB3,1,8,False,0,0.0,0,False,0.0,0.0,0.0,0.0,0,0.0,0.0
syn:rows3,SYN,3,SPL1,1,4,False,0,0.0,0,False,0.0,0.0,0.0,0.0,4,0.6666666666666666,1.0
syn:rows3,SYN,3,SPL1,1,6,False,0,0.0,0,False,0.0,0.0,0.0,0.0,4,0.6666666666666666,1.0
syn:rows3,SYN,3,SPL1,1,8,False,0,0.0,0,False,0.0,0.0,0.0,0.0,4,0.6666666666666666,1.0
syn:rows3,SYN,3,SPL1,2,4,False,0,0.0,0,False,0.0,0.0,0.0,0.0,4,0.6666666666666666,1.0
syn:rows3,SYN,3,SPL1,3,4,False,0,0.0,0,False,0.0,0.0,0.0,0.0,4,0.6666666666666666,1.0
syn:rows3,SYN,3,SPL1,4,4,False,0,0.0,0,False,0.0,0.0,0.0,0.0,4,0.6666666666666666,1.0
syn:rows3,SYN,3,SPL2,1,6,False,0,0.0,0,False,0.0,0.0,0.0,0.0,6,1.0,1.0
syn:rows3,SYN,3,SPL2,1,8,False,0,0.0,0,False,0.0,0.0,0.0,0.0,6,1.0,1.0
syn:rows_alt,SYN,3,SPL1,1,6,False,0,0.0,0,False,0.0,0.0,0.0,0.0,0,0.0,0.0
syn:rows_alt,SYN,3,SPL1,1,8,False,0,0.0,0,False,0.0,0.0,0.0,0.0,0,0.0,0.0
syn:rows_alt,SYN,3,SPL2,1,6,False,0,0.0,0,False,0.0,0.0,0.0,0.0,6,1.0,1.0
syn:rows_alt,SYN,3,SPL2,1,8,False,0,0.0,0,False,0.0,0.0,0.0,0.0,6,1.0,1.0
syn:rows_alt,SYN,3,SPL3,1,6,False,0,0.0,0,False,0.0,0.0,0.0,0.0,0,0.0,0.0
syn:rows_alt,SYN,3,SPL3,1,8,False,0,0.0,0,False,0.0,0.0,0.0,0.0,0,0.0,0.0
syn:sandwich,SYN,3,BOT1,1,4,False,1,0.5,0,False,0.25,0.25,0.6875,0.9375,1,0.5,0.5
syn:sandwich,SYN,3,BOT1,1,6,False,1,0.5,0,False,0.3333333333333333,0.3333333333333333,0.6388888888888888,0.9722222222222222,0,0.0,0.0
syn:sandwich,SYN,3,MUL2,1,6,False,0,0.0,0,False,0.0,0.0,0.0,0.0,0,0.0,0.0
syn:sandwich,SYN,3,MUL2,1,8,False,0,0.0,0,False,0.0,0.0,0.0,0.0,0,0.0,0.0
syn:sandwich,SYN,3,MUL3,1,6,False,0,0.0,0,False,0.0,0.0,0.0,0.0,0,0.0,0.0
syn:sandwich,SYN,3,MUL3,1,8,False,0,0.0,0,False,0.0,0.0,0.0,0.0,0,0.0,0.0
syn:sandwich,SYN,3,MUL4,1,6,False,0,0.0,0,False,0.0,0.0,0.0,0.0,0,0.0,0.0
syn:sandwich,SYN,3,MUL4,1,8,False,0,0.0,0,False,0.0,0.0,0.0,0.0,0,0.0,0.0
syn:sandwich,SYN,3,MUL5,1,6,False,0,0.0,0,False,0.0,0.0,0.0,0.0,0,0.0,0.0
syn:sandwich,SYN,3,MUL5,1,8,False,0,0.0,0,False,0.0,0.0,0.0,0.0,0,0.0,0.0
syn:sandwich,SYN,3,BOT1,1,8,False,2,0.3333333333333333,0,False,0.375,0.375,0.609375,0.984375,0,0.0,0.0
syn:sandwich,SYN,3,BOT1,2,4,False,1,0.5,0,False,0.25,0.25,0.734375,0.984375,1,0.5,0.5
syn:sandwich,SYN,3,BOT1,3,4,False,1,0.5,0,False,0.25,0.25,0.7430555555555556,0.9930555555555556,1,0.5,0.5
syn:sandwich,SYN,3,BOT1,4,4,False,1,0.5,0,False,0.25,0.25,0.74609375,0.99609375,1,0.5,0.5
syn:sandwich,SYN,3,BOT2,1,6,False,1,0.5,0,False,0.3333333333333333,0.3333333333333333,0.6388888888888888,0.9722222222222222,0,0.0,0.0
syn:sandwich,SYN,3,BOT2,1,8,False,2,0.3333333333333333,0,False,0.375,0.375,0.609375,0.984375,0,0.0,0.0
syn:sandwich,SYN,3,BOT3,1,6,False,1,0.5,0,False,0.3333333333333333,0.3333333333333333,0.6388888888888888,0.9722222222222222,0,0.0,0.0
syn:sandwich,SYN,3,BOT3,1,8,False,2,0.3333333333333333,0,False,0.375,0.375,0.609375,0.984375,0,0.0,0.0
syn:sandwich,SYN,3,COR1,1,4,False,0,0.0,0,False,0.0,0.0,0.0,0.0,1,0.5,0.5
syn:sandwich,SYN,3,COR1,1,6,False,0,0.0,0,False,0.0,0.0,0.0,0.0,0,0.0,0.0
syn:sandwich,SYN,3,COR1,1,8,False,0,0.0,0,False,0.0,0.0,0.0,0.0,0,0.0,0.0
syn:sandwich,SYN,3,COR1,2,4,False,0,0.0,0,False,0.0,0.0,0.0,0.0,1,0.5,0.5
syn:sandwich,SYN,3,COR1,3,4,False,0,0.0,0,False,0.0,0.0,0.0,0.0,1,0.5,0.5
syn:sandwich,SYN,3,COR1,4,4,False,0,0.0,0,False,0.0,0.0,0.0,0.0,1,0.5,0.5
syn:sandwich,SYN,3,COR2,1,6,False,0,0.0,0,False,0.0,0.0,0.0,0.0,0,0.0,0.0
syn:sandwich,SYN,3,COR2,1,8,False,0,0.0,0,False,0.0,0.0,0.0,0.0,0,0.0,0.0
syn:sandwich,SYN,3,COR3,1,6,False,0,0.0,0,False,0.0,0.0,0.0,0.0,0,0.0,0.0
syn:sandwich,SYN,3,COR3,1,8,False,0,0.0,0,False,0.0,0.0,0.0,0.0,0,0.0,0.0
syn:sandwich,SYN,3,MUL1,1,4,False,0,0.0,0,False,0.0,0.0,0.0,0.0,1,0.5,0.5
syn:sandwich,SYN,3,MUL1,1,6,False,0,0.0,0,False,0.0,0.0,0.0,0.0,0,0.0,0.0
syn:sandwich,SYN,3,MUL1,1,8,False,0,0.0,0,False,0.0,0.0,0.0,0.0,0,0.0,0.0
syn:sandwich,SYN,3,MUL1,2,4,False,0,0.0,0,False,0.0,0.0,0.0,0.0,1,0.5,0.5
syn:sandwich,SYN,3,MUL1,3,4,False,0,0.0,0,False,0.0,0.0,0.0,0.0,1,0.5,0.5
syn:sandwich,SYN,3,MUL1,4,4,False,0,0.0,0,False,0.0,0.0,0.0,0.0,1,0.5,0.5
syn:sandwich,SYN,3,OPEN,1,4,False,0,0.0,0,False,0.0,0.0,0.0,0.0,1,0.5,0.5
syn:sandwich,SYN,3,OPEN,1,6,False,0,0.0,0,False,0.0,0.0,0.0,0.0,0,0.0,0.0
syn:sandwich,SYN,3,OPEN,1,8,False,0,0.0,0,False,0.0,0.0,0.0,0.0,0,0.0,0.0
syn:sandwich,SYN,3,OPEN,2,4,False,0,0.0,0,False,0.0,0.0,0.0,0.0,1,0.5,0.5
syn:sandwich,SYN,3,OPEN,3,4,False,0,0.0,0,False,0.0,0.0,0.0,0.0,1,0.5,0.5
syn:sandwich,SYN,3,OPEN,4,4,False,0,0.0,0,False,0.0,0.0,0.0,0.0,1,0.5,0.5
syn:sandwich,SYN,3,SPB1,1,4,False,0,0.0,0,False,0.0,0.0,0.0,0.0,1,0.5,0.5
syn:sandwich,SYN,3,SPB1,1,6,False,0,0.0,0,False,0.0,0.0,0.0,0.0,0,0.0,0.0
syn:sandwich,SYN,3,SPB1,1,8,False,0,0.0,0,False,0.0,0.0,0.0,0.0,0,0.0,0.0
syn:sandwich,SYN,3,SPB1,2,4,False,0,0.0,0,False,0.0,0.0,0.0,0.0,1,0.5,0.5
syn:sandwich,SYN,3,SPB1,3,4,False,0,0.0,0,False,0.0,0.0,0.0,0.0,1,0.5,0.5
syn:sandwich,SYN,3,SPB1,4,4,False,0,0.0,0,False,0.0,0.0,0.0,0.0,1,0.5,0.5
syn:sandwich,SYN,3,SPB2,1,6,False,0,0.0,0,False,0.0,0.0,0.0,0.0,0,0.0,0.0
syn:sandwich,SYN,3,SPB2,1,8,False,0,0.0,0,False,0.0,0.0,0.0,0.0,0,0.0,0.0
syn:sandwich,SYN,3,SPB3,1,6,False,0,0.0,0,False,0.0,0.0,0.0,0.0,0,0.0,0.0
syn:sandwich,SYN,3,SPB3,1,8,False,0,0.0,0,False,0.0,0.0,0.0,0.0,0,0.0,0.0
syn:tiles2,SYN,3,BOT2,1,6,False,2,0.3333333333333333,0,False,0.6666666666666666,0.6666666666666666,0.3055555555555556,0.9722222222222222,0,0.0,0.0
syn:tiles2,SYN,3,BOT2,1,8,False,2,0.3333333333333333,0,False,0.6875,0.6875,0.296875,0.984375,0,0.0,0.0
syn:tiles2,SYN,3,BOT3,1,6,False,2,0.3333333333333333,0,False,0.6666666666666666,0.6666666666666666,0.3055555555555556,0.9722222222222222,0,0.0,0.0
syn:tiles2,SYN,3,BOT3,1,8,False,2,0.3333333333333333,0,False,0.6875,0.6875,0.296875,0.984375,0,0.0,0.0
syn:tiles2,SYN,3,COR1,1,4,False,0,0.0,0,False,0.0,0.0,0.0,0.0,1,0.16666666666666666,0.3333333333333333
syn:tiles2,SYN,3,COR1,1,6,False,0,0.0,0,False,0.0,0.0,0.0,0.0,0,0.0,0.0
syn:tiles2,SYN,3,COR1,1,8,False,0,0.0,0,False,0.0,0.0,0.0,0.0,0,0.0,0.0
syn:tiles2,SYN,3,COR1,2,4,False,0,0.0,0,False,0.0,0.0,0.0,0.0,1,0.16666666666666666,0.3333333333333333
syn:sandwich,SYN,3,SPL1,1,4,False,0,0.0,0,False,0.0,0.0,0.0,0.0,1,0.5,0.5
syn:sandwich,SYN,3,SPL1,1,6,False,0,0.0,0,False,0.0,0.0,0.0,0.0,0,0.0,0.0
syn:sandwich,SYN,3,SPL1,1,8,False,0,0.0,0,False,0.0,0.0,0.0,0.0,0,0.0,0.0
syn:sandwich,SYN,3,SPL1,2,4,False,0,0.0,0,False,0.0,0.0,0.0,0.0,1,0.5,0.5
syn:sandwich,SYN,3,SPL1,3,4,False,0,0.0,0,False,0.0,0.0,0.0,0.0,1,0.5,0.5
syn:sandwich,SYN,3,SPL1,4,4,False,0,0.0,0,False,0.0,0.0,0.0,0.0,1,0.5,0.5
syn:sandwich,SYN,3,SPL2,1,6,False,0,0.0,0,False,0.0,0.0,0.0,0.0,0,0.0,0.0
syn:sandwich,SYN,3,SPL2,1,8,False,0,0.0,0,False,0.0,0.0,0.0,0.0,0,0.0,0.0
syn:sandwich,SYN,3,SPL3,1,6,False,0,0.0,0,False,0.0,0.0,0.0,0.0,0,0.0,0.0
syn:sandwich,SYN,3,SPL3,1,8,False,0,0.0,0,False,0.0,0.0,0.0,0.0,0,0.0,0.0
syn:tiles2,SYN,3,BOT1,1,4,False,2,0.3333333333333333,0,False,0.75,0.75,0.1875,0.9375,1,0.16666666666666666,0.3333333333333333
syn:tiles2,SYN,3,BOT1,1,6,False,2,0.3333333333333333,0,False,0.6666666666666666,0.6666666666666666,0.3055555555555556,0.9722222222222222,0,0.0,0.0
syn:tiles2,SYN,3,BOT1,1,8,False,2,0.3333333333333333,0,False,0.6875,0.6875,0.296875,0.984375,0,0.0,0.0
syn:tiles2,SYN,3,BOT1,2,4,False,2,0.3333333333333333,0,False,0.75,0.75,0.234375,0.984375,1,0.16666666666666666,0.3333333333333333
syn:tiles2,SYN,3,BOT1,3,4,False,2,0.3333333333333333,0,False,0.75,0.75,0.2430555555555555,0.9930555555555556,1,0.16666666666666666,0.3333333333333333
syn:tiles2,SYN,3,BOT1,4,4,False,2,0.3333333333333333,0,False,0.75,0.75,0.24609375,0.99609375,1,0.16666666666666666,0.3333333333333333
syn:tiles2,SYN,3,MUL4,1,6,False,0,0.0,0,False,0.0,0.0,0.0,0.0,0,0.0,0.0
syn:tiles2,SYN,3,MUL4,1,8,False,0,0.0,0,False,0.0,0.0,0.0,0.0,0,0.0,0.0
syn:tiles2,SYN,3,MUL5,1,6,False,0,0.0,0,False,0.0,0.0,0.0,0.0,0,0.0,0.0
syn:tiles2,SYN,3,MUL5,1,8,False,0,0.0,0,False,0.0,0.0,0.0,0.0,0,0.0,0.0
syn:tiles2,SYN,3,OPEN,1,4,False,0,0.0,0,False,0.0,0.0,0.0,0.0,6,1.0,1.0
syn:tiles2,SYN,3,OPEN,1,6,False,0,0.0,0,False,0.0,0.0,0.0,0.0,4,0.6666666666666666,1.0
syn:tiles2,SYN,3,OPEN,1,8,False,0,0.0,0,False,0.0,0.0,0.0,0.0,0,0.0,0.0
syn:tiles2,SYN,3,OPEN,2,4,False,0,0.0,0,False,0.0,0.0,0.0,0.0,6,1.0,1.0
syn:tiles2,SYN,3,SPB2,1,6,False,0,0.0,0,False,0.0,0.0,0.0,0.0,0,0.0,0.0
syn:tiles2,SYN,3,SPB2,1,8,False,0,0.0,0,False,0.0,0.0,0.0,0.0,0,0.0,0.0
syn:tiles2,SYN,3,SPB3,1,6,False,0,0.0,0,False,0.0,0.0,0.0,0.0,0,0.0,0.0
syn:tiles2,SYN,3,SPB3,1,8,False,0,0.0,0,False,0.0,0.0,0.0,0.0,0,0.0,0.0
syn:tiles2,SYN,3,SPL1,1,4,False,0,0.0,0,False,0.0,0.0,0.0,0.0,6,1.0,1.0
syn:tiles2,SYN,3,SPL1,1,6,False,0,0.0,0,False,0.0,0.0,0.0,0.0,0,0.0,0.0
syn:tiles2,SYN,3,SPL1,1,8,False,0,0.0,0,False,0.0,0.0,0.0,0.0,0,0.0,0.0
syn:tiles2,SYN,3,SPL1,2,4,False,0,0.0,0,False,0.0,0.0,0.0,0.0,6,1.0,1.0
syn:tiles2,SYN,3,COR1,3,4,False,0,0.0,0,False,0.0,0.0,0.0,0.0,1,0.16666666666666666,0.3333333333333333
syn:tiles2,SYN,3,COR1,4,4,False,0,0.0,0,False,0.0,0.0,0.0,0.0,1,0.16666666666666666,0.3333333333333333
syn:tiles2,SYN,3,COR2,1,6,False,0,0.0,0,False,0.0,0.0,0.0,0.0,0,0.0,0.0
syn:tiles2,SYN,3,COR2,1,8,False,0,0.0,0,False,0.0,0.0,0.0,0.0,0,0.0,0.0
syn:tiles2,SYN,3,COR3,1,6,False,0,0.0,0,False,0.0,0.0,0.0,0.0,0,0.0,0.0
syn:tiles2,SYN,3,COR3,1,8,False,0,0.0,0,False,0.0,0.0,0.0,0.0,0,0.0,0.0
syn:tiles2,SYN,3,MUL1,1,4,False,0,0.0,0,False,0.0,0.0,0.0,0.0,3,0.5,0.6666666666666666
syn:tiles2,SYN,3,MUL1,1,6,False,0,0.0,0,False,0.0,0.0,0.0,0.0,0,0.0,0.0
syn:tiles2,SYN,3,MUL1,1,8,False,0,0.0,0,False,0.0,0.0,0.0,0.0,0,0.0,0.0
syn:tiles2,SYN,3,MUL1,2,4,False,0,0.0,0,False,0.0,0.0,0.0,0.0,3,0.5,0.6666666666666666
syn:tiles2,SYN,3,MUL1,3,4,False,0,0.0,0,False,0.0,0.0,0.0,0.0,3,0.5,0.6666666666666666
syn:tiles2,SYN,3,MUL1,4,4,False,0,0.0,0,False,0.0,0.0,0.0,0.0,3,0.5,0.6666666666666666
syn:tiles2,SYN,3,MUL2,1,6,False,0,0.0,0,False,0.0,0.0,0.0,0.0,0,0.0,0.0
syn:tiles2,SYN,3,MUL2,1,8,False,0,0.0,0,False,0.0,0.0,0.0,0.0,0,0.0,0.0
syn:tiles2,SYN,3,MUL3,1,6,False,0,0.0,0,False,0.0,0.0,0.0,0.0,4,0.6666666666666666,1.0
syn:tiles2,SYN,3,MUL3,1,8,False,0,0.0,0,False,0.0,0.0,0.0,0.0,0,0.0,0.0
syn:tiles2,SYN,3,OPEN,3,4,False,0,0.0,0,False,0.0,0.0,0.0,0.0,6,1.0,1.0
syn:tiles2,SYN,3,OPEN,4,4,False,0,0.0,0,False,0.0,0.0,0.0,0.0,6,1.0,1.0
syn:tiles2,SYN,3,SPB1,1,4,False,0,0.0,0,False,0.0,0.0,0.0,0.0,2,0.3333333333333333,0.6666666666666666
syn:tiles2,SYN,3,SPB1,1,6,False,0,0.0,0,False,0.0,0.0,0.0,0.0,0,0.0,0.0
syn:tiles2,SYN,3,SPB1,1,8,False,0,0.0,0,False,0.0,0.0,0.0,0.0,0,0.0,0.0
syn:tiles2,SYN,3,SPB1,2,4,False,0,0.0,0,False,0.0,0.0,0.0,0.0,2,0.3333333333333333,0.6666666666666666
syn:tiles2,SYN,3,SPB1,3,4,False,0,0.0,0,False,0.0,0.0,0.0,0.0,2,0.3333333333333333,0.6666666666666666
syn:tiles2,SYN,3,SPB1,4,4,False,0,0.0,0,False,0.0,0.0,0.0,0.0,2,0.3333333333333333,0.6666666666666666
syn:tiles2,SYN,3,SPL1,3,4,False,0,0.0,0,False,0.0,0.0,0.0,0.0,6,1.0,1.0
syn:tiles2,SYN,3,SPL1,4,4,False,0,0.0,0,False,0.0,0.0,0.0,0.0,6,1.0,1.0
syn:tiles2,SYN,3,SPL2,1,6,False,0,0.0,0,False,0.0,0.0,0.0,0.0,0,0.0,0.0
syn:tiles2,SYN,3,SPL2,1,8,False,0,0.0,0,False,0.0,0.0,0.0,0.0,0,0.0,0.0
syn:tiles2,SYN,3,SPL3,1,6,False,0,0.0,0,False,0.0,0.0,0.0,0.0,0,0.0,0.0
syn:tiles2,SYN,3,SPL3,1,8,False,0,0.0,0,False,0.0,0.0,0.0,0.0,0,0.0,0.0
tree,CM1,3,BOT1,1,0,False,0,0.0,0,False,0.0,0.0,0.0,0.0,4,0.6666666666666666,1.0
tree,CM1,3,BOT1,2,0,False,0,0.0,0,False,0.0,0.0,0.0,0.0,4,0.6666666666666666,1.0
tree,CM1,3,BOT2,1,0,False,0,0.0,0,False,0.0,0.0,0.0,0.0,2,0.3333333333333333,0.6666666666666666
tree,CM1,3,BOT3,1,0,False,2,0.3333333333333333,0,False,0.578125,0.578125,0.40625,0.984375,2,0.3333333333333333,0.6666666666666666
tree,CM1,3,COR1,1,0,False,0,0.0,0,False,0.0,0.0,0.0,0.0,6,1.0,1.0
tree,CM1,3,COR1,2,0,False,0,0.0,0,False,0.0,0.0,0.0,0.0,6,1.0,1.0
tree,CM1,3,COR2,1,0,False,0,0.0,0,False,0.0,0.0,0.0,0.0,6,1.0,1.0
tree,CM1,3,COR3,1,0,False,0,0.0,0,False,0.0,0.0,0.0,0.0,4,0.6666666666666666,1.0
tree,CM1,3,MUL1,1,0,False,0,0.0,0,False,0.0,0.0,0.0,0.0,6,1.0,1.0
tree,CM1,3,MUL1,2,0,False,0,0.0,0,False,0.0,0.0,0.0,0.0,6,1.0,1.0
tree,CM1,4,COR1,1,0,False,0,0.0,0,False,0.0,0.0,0.0,0.0,16,0.6666666666666666,1.0
tree,CM1,4,MUL1,1,0,False,0,0.0,0,False,0.0,0.0,0.0,0.0,24,1.0,1.0
tree,CM1,4,MUL4,1,0,False,0,0.0,0,False,0.0,0.0,0.0,0.0,16,0.6666666666666666,1.0
tree,CM1,4,OPEN,1,0,False,0,0.0,0,False,0.0,0.0,0.0,0.0,24,1.0,1.0
tree,CM1,4,SPB1,1,0,False,0,0.0,0,False,0.0,0.0,0.0,0.0,18,0.75,1.0
tree,CM1,4,SPB3,1,0,False,0,0.0,0,False,0.0,0.0,0.0,0.0,16,0.6666666666666666,1.0
tree,CM1,4,SPL1,1,0,False,0,0.0,0,False,0.0,0.0,0.0,0.0,24,1.0,1.0
tree,CM10,3,BOT1,1,0,False,0,0.0,0,False,0.0,0.0,0.0,0.0,1,0.16666666666666666,0.3333333333333333
tree,CM10,3,BOT2,1,0,False,0,0.0,0,False,0.0,0.0,0.0,0.0,0,0.0,0.0
tree,CM10,3,BOT3,1,0,False,2,0.3333333333333333,0,False,0.65625,0.65625,0.328125,0.984375,0,0.0,0.0
tree,CM10,3,COR1,1,0,False,0,0.0,0,False,0.0,0.0,0.0,0.0,1,0.16666666666666666,0.3333333333333333
tree,CM10,3,COR2,1,0,False,0,0.0,0,False,0.0,0.0,0.0,0.0,6,1.0,1.0
tree,CM10,3,COR3,1,0,False,0,0.0,0,False,0.0,0.0,0.0,0.0,0,0.0,0.0
tree,CM10,3,MUL1,1,0,False,0,0.0,0,False,0.0,0.0,0.0,0.0,6,1.0,1.0
tree,CM10,3,MUL2,1,0,False,0,0.0,0,False,0.0,0.0,0.0,0.0,6,1.0,1.0
tree,CM10,3,MUL3,1,0,False,0,0.0,0,False,0.0,0.0,0.0,0.0,6,1.0,1.0
tree,CM1,3,SPB2,1,0,False,0,0.0,0,False,0.0,0.0,0.0,0.0,6,1.0,1.0
tree,CM1,3,SPB3,1,0,False,0,0.0,0,False,0.0,0.0,0.0,0.0,4,0.6666666666666666,1.0
tree,CM1,3,SPL1,1,0,False,0,0.0,0,False,0.0,0.0,0.0,0.0,6,1.0,1.0
tree,CM1,3,SPL1,2,0,False,0,0.0,0,False,0.0,0.0,0.0,0.0,6,1.0,1.0
tree,CM1,3,SPL2,1,0,False,0,0.0,0,False,0.0,0.0,0.0,0.0,6,1.0,1.0
tree,CM1,3,SPL3,1,0,False,0,0.0,0,False,0.0,0.0,0.0,0.0,6,1.0,1.0
tree,CM1,4,BOT1,1,0,False,0,0.0,0,False,0.0,0.0,0.0,0.0,10,0.4166666666666667,1.0
tree,CM1,4,BOT3,1,0,False,3,0.25,0,False,0.671875,0.671875,0.3125,0.984375,6,0.25,0.75
tree,CM1,3,MUL2,1,0,False,0,0.0,0,False,0.0,0.0,0.0,0.0,6,1.0,1.0
tree,CM1,3,MUL3,1,0,False,0,0.0,0,False,0.0,0.0,0.0,0.0,6,1.0,1.0
tree,CM1,3,MUL4,1,0,False,0,0.0,0,False,0.0,0.0,0.0,0.0,6,1.0,1.0
tree,CM1,3,MUL5,1,0,False,0,0.0,0,False,0.0,0.0,0.0,0.0,6,1.0,1.0
tree,CM1,3,OPEN,1,0,False,0,0.0,0,False,0.0,0.0,0.0,0.0,6,1.0,1.0
tree,CM1,3,OPEN,2,0,False,0,0.0,0,False,0.0,0.0,0.0,0.0,6,1.0,1.0
tree,CM1,3,SPB1,1,0,False,0,0.0,0,False,0.0,0.0,0.0,0.0,6,1.0,1.0
tree,CM1,3,SPB1,2,0,False,0,0.0,0,False,0.0,0.0,0.0,0.0,6,1.0,1.0
tree,CM10,3,SPL3,1,0,False,0,0.0,0,False,0.0,0.0,0.0,0.0,6,1.0,1.0
tree,CM10,4,BOT1,1,0,False,0,0.0,0,False,0.0,0.0,0.0,0.0,0,0.0,0.0
tree,CM10,4,BOT3,1,0,False,3,0.25,0,False,0.75,0.75,0.234375,0.984375,0,0.0,0.0
tree,CM10,4,COR1,1,0,False,0,0.0,0,False,0.0,0.0,0.0,0.0,0,0.0,0.0
tree,CM10,4,MUL1,1,0,False,0,0.0,0,False,0.0,0.0,0.0,0.0,6,0.25,0.75
tree,CM10,4,MUL4,1,0,False,0,0.0,0,False,0.0,0.0,0.0,0.0,0,0.0,0.0
tree,CM10,4,OPEN,1,0,False,0,0.0,0,False,0.0,0.0,0.0,0.0,24,1.0,1.0
tree,CM10,4,SPB1,1,0,False,0,0.0,0,False,0.0,0.0,0.0,0.0,0,0.0,0.0
tree,CM10,3,MUL4,1,0,False,0,0.0,0,False,0.0,0.0,0.0,0.0,3,0.5,0.6666666666666666
tree,CM10,3,MUL5,1,0,False,0,0.0,0,False,0.0,0.0,0.0,0.0,6,1.0,1.0
tree,CM10,3,OPEN,1,0,False,0,0.0,0,False,0.0,0.0,0.0,0.0,6,1.0,1.0
tree,CM10,3,SPB1,1,0,False,0,0.0,0,False,0.0,0.0,0.0,0.0,2,0.3333333333333333,0.6666666666666666
tree,CM10,3,SPB2,1,0,False,0,0.0,0,False,0.0,0.0,0.0,0.0,3,0.5,0.6666666666666666
tree,CM10,3,SPB3,1,0,False,0,0.0,0,False,0.0,0.0,0.0,0.0,0,0.0,0.0
tree,CM10,3,SPL1,1,0,False,0,0.0,0,False,0.0,0.0,0.0,0.0,6,1.0,1.0
tree,CM10,3,SPL2,1,0,False,0,0.0,0,False,0.0,0.0,0.0,0.0,6,1.0,1.0
tree,CM10,4,SPB3,1,0,False,0,0.0,0,False,0.0,0.0,0.0,0.0,0,0.0,0.0
tree,CM10,4,SPL1,1,0,False,0,0.0,0,False,0.0,0.0,0.0,0.0,12,0.5,1.0
tree,CM2,3,BOT1,1,0,False,0,0.0,0,False,0.0,0.0,0.0,0.0,4,0.6666666666666666,1.0
tree,CM2,3,BOT2,1,0,False,0,0.0,0,False,0.0,0.0,0.0,0.0,2,0.3333333333333333,0.6666666666666666
tree,CM2,3,BOT3,1,0,False,2,0.3333333333333333,0,False,0.65625,0.65625,0.328125,0.984375,2,0.3333333333333333,0.6666666666666666
tree,CM2,3,COR1,1,0,False,0,0.0,0,False,0.0,0.0,0.0,0.0,6,1.0,1.0
tree,CM2,3,COR2,1,0,False,0,0.0,0,False,0.0,0.0,0.0,0.0,6,1.0,1.0
tree,CM2,3,COR3,1,0,False,0,0.0,0,False,0.0,0.0,0.0,0.0,4,0.6666666666666666,1.0
tree,CM2,3,MUL1,1,0,False,0,0.0,0,False,0.0,0.0,0.0,0.0,6,1.0,1.0
tree,CM2,3,MUL2,1,0,False,0,0.0,0,False,0.0,0.0,0.0,0.0,6,1.0,1.0
tree,CM2,3,MUL3,1,0,False,0,0.0,0,False,0.0,0.0,0.0,0.0,6,1.0,1.0
tree,CM2,3,MUL4,1,0,False,0,0.0,0,False,0.0,0.0,0.0,0.0,6,1.0,1.0
tree,CM2,3,MUL5,1,0,False,0,0.0,0,False,0.0,0.0,0.0,0.0,6,1.0,1.0
tree,CM2,3,OPEN,1,0,False,0,0.0,0,False,0.0,0.0,0.0,0.0,6,1.0,1.0
tree,CM2,3,SPB1,1,0,False,0,0.0,0,False,0.0,0.0,0.0,0.0,6,1.0,1.0
tree,CM2,3,SPB2,1,0,False,0,0.0,0,False,0.0,0.0,0.0,0.0,6,1.0,1.0
tree,CM2,3,SPB3,1,0,False,0,0.0,0,False,0.0,0.0,0.0,0.0,4,0.6666666666666666,1.0
tree,CM2,3,SPL1,1,0,False,0,0.0,0,False,0.0,0.0,0.0,0.0,6,1.0,1.0
tree,CM2,3,SPL2,1,0,False,0,0.0,0,False,0.0,0.0,0.0,0.0,6,1.0,1.0
tree,CM2,3,SPL3,1,0,False,0,0.0,0,False,0.0,0.0,0.0,0.0,6,1.0,1.0
tree,CM2,4,BOT1,1,0,False,0,0.0,0,False,0.0,0.0,0.0,0.0,10,0.4166666666666667,1.0
tree,CM2,4,BOT3,1,0,False,3,0.25,0,False,0.75,0.75,0.234375,0.984375,6,0.25,0.75
tree,CM2,4,COR1,1,0,False,0,0.0,0,False,0.0,0.0,0.0,0.0,16,0.6666666666666666,1.0
tree,CM2,4,MUL1,1,0,False,0,0.0,0,False,0.0,0.0,0.0,0.0,24,1.0,1.0
tree,CM2,4,MUL4,1,0,False,0,0.0,0,False,0.0,0.0,0.0,0.0,16,0.6666666666666666,1.0
tree,CM2,4,OPEN,1,0,False,0,0.0,0,False,0.0,0.0,0.0,0.0,24,1.0,1.0
tree,CM2,4,SPB1,1,0,False,0,0.0,0,False,0.0,0.0,0.0,0.0,16,0.6666666666666666,1.0
tree,CM2,4,SPB3,1,0,False,0,0.0,0,False,0.0,0.0,0.0,0.0,16,0.6666666666666666,1.0
tree,CM2,4,SPL1,1,0,False,0,0.0,0,False,0.0,0.0,0.0,0.0,24,1.0,1.0
tree,CM3,3,BOT1,1,0,False,0,0.0,0,False,0.0,0.0,0.0,0.0,3,0.5,0.6666666666666666
tree,CM3,3,BOT2,1,0,False,0,0.0,0,False,0.0,0.0,0.0,0.0,2,0.3333333333333333,0.6666666666666666
tree,CM3,3,BOT3,1,0,False,2,0.3333333333333333,0,False,0.25,0.25,0.734375,0.984375,2,0.3333333333333333,0.6666666666666666
tree,CM3,3,COR1,1,0,False,0,0.0,0,False,0.0,0.0,0.0,0.0,3,0.5,0.6666666666666666
tree,CM3,3,COR2,1,0,False,0,0.0,0,False,0.0,0.0,0.0,0.0,3,0.5,0.6666666666666666
tree,CM3,3,COR3,1,0,False,0,0.0,0,False,0.0,0.0,0.0,0.0,2,0.3333333333333333,0.6666666666666666
tree,CM3,3,MUL1,1,0,False,0,0.0,0,False,0.0,0.0,0.0,0.0,3,0.5,0.6666666666666666
tree,CM3,3,MUL2,1,0,False,0,0.0,0,False,0.0,0.0,0.0,0.0,3,0.5,0.6666666666666666
tree,CM3,3,MUL3,1,0,False,0,0.0,0,False,0.0,0.0,0.0,0.0,3,0.5,0.6666666666666666
tree,CM3,3,MUL4,1,0,False,0,0.0,0,False,0.0,0.0,0.0,0.0,3,0.5,0.6666666666666666
tree,CM3,3,MUL5,1,0,False,0,0.0,0,False,0.0,0.0,0.0,0.0,3,0.5,0.6666666666666666
tree,CM3,3,OPEN,1,0,False,0,0.0,0,False,0.0,0.0,0.0,0.0,3,0.5,0.6666666666666666
tree,CM3,3,SPB1,1,0,False,0,0.0,0,False,0.0,0.0,0.0,0.0,3,0.5,0.6666666666666666
tree,CM3,3,SPB2,1,0,False,0,0.0,0,False,0.0,0.0,0.0,0.0,3,0.5,0.6666666666666666
tree,CM3,3,SPB3,1,0,False,0,0.0,0,False,0.0,0.0,0.0,0.0,2,0.3333333333333333,0.6666666666666666
tree,CM3,3,SPL1,1,0,False,0,0.0,0,False,0.0,0.0,0.0,0.0,3,0.5,0.6666666666666666
tree,CM3,3,SPL2,1,0,False,0,0.0,0,False,0.0,0.0,0.0,0.0,3,0.5,0.6666666666666666
tree,CM3,3,SPL3,1,0,False,0,0.0,0,False,0.0,0.0,0.0,0.0,3,0.5,0.6666666666666666
tree,CM3,4,BOT1,1,0,False,0,0.0,0,False,0.0,0.0,0.0,0.0,16,0.6666666666666666,1.0
tree,CM4,3,BOT1,1,0,False,0,0.0,0,False,0.0,0.0,0.0,0.0,4,0.6666666666666666,1.0
tree,CM4,3,BOT2,1,0,False,0,0.0,0,False,0.0,0.0,0.0,0.0,6,1.0,1.0
tree,CM4,3,BOT3,1,0,False,2,0.3333333333333333,0,False,0.59375,0.59375,0.390625,0.984375,2,0.3333333333333333,0.6666666666666666
tree,CM4,3,COR1,1,0,False,0,0.0,0,False,0.0,0.0,0.0,0.0,6,1.0,1.0
tree,CM4,3,COR2,1,0,False,0,0.0,0,False,0.0,0.0,0.0,0.0,4,0.6666666666666666,1.0
tree,CM4,3,COR3,1,0,False,0,0.0,0,False,0.0,0.0,0.0,0.0,2,0.3333333333333333,0.6666666666666666
tree,CM4,3,MUL1,1,0,False,0,0.0,0,False,0.0,0.0,0.0,0.0,6,1.0,1.0
tree,CM4,3,MUL2,1,0,False,0,0.0,0,False,0.0,0.0,0.0,0.0,6,1.0,1.0
tree,CM3,4,BOT3,1,0,False,3,0.25,0,False,0.875,0.875,0.109375,0.984375,6,0.25,0.75
tree,CM3,4,COR1,1,0,False,0,0.0,0,False,0.0,0.0,0.0,0.0,16,0.6666666666666666,1.0
tree,CM3,4,MUL1,1,0,False,0,0.0,0,False,0.0,0.0,0.0,0.0,16,0.6666666666666666,1.0
tree,CM3,4,MUL4,1,0,False,0,0.0,0,False,0.0,0.0,0.0,0.0,16,0.6666666666666666,1.0
tree,CM3,4,OPEN,1,0,False,0,0.0,0,False,0.0,0.0,0.0,0.0,16,0.6666666666666666,1.0
tree,CM3,4,SPB1,1,0,False,0,0.0,0,False,0.0,0.0,0.0,0.0,16,0.6666666666666666,1.0
tree,CM3,4,SPB3,1,0,False,0,0.0,0,False,0.0,0.0,0.0,0.0,12,0.5,1.0
tree,CM3,4,SPL1,1,0,False,0,0.0,0,False,0.0,0.0,0.0,0.0,16,0.6666666666666666,1.0
tree,CM4,3,MUL3,1,0,False,0,0.0,0,False,0.0,0.0,0.0,0.0,6,1.0,1.0
tree,CM4,3,MUL4,1,0,False,0,0.0,0,False,0.0,0.0,0.0,0.0,6,1.0,1.0
tree,CM4,3,MUL5,1,0,False,0,0.0,0,False,0.0,0.0,0.0,0.0,4,0.6666666666666666,1.0
tree,CM4,3,OPEN,1,0,False,0,0.0,0,False,0.0,0.0,0.0,0.0,6,1.0,1.0
tree,CM4,3,SPB1,1,0,False,0,0.0,0,False,0.0,0.0,0.0,0.0,4,0.6666666666666666,1.0
tree,CM4,3,SPB2,1,0,False,0,0.0,0,False,0.0,0.0,0.0,0.0,6,1.0,1.0
tree,CM4,3,SPB3,1,0,False,0,0.0,0,False,0.0,0.0,0.0,0.0,4,0.6666666666666666,1.0
tree,CM4,3,SPL1,1,0,False,0,0.0,0,False,0.0,0.0,0.0,0.0,6,1.0,1.0
tree,CM4,3,SPL2,1,0,False,0,0.0,0,False,0.0,0.0,0.0,0.0,6,1.0,1.0
tree,CM4,3,SPL3,1,0,False,0,0.0,0,False,0.0,0.0,0.0,0.0,6,1.0,1.0
tree,CM4,4,BOT1,1,0,False,0,0.0,0,False,0.0,0.0,0.0,0.0,8,0.3333333333333333,0.75
tree,CM4,4,BOT3,1,0,False,3,0.25,0,False,0.65625,0.65625,0.328125,0.984375,2,0.08333333333333333,0.5
tree,CM4,4,COR1,1,0,False,0,0.0,0,False,0.0,0.0,0.0,0.0,24,1.0,1.0
tree,CM4,4,MUL1,1,0,False,0,0.0,0,False,0.0,0.0,0.0,0.0,24,1.0,1.0
tree,CM4,4,MUL4,1,0,False,0,0.0,0,False,0.0,0.0,0.0,0.0,24,1.0,1.0
tree,CM4,4,OPEN,1,0,False,0,0.0,0,False,0.0,0.0,0.0,0.0,24,1.0,1.0
tree,CM4,4,SPB1,1,0,False,0,0.0,0,False,0.0,0.0,0.0,0.0,16,0.6666666666666666,1.0
tree,CM4,4,SPB3,1,0,False,0,0.0,0,False,0.0,0.0,0.0,0.0,16,0.6666666666666666,1.0
tree,CM4,4,SPL1,1,0,False,0,0.0,0,False,0.0,0.0,0.0,0.0,24,1.0,1.0
tree,CM5,3,BOT1,1,0,False,0,0.0,0,False,0.0,0.0,0.0,0.0,0,0.0,0.0
tree,CM5,3,BOT1,2,0,False,0,0.0,0,False,0.0,0.0,0.0,0.0,0,0.0,0.0
tree,CM5,3,BOT2,1,0,False,0,0.0,0,False,0.0,0.0,0.0,0.0,0,0.0,0.0
tree,CM5,3,BOT3,1,0,False,2,0.3333333333333333,0,False,0.6875,0.6875,0.296875,0.984375,0,0.0,0.0
tree,CM5,3,COR1,1,0,False,0,0.0,0,False,0.0,0.0,0.0,0.0,0,0.0,0.0
tree,CM5,4,OPEN,1,0,False,0,0.0,0,False,0.0,0.0,0.0,0.0,0,0.0,0.0
tree,CM5,4,SPB1,1,0,False,0,0.0,0,False,0.0,0.0,0.0,0.0,0,0.0,0.0
tree,CM5,4,SPB3,1,0,False,0,0.0,0,False,0.0,0.0,0.0,0.0,0,0.0,0.0
tree,CM5,4,SPL1,1,0,False,0,0.0,0,False,0.0,0.0,0.0,0.0,0,0.0,0.0
tree,CM6,3,BOT1,1,0,False,0,0.0,0,False,0.0,0.0,0.0,0.0,4,0.6666666666666666,1.0
tree,CM6,3,BOT2,1,0,False,0,0.0,0,False,0.0,0.0,0.0,0.0,4,0.6666666666666666,1.0
tree,CM6,3,BOT3,1,0,False,2,0.3333333333333333,0,False,0.578125,0.578125,0.40625,0.984375,2,0.3333333333333333,0.6666666666666666
tree,CM6,3,COR1,1,0,False,0,0.0,0,False,0.0,0.0,0.0,0.0,4,0.6666666666666666,1.0
tree,CM5,3,COR1,2,0,False,0,0.0,0,False,0.0,0.0,0.0,0.0,0,0.0,0.0
tree,CM5,3,COR2,1,0,False,0,0.0,0,False,0.0,0.0,0.0,0.0,0,0.0,0.0
tree,CM5,3,COR3,1,0,False,0,0.0,0,False,0.0,0.0,0.0,0.0,0,0.0,0.0
tree,CM5,3,MUL1,1,0,False,0,0.0,0,False,0.0,0.0,0.0,0.0,0,0.0,0.0
tree,CM5,3,MUL1,2,0,False,0,0.0,0,False,0.0,0.0,0.0,0.0,0,0.0,0.0
tree,CM5,3,MUL2,1,0,False,0,0.0,0,False,0.0,0.0,0.0,0.0,0,0.0,0.0
tree,CM5,3,MUL3,1,0,False,0,0.0,0,False,0.0,0.0,0.0,0.0,0,0.0,0.0
tree,CM5,3,MUL4,1,0,False,0,0.0,0,False,0.0,0.0,0.0,0.0,0,0.0,0.0
tree,CM5,3,SPL1,2,0,False,0,0.0,0,False,0.0,0.0,0.0,0.0,0,0.0,0.0
tree,CM5,3,SPL2,1,0,False,0,0.0,0,False,0.0,0.0,0.0,0.0,0,0.0,0.0
tree,CM5,3,SPL3,1,0,False,0,0.0,0,False,0.0,0.0,0.0,0.0,0,0.0,0.0
tree,CM5,4,BOT1,1,0,False,0,0.0,0,False,0.0,0.0,0.0,0.0,0,0.0,0.0
tree,CM5,4,BOT3,1,0,False,3,0.25,0,False,0.75,0.75,0.234375,0.984375,0,0.0,0.0
tree,CM5,4,COR1,1,0,False,0,0.0,0,False,0.0,0.0,0.0,0.0,0,0.0,0.0
tree,CM5,4,MUL1,1,0,False,0,0.0,0,False,0.0,0.0,0.0,0.0,0,0.0,0.0
tree,CM5,4,MUL4,1,0,False,0,0.0,0,False,0.0,0.0,0.0,0.0,0,0.0,0.0
tree,CM5,3,MUL5,1,0,False,0,0.0,0,False,0.0,0.0,0.0,0.0,0,0.0,0.0
tree,CM5,3,OPEN,1,0,False,0,0.0,0,False,0.0,0.0,0.0,0.0,0,0.0,0.0
tree,CM5,3,OPEN,2,0,False,0,0.0,0,False,0.0,0.0,0.0,0.0,0,0.0,0.0
tree,CM5,3,SPB1,1,0,False,0,0.0,0,False,0.0,0.0,0.0,0.0,0,0.0,0.0
tree,CM5,3,SPB1,2,0,False,0,0.0,0,False,0.0,0.0,0.0,0.0,0,0.0,0.0
tree,CM5,3,SPB2,1,0,False,0,0.0,0,False,0.0,0.0,0.0,0.0,0,0.0,0.0
tree,CM5,3,SPB3,1,0,False,0,0.0,0,False,0.0,0.0,0.0,0.0,0,0.0,0.0
tree,CM5,3,SPL1,1,0,False,0,0.0,0,False,0.0,0.0,0.0,0.0,0,0.0,0.0
tree,CM6,3,COR2,1,0,False,0,0.0,0,False,0.0,0.0,0.0,0.0,4,0.6666666666666666,1.0
tree,CM6,3,COR3,1,0,False,0,0.0,0,False,0.0,0.0,0.0,0.0,2,0.3333333333333333,0.6666666666666666
tree,CM6,3,MUL1,1,0,False,0,0.0,0,False,0.0,0.0,0.0,0.0,4,0.6666666666666666,1.0
tree,CM6,3,MUL2,1,0,False,0,0.0,0,False,0.0,0.0,0.0,0.0,6,1.0,1.0
tree,CM6,3,MUL3,1,0,False,0,0.0,0,False,0.0,0.0,0.0,0.0,6,1.0,1.0
tree,CM6,3,MUL4,1,0,False,0,0.0,0,False,0.0,0.0,0.0,0.0,4,0.6666666666666666,1.0
tree,CM6,3,MUL5,1,0,False,0,0.0,0,False,0.0,0.0,0.0,0.0,4,0.6666666666666666,1.0
tree,CM6,3,OPEN,1,0,False,0,0.0,0,False,0.0,0.0,0.0,0.0,6,1.0,1.0
tree,CM6,3,SPB1,1,0,False,0,0.0,0,False,0.0,0.0,0.0,0.0,4,0.6666666666666666,1.0
tree,CM6,3,SPB2,1,0,False,0,0.0,0,False,0.0,0.0,0.0,0.0,4,0.6666666666666666,1.0
tree,CM6,3,SPB3,1,0,False,0,0.0,0,False,0.0,0.0,0.0,0.0,4,0.6666666666666666,1.0
tree,CM6,3,SPL1,1,0,False,0,0.0,0,False,0.0,0.0,0.0,0.0,6,1.0,1.0
tree,CM6,3,SPL2,1,0,False,0,0.0,0,False,0.0,0.0,0.0,0.0,6,1.0,1.0
tree,CM6,3,SPL3,1,0,False,0,0.0,0,False,0.0,0.0,0.0,0.0,4,0.6666666666666666,1.0
tree,CM6,4,BOT1,1,0,False,0,0.0,0,False,0.0,0.0,0.0,0.0,16,0.6666666666666666,1.0
tree,CM6,4,BOT3,1,0,False,3,0.25,0,False,0.578125,0.578125,0.40625,0.984375,6,0.25,0.75
tree,CM6,4,COR1,1,0,False,0,0.0,0,False,0.0,0.0,0.0,0.0,16,0.6666666666666666,1.0
tree,CM6,4,MUL1,1,0,False,0,0.0,0,False,0.0,0.0,0.0,0.0,16,0.6666666666666666,1.0
tree,CM6,4,MUL4,1,0,False,0,0.0,0,False,0.0,0.0,0.0,0.0,16,0.6666666666666666,1.0
tree,CM6,4,OPEN,1,0,False,0,0.0,0,False,0.0,0.0,0.0,0.0,24,1.0,1.0
tree,CM6,4,SPB1,1,0,False,0,0.0,0,False,0.0,0.0,0.0,0.0,10,0.4166666666666667,1.0
tree,CM6,4,SPB3,1,0,False,0,0.0,0,False,0.0,0.0,0.0,0.0,10,0.4166666666666667,1.0
tree,CM6,4,SPL1,1,0,False,0,0.0,0,False,0.0,0.0,0.0,0.0,24,1.0,1.0
tree,CM7,3,BOT1,1,0,False,0,0.0,0,False,0.0,0.0,0.0,0.0,0,0.0,0.0
tree,CM7,4,BOT3,1,0,False,3,0.25,0,False,0.75,0.75,0.234375,0.984375,0,0.0,0.0
tree,CM7,4,COR1,1,0,False,0,0.0,0,False,0.0,0.0,0.0,0.0,0,0.0,0.0
tree,CM7,4,MUL1,1,0,False,0,0.0,0,False,0.0,0.0,0.0,0.0,0,0.0,0.0
tree,CM7,4,MUL4,1,0,False,0,0.0,0,False,0.0,0.0,0.0,0.0,0,0.0,0.0
tree,CM7,4,OPEN,1,0,False,0,0.0,0,False,0.0,0.0,0.0,0.0,0,0.0,0.0
tree,CM7,4,SPB1,1,0,False,0,0.0,0,False,0.0,0.0,0.0,0.0,0,0.0,0.0
tree,CM7,4,SPB3,1,0,False,0,0.0,0,False,0.0,0.0,0.0,0.0,0,0.0,0.0
tree,CM7,4,SPL1,1,0,False,0,0.0,0,False,0.0,0.0,0.0,0.0,0,0.0,0.0
tree,CM7,3,BOT1,2,0,False,0,0.0,0,False,0.0,0.0,0.0,0.0,0,0.0,0.0
tree,CM7,3,BOT2,1,0,False,0,0.0,0,False,0.0,0.0,0.0,0.0,0,0.0,0.0
tree,CM7,3,BOT3,1,0,False,2,0.3333333333333333,0,False,0.65625,0.65625,0.328125,0.984375,0,0.0,0.0
tree,CM7,3,COR1,1,0,False,0,0.0,0,False,0.0,0.0,0.0,0.0,0,0.0,0.0
tree,CM7,3,COR1,2,0,False,0,0.0,0,False,0.0,0.0,0.0,0.0,0,0.0,0.0
tree,CM7,3,COR2,1,0,False,0,0.0,0,False,0.0,0.0,0.0,0.0,0,0.0,0.0
tree,CM7,3,COR3,1,0,False,0,0.0,0,False,0.0,0.0,0.0,0.0,0,0.0,0.0
tree,CM7,3,MUL1,1,0,False,0,0.0,0,False,0.0,0.0,0.0,0.0,0,0.0,0.0
tree,CM7,3,SPB1,2,0,False,0,0.0,0,False,0.0,0.0,0.0,0.0,0,0.0,0.0
tree,CM7,3,SPB2,1,0,False,0,0.0,0,False,0.0,0.0,0.0,0.0,0,0.0,0.0
tree,CM7,3,SPB3,1,0,False,0,0.0,0,False,0.0,0.0,0.0,0.0,0,0.0,0.0
tree,CM7,3,SPL1,1,0,False,0,0.0,0,False,0.0,0.0,0.0,0.0,0,0.0,0.0
tree,CM7,3,SPL1,2,0,False,0,0.0,0,False,0.0,0.0,0.0,0.0,0,0.0,0.0
tree,CM7,3,SPL2,1,0,False,0,0.0,0,False,0.0,0.0,0.0,0.0,0,0.0,0.0
tree,CM7,3,SPL3,1,0,False,0,0.0,0,False,0.0,0.0,0.0,0.0,0,0.0,0.0
tree,CM7,4,BOT1,1,0,False,0,0.0,0,False,0.0,0.0,0.0,0.0,0,0.0,0.0
tree,CM7,3,MUL1,2,0,False,0,0.0,0,False,0.0,0.0,0.0,0.0,0,0.0,0.0
tree,CM7,3,MUL2,1,0,False,0,0.0,0,False,0.0,0.0,0.0,0.0,0,0.0,0.0
tree,CM7,3,MUL3,1,0,False,0,0.0,0,False,0.0,0.0,0.0,0.0,0,0.0,0.0
tree,CM7,3,MUL4,1,0,False,0,0.0,0,False,0.0,0.0,0.0,0.0,0,0.0,0.0
tree,CM7,3,MUL5,1,0,False,0,0.0,0,False,0.0,0.0,0.0,0.0,0,0.0,0.0
tree,CM7,3,OPEN,1,0,False,0,0.0,0,False,0.0,0.0,0.0,0.0,0,0.0,0.0
tree,CM7,3,OPEN,2,0,False,0,0.0,0,False,0.0,0.0,0.0,0.0,0,0.0,0.0
tree,CM7,3,SPB1,1,0,False,0,0.0,0,False,0.0,0.0,0.0,0.0,0,0.0,0.0
tree,CM8,4,BOT1,1,0,False,0,0.0,0,False,0.0,0.0,0.0,0.0,6,0.25,0.75
tree,CM8,4,BOT3,1,0,False,3,0.25,0,False,0.75,0.75,0.234375,0.984375,2,0.08333333333333333,0.5
tree,CM8,4,COR1,1,0,False,0,0.0,0,False,0.0,0.0,0.0,0.0,6,0.25,0.75
tree,CM8,4,MUL1,1,0,False,0,0.0,0,False,0.0,0.0,0.0,0.0,6,0.25,0.75
tree,CM8,4,MUL4,1,0,False,0,0.0,0,False,0.0,0.0,0.0,0.0,6,0.25,0.75
tree,CM8,4,OPEN,1,0,False,0,0.0,0,False,0.0,0.0,0.0,0.0,6,0.25,0.75
tree,CM8,4,SPB1,1,0,False,0,0.0,0,False,0.0,0.0,0.0,0.0,6,0.25,0.75
tree,CM8,4,SPB3,1,0,False,0,0.0,0,False,0.0,0.0,0.0,0.0,2,0.08333333333333333,0.5
tree,CM8,3,BOT1,1,0,False,0,0.0,0,False,0.0,0.0,0.0,0.0,1,0.16666666666666666,0.3333333333333333
tree,CM8,3,BOT1,2,0,False,0,0.0,0,False,0.0,0.0,0.0,0.0,1,0.16666666666666666,0.3333333333333333
tree,CM8,3,BOT2,1,0,False,0,0.0,0,False,0.0,0.0,0.0,0.0,1,0.16666666666666666,0.3333333333333333
tree,CM8,3,BOT3,1,0,False,2,0.3333333333333333,0,False,0.65625,0.65625,0.328125,0.984375,1,0.16666666666666666,0.3333333333333333
tree,CM8,3,COR1,1,0,False,0,0.0,0,False,0.0,0.0,0.0,0.0,1,0.16666666666666666,0.3333333333333333
tree,CM8,3,COR1,2,0,False,0,0.0,0,False,0.0,0.0,0.0,0.0,1,0.16666666666666666,0.3333333333333333
tree,CM8,3,COR2,1,0,False,0,0.0,0,False,0.0,0.0,0.0,0.0,1,0.16666666666666666,0.3333333333333333
tree,CM8,3,COR3,1,0,False,0,0.0,0,False,0.0,0.0,0.0,0.0,1,0.16666666666666666,0.3333333333333333
tree,CM8,4,SPL1,1,0,False,0,0.0,0,False,0.0,0.0,0.0,0.0,6,0.25,0.75
tree,CM9,3,BOT1,1,0,False,0,0.0,0,False,0.0,0.0,0.0,0.0,3,0.5,0.6666666666666666
tree,CM9,3,BOT2,1,0,False,0,0.0,0,False,0.0,0.0,0.0,0.0,1,0.16666666666666666,0.3333333333333333
tree,CM9,3,BOT3,1,0,False,2,0.3333333333333333,0,False,0.65625,0.65625,0.328125,0.984375,1,0.16666666666666666,0.3333333333333333
tree,CM9,3,COR1,1,0,False,0,0.0,0,False,0.0,0.0,0.0,0.0,3,0.5,0.6666666666666666
tree,CM9,3,COR2,1,0,False,0,0.0,0,False,0.0,0.0,0.0,0.0,6,1.0,1.0
tree,CM9,3,COR3,1,0,False,0,0.0,0,False,0.0,0.0,0.0,0.0,1,0.16666666666666666,0.3333333333333333
tree,CM9,3,MUL1,1,0,False,0,0.0,0,False,0.0,0.0,0.0,0.0,6,1.0,1.0
tree,CM9,3,MUL2,1,0,False,0,0.0,0,False,0.0,0.0,0.0,0.0,6,1.0,1.0
tree,CM9,3,MUL3,1,0,False,0,0.0,0,False,0.0,0.0,0.0,0.0,6,1.0,1.0
tree,CM9,3,MUL4,1,0,False,0,0.0,0,False,0.0,0.0,0.0,0.0,6,1.0,1.0
tree,CM9,3,MUL5,1,0,False,0,0.0,0,False,0.0,0.0,0.0,0.0,6,1.0,1.0
tree,CM9,3,OPEN,1,0,False,0,0.0,0,False,0.0,0.0,0.0,0.0,6,1.0,1.0
tree,CM9,3,SPB1,1,0,False,0,0.0,0,False,0.0,0.0,0.0,0.0,4,0.6666666666666666,1.0
tree,CM9,3,SPB2,1,0,False,0,0.0,0,False,0.0,0.0,0.0,0.0,6,1.0,1.0
tree,CM9,3,SPB3,1,0,False,0,0.0,0,False,0.0,0.0,0.0,0.0,1,0.16666666666666666,0.3333333333333333
tree,CM9,3,SPL1,1,0,False,0,0.0,0,False,0.0,0.0,0.0,0.0,6,1.0,1.0
tree,CM9,3,SPL2,1,0,False,0,0.0,0,False,0.0,0.0,0.0,0.0,6,1.0,1.0
tree,CM9,3,SPL3,1,0,False,0,0.0,0,False,0.0,0.0,0.0,0.0,6,1.0,1.0
tree,CM9,4,BOT1,1,0,False,0,0.0,0,False,0.0,0.0,0.0,0.0,12,0.5,0.75
tree,CM9,4,BOT3,1,0,False,3,0.25,0,False,0.75,0.75,0.234375,0.984375,2,0.08333333333333333,0.5
tree,CM9,4,COR1,1,0,False,0,0.0,0,False,0.0,0.0,0.0,0.0,12,0.5,0.75
tree,CM9,4,MUL1,1,0,False,0,0.0,0,False,0.0,0.0,0.0,0.0,24,1.0,1.0
tree,CM9,4,MUL4,1,0,False,0,0.0,0,False,0.0,0.0,0.0,0.0,24,1.0,1.0
tree,CM8,3,SPB1,1,0,False,0,0.0,0,False,0.0,0.0,0.0,0.0,1,0.16666666666666666,0.3333333333333333
tree,CM8,3,SPB1,2,0,False,0,0.0,0,False,0.0,0.0,0.0,0.0,1,0.16666666666666666,0.3333333333333333
tree,CM8,3,SPB2,1,0,False,0,0.0,0,False,0.0,0.0,0.0,0.0,1,0.16666666666666666,0.3333333333333333
tree,CM8,3,SPB3,1,0,False,0,0.0,0,False,0.0,0.0,0.0,0.0,1,0.16666666666666666,0.3333333333333333
tree,CM8,3,SPL1,1,0,False,0,0.0,0,False,0.0,0.0,0.0,0.0,1,0.16666666666666666,0.3333333333333333
tree,CM8,3,SPL1,2,0,False,0,0.0,0,False,0.0,0.0,0.0,0.0,1,0.16666666666666666,0.3333333333333333
tree,CM8,3,SPL2,1,0,False,0,0.0,0,False,0.0,0.0,0.0,0.0,1,0.16666666666666666,0.3333333333333333
tree,CM8,3,SPL3,1,0,False,0,0.0,0,False,0.0,0.0,0.0,0.0,1,0.16666666666666666,0.3333333333333333
tree,CM9,4,OPEN,1,0,False,0,0.0,0,False,0.0,0.0,0.0,0.0,24,1.0,1.0
tree,CM9,4,SPB1,1,0,False,0,0.0,0,False,0.0,0.0,0.0,0.0,10,0.4166666666666667,1.0
tree,CM9,4,SPB3,1,0,False,0,0.0,0,False,0.0,0.0,0.0,0.0,8,0.3333333333333333,0.75
tree,CM9,4,SPL1,1,0,False,0,0.0,0,False,0.0,0.0,0.0,0.0,24,1.0,1.0
tree,CM8,3,MUL1,1,0,False,0,0.0,0,False,0.0,0.0,0.0,0.0,1,0.16666666666666666,0.3333333333333333
tree,CM8,3,MUL1,2,0,False,0,0.0,0,False,0.0,0.0,0.0,0.0,1,0.16666666666666666,0.3333333333333333
tree,CM8,3,MUL2,1,0,False,0,0.0,0,False,0.0,0.0,0.0,0.0,1,0.16666666666666666,0.3333333333333333
tree,CM8,3,MUL3,1,0,False,0,0.0,0,False,0.0,0.0,0.0,0.0,1,0.16666666666666666,0.3333333333333333
tree,CM8,3,MUL4,1,0,False,0,0.0,0,False,0.0,0.0,0.0,0.0,1,0.16666666666666666,0.3333333333333333
tree,CM8,3,MUL5,1,0,False,0,0.0,0,False,0.0,0.0,0.0,0.0,1,0.16666666666666666,0.3333333333333333
tree,CM8,3,OPEN,1,0,False,0,0.0,0,False,0.0,0.0,0.0,0.0,1,0.16666666666666666,0.3333333333333333
tree,CM8,3,OPEN,2,0,False,0,0.0,0,False,0.0,0.0,0.0,0.0,1,0.16666666666666666,0.3333333333333333
